BehaviorSpace results (NetLogo 6.4.0),Spreadsheet version 2.0,,,,,,,,,,,,,,,,,,,,,,,,,,,,,,,,,,,,,,,,,,,,,,,,,
landslide.nlogo,,,,,,,,,,,,,,,,,,,,,,,,,,,,,,,,,,,,,,,,,,,,,,,,,,
experiment,,,,,,,,,,,,,,,,,,,,,,,,,,,,,,,,,,,,,,,,,,,,,,,,,,
08/01/2025 11:22:44:779 +0800,,,,,,,,,,,,,,,,,,,,,,,,,,,,,,,,,,,,,,,,,,,,,,,,,,
min-pxcor,max-pxcor,min-pycor,max-pycor,,,,,,,,,,,,,,,,,,,,,,,,,,,,,,,,,,,,,,,,,,,,,,,
-16,16,-16,16,,,,,,,,,,,,,,,,,,,,,,,,,,,,,,,,,,,,,,,,,,,,,,,
[run number],1,1,1,1,1,2,2,2,2,2,3,3,3,3,3,4,4,4,4,4,5,5,5,5,5,6,6,6,6,6,7,7,7,7,7,8,8,8,8,8,9,9,9,9,9,10,10,10,10,10
landslide-threshold,-2.5,,,,,-2.5,,,,,-2.5,,,,,-2.5,,,,,-2.5,,,,,-2.5,,,,,-2.5,,,,,-2.5,,,,,-2.5,,,,,-2.5,,,,
rainfall-rate,0.15,,,,,0.15,,,,,0.15,,,,,0.15,,,,,0.15,,,,,0.15,,,,,0.15,,,,,0.15,,,,,0.15,,,,,0.15,,,,
sediment-flow-rate,0.3,,,,,0.3,,,,,0.3,,,,,0.3,,,,,0.3,,,,,0.3,,,,,0.3,,,,,0.3,,,,,0.3,,,,,0.3,,,,
number-of-trees,118,,,,,118,,,,,118,,,,,118,,,,,118,,,,,118,,,,,118,,,,,118,,,,,118,,,,,118,,,,
[reporter],[step],total-rainfall,total-landslides,total-sediment,total-trees,[step],total-rainfall,total-landslides,total-sediment,total-trees,[step],total-rainfall,total-landslides,total-sediment,total-trees,[step],total-rainfall,total-landslides,total-sediment,total-trees,[step],total-rainfall,total-landslides,total-sediment,total-trees,[step],total-rainfall,total-landslides,total-sediment,total-trees,[step],total-rainfall,total-landslides,total-sediment,total-trees,[step],total-rainfall,total-landslides,total-sediment,total-trees,[step],total-rainfall,total-landslides,total-sediment,total-trees,[step],total-rainfall,total-landslides,total-sediment,total-trees
[final],1000,265,1082,5410,3,1000,265,1082,5410,4,1000,265,1081,5405,5,1000,265,1080,5400,6,1000,265,1088,5440,0,1000,265,1079,5395,7,1000,265,1080,5400,4,1000,265,1084,5420,2,1000,265,1081,5405,6,1000,265,1080,5400,3
[min],0,115,0,0,3,0,115,0,0,4,0,115,0,0,5,0,115,0,0,6,0,115,0,0,0,0,115,0,0,7,0,115,0,0,4,0,115,0,0,2,0,115,0,0,6,0,115,0,0,3
[max],1000,265,1082,5410,118,1000,265,1082,5410,118,1000,265,1081,5405,118,1000,265,1080,5400,118,1000,265,1088,5440,118,1000,265,1079,5395,118,1000,265,1080,5400,118,1000,265,1084,5420,118,1000,265,1081,5405,118,1000,265,1080,5400,118
[mean],500,190,944.3126873,4721.563437,41.64635365,500,190,941.010989,4705.054945,42.19280719,500,190,942.5794206,4712.897103,41.10589411,500,190,941.1468531,4705.734266,40.93406593,500,190,943.998002,4719.99001,38.95304695,500,190,942.2387612,4711.193806,42.12687313,500,190,942.96004,4714.8002,40.02497502,500,190,943.5434565,4717.717283,39.24375624,500,190,943.9320679,4719.66034,42.76223776,500,190,941.5884116,4707.942058,39.55544456
[total steps],1000,1000,1000,1000,1000,1000,1000,1000,1000,1000,1000,1000,1000,1000,1000,1000,1000,1000,1000,1000,1000,1000,1000,1000,1000,1000,1000,1000,1000,1000,1000,1000,1000,1000,1000,1000,1000,1000,1000,1000,1000,1000,1000,1000,1000,1000,1000,1000,1000,1000
,,,,,,,,,,,,,,,,,,,,,,,,,,,,,,,,,,,,,,,,,,,,,,,,,,
[all run data],[step],total-rainfall,total-landslides,total-sediment,total-trees,[step],total-rainfall,total-landslides,total-sediment,total-trees,[step],total-rainfall,total-landslides,total-sediment,total-trees,[step],total-rainfall,total-landslides,total-sediment,total-trees,[step],total-rainfall,total-landslides,total-sediment,total-trees,[step],total-rainfall,total-landslides,total-sediment,total-trees,[step],total-rainfall,total-landslides,total-sediment,total-trees,[step],total-rainfall,total-landslides,total-sediment,total-trees,[step],total-rainfall,total-landslides,total-sediment,total-trees,[step],total-rainfall,total-landslides,total-sediment,total-trees
,0,115,0,0,118,0,115,0,0,118,0,115,0,0,118,0,115,0,0,118,0,115,0,0,118,0,115,0,0,118,0,115,0,0,118,0,115,0,0,118,0,115,0,0,118,0,115,0,0,118
,1,115.15,0,0,118,1,115.15,0,0,118,1,115.15,0,0,118,1,115.15,0,0,118,1,115.15,0,0,118,1,115.15,0,0,118,1,115.15,0,0,118,1,115.15,0,0,118,1,115.15,0,0,118,1,115.15,0,0,118
,2,115.3,0,0,118,2,115.3,0,0,118,2,115.3,0,0,118,2,115.3,0,0,118,2,115.3,0,0,118,2,115.3,0,0,118,2,115.3,0,0,118,2,115.3,0,0,118,2,115.3,0,0,118,2,115.3,0,0,118
,3,115.45,0,0,118,3,115.45,0,0,118,3,115.45,0,0,118,3,115.45,0,0,118,3,115.45,0,0,118,3,115.45,0,0,118,3,115.45,0,0,118,3,115.45,0,0,118,3,115.45,0,0,118,3,115.45,0,0,118
,4,115.6,0,0,118,4,115.6,0,0,118,4,115.6,0,0,118,4,115.6,0,0,118,4,115.6,0,0,118,4,115.6,0,0,118,4,115.6,0,0,118,4,115.6,0,0,118,4,115.6,0,0,118,4,115.6,0,0,118
,5,115.75,0,0,118,5,115.75,0,0,118,5,115.75,0,0,118,5,115.75,0,0,118,5,115.75,0,0,118,5,115.75,0,0,118,5,115.75,0,0,118,5,115.75,0,0,118,5,115.75,0,0,118,5,115.75,0,0,118
,6,115.9,0,0,118,6,115.9,0,0,118,6,115.9,0,0,118,6,115.9,0,0,118,6,115.9,0,0,118,6,115.9,0,0,118,6,115.9,0,0,118,6,115.9,0,0,118,6,115.9,0,0,118,6,115.9,0,0,118
,7,116.05,0,0,118,7,116.05,0,0,118,7,116.05,0,0,118,7,116.05,0,0,118,7,116.05,0,0,118,7,116.05,0,0,118,7,116.05,0,0,118,7,116.05,0,0,118,7,116.05,0,0,118,7,116.05,0,0,118
,8,116.2,0,0,118,8,116.2,0,0,118,8,116.2,0,0,118,8,116.2,0,0,118,8,116.2,0,0,118,8,116.2,0,0,118,8,116.2,0,0,118,8,116.2,0,0,118,8,116.2,0,0,118,8,116.2,0,0,118
,9,116.35,0,0,118,9,116.35,0,0,118,9,116.35,0,0,118,9,116.35,0,0,118,9,116.35,0,0,118,9,116.35,0,0,118,9,116.35,0,0,118,9,116.35,0,0,118,9,116.35,0,0,118,9,116.35,0,0,118
,10,116.5,0,0,118,10,116.5,0,0,118,10,116.5,0,0,118,10,116.5,0,0,118,10,116.5,0,0,118,10,116.5,0,0,118,10,116.5,0,0,118,10,116.5,0,0,118,10,116.5,0,0,118,10,116.5,0,0,118
,11,116.65,0,0,118,11,116.65,0,0,118,11,116.65,0,0,118,11,116.65,0,0,118,11,116.65,0,0,118,11,116.65,0,0,118,11,116.65,0,0,118,11,116.65,0,0,118,11,116.65,0,0,118,11,116.65,0,0,118
,12,116.8,0,0,118,12,116.8,0,0,118,12,116.8,0,0,118,12,116.8,0,0,118,12,116.8,0,0,118,12,116.8,0,0,118,12,116.8,0,0,118,12,116.8,0,0,118,12,116.8,0,0,118,12,116.8,0,0,118
,13,116.95,0,0,118,13,116.95,0,0,118,13,116.95,0,0,118,13,116.95,0,0,118,13,116.95,0,0,118,13,116.95,0,0,118,13,116.95,0,0,118,13,116.95,0,0,118,13,116.95,0,0,118,13,116.95,0,0,118
,14,117.1,0,0,118,14,117.1,0,0,118,14,117.1,0,0,118,14,117.1,0,0,118,14,117.1,0,0,118,14,117.1,0,0,118,14,117.1,0,0,118,14,117.1,0,0,118,14,117.1,0,0,118,14,117.1,0,0,118
,15,117.25,0,0,118,15,117.25,0,0,118,15,117.25,0,0,118,15,117.25,0,0,118,15,117.25,0,0,118,15,117.25,0,0,118,15,117.25,0,0,118,15,117.25,0,0,118,15,117.25,0,0,118,15,117.25,0,0,118
,16,117.4,0,0,118,16,117.4,0,0,118,16,117.4,0,0,118,16,117.4,0,0,118,16,117.4,0,0,118,16,117.4,0,0,118,16,117.4,0,0,118,16,117.4,0,0,118,16,117.4,0,0,118,16,117.4,0,0,118
,17,117.55,0,0,118,17,117.55,0,0,118,17,117.55,0,0,118,17,117.55,0,0,118,17,117.55,0,0,118,17,117.55,0,0,118,17,117.55,0,0,118,17,117.55,0,0,118,17,117.55,0,0,118,17,117.55,0,0,118
,18,117.7,0,0,118,18,117.7,0,0,118,18,117.7,0,0,118,18,117.7,0,0,118,18,117.7,0,0,118,18,117.7,0,0,118,18,117.7,0,0,118,18,117.7,0,0,118,18,117.7,0,0,118,18,117.7,0,0,118
,19,117.85,0,0,118,19,117.85,0,0,118,19,117.85,0,0,118,19,117.85,0,0,118,19,117.85,0,0,118,19,117.85,0,0,118,19,117.85,0,0,118,19,117.85,0,0,118,19,117.85,0,0,118,19,117.85,0,0,118
,20,118,0,0,118,20,118,0,0,118,20,118,0,0,118,20,118,0,0,118,20,118,0,0,118,20,118,0,0,118,20,118,0,0,118,20,118,0,0,118,20,118,0,0,118,20,118,0,0,118
,21,118.15,0,0,118,21,118.15,0,0,118,21,118.15,0,0,118,21,118.15,0,0,118,21,118.15,0,0,118,21,118.15,0,0,118,21,118.15,0,0,118,21,118.15,0,0,118,21,118.15,0,0,118,21,118.15,0,0,118
,22,118.3,0,0,118,22,118.3,0,0,118,22,118.3,0,0,118,22,118.3,0,0,118,22,118.3,0,0,118,22,118.3,0,0,118,22,118.3,0,0,118,22,118.3,0,0,118,22,118.3,0,0,118,22,118.3,0,0,118
,23,118.45,0,0,118,23,118.45,0,0,118,23,118.45,0,0,118,23,118.45,0,0,118,23,118.45,0,0,118,23,118.45,0,0,118,23,118.45,0,0,118,23,118.45,0,0,118,23,118.45,0,0,118,23,118.45,0,0,118
,24,118.6,0,0,118,24,118.6,0,0,118,24,118.6,0,0,118,24,118.6,0,0,118,24,118.6,0,0,118,24,118.6,0,0,118,24,118.6,0,0,118,24,118.6,0,0,118,24,118.6,0,0,118,24,118.6,0,0,118
,25,118.75,0,0,118,25,118.75,0,0,118,25,118.75,0,0,118,25,118.75,0,0,118,25,118.75,0,0,118,25,118.75,0,0,118,25,118.75,0,0,118,25,118.75,0,0,118,25,118.75,0,0,118,25,118.75,0,0,118
,26,118.9,0,0,118,26,118.9,0,0,118,26,118.9,0,0,118,26,118.9,0,0,118,26,118.9,0,0,118,26,118.9,0,0,118,26,118.9,0,0,118,26,118.9,0,0,118,26,118.9,0,0,118,26,118.9,0,0,118
,27,119.05,0,0,118,27,119.05,0,0,118,27,119.05,0,0,118,27,119.05,0,0,118,27,119.05,0,0,118,27,119.05,0,0,118,27,119.05,0,0,118,27,119.05,0,0,118,27,119.05,0,0,118,27,119.05,0,0,118
,28,119.2,0,0,118,28,119.2,0,0,118,28,119.2,0,0,118,28,119.2,0,0,118,28,119.2,0,0,118,28,119.2,0,0,118,28,119.2,0,0,118,28,119.2,0,0,118,28,119.2,0,0,118,28,119.2,0,0,118
,29,119.35,0,0,118,29,119.35,0,0,118,29,119.35,0,0,118,29,119.35,0,0,118,29,119.35,0,0,118,29,119.35,0,0,118,29,119.35,0,0,118,29,119.35,0,0,118,29,119.35,0,0,118,29,119.35,0,0,118
,30,119.5,0,0,118,30,119.5,0,0,118,30,119.5,0,0,118,30,119.5,0,0,118,30,119.5,0,0,118,30,119.5,0,0,118,30,119.5,0,0,118,30,119.5,0,0,118,30,119.5,0,0,118,30,119.5,0,0,118
,31,119.65,0,0,118,31,119.65,0,0,118,31,119.65,0,0,118,31,119.65,0,0,118,31,119.65,0,0,118,31,119.65,0,0,118,31,119.65,0,0,118,31,119.65,0,0,118,31,119.65,0,0,118,31,119.65,0,0,118
,32,119.8,0,0,118,32,119.8,0,0,118,32,119.8,0,0,118,32,119.8,0,0,118,32,119.8,0,0,118,32,119.8,0,0,118,32,119.8,0,0,118,32,119.8,0,0,118,32,119.8,0,0,118,32,119.8,0,0,118
,33,119.95,0,0,118,33,119.95,0,0,118,33,119.95,0,0,118,33,119.95,0,0,118,33,119.95,0,0,118,33,119.95,0,0,118,33,119.95,0,0,118,33,119.95,0,0,118,33,119.95,0,0,118,33,119.95,0,0,118
,34,120.1,0,0,118,34,120.1,0,0,118,34,120.1,0,0,118,34,120.1,0,0,118,34,120.1,0,0,118,34,120.1,0,0,118,34,120.1,0,0,118,34,120.1,0,0,118,34,120.1,0,0,118,34,120.1,0,0,118
,35,120.25,465,2325,118,35,120.25,464,2320,118,35,120.25,475,2375,118,35,120.25,469,2345,118,35,120.25,452,2260,118,35,120.25,487,2435,118,35,120.25,473,2365,118,35,120.25,458,2290,118,35,120.25,499,2495,118,35,120.25,458,2290,118
,36,120.4,469,2345,118,36,120.4,467,2335,118,36,120.4,480,2400,118,36,120.4,471,2355,118,36,120.4,453,2265,118,36,120.4,489,2445,118,36,120.4,475,2375,118,36,120.4,458,2290,118,36,120.4,500,2500,118,36,120.4,462,2310,118
,37,120.55,471,2355,118,37,120.55,472,2360,118,37,120.55,482,2410,118,37,120.55,474,2370,118,37,120.55,457,2285,118,37,120.55,492,2460,118,37,120.55,477,2385,118,37,120.55,461,2305,118,37,120.55,505,2525,118,37,120.55,466,2330,118
,38,120.7,477,2385,118,38,120.7,475,2375,118,38,120.7,487,2435,118,38,120.7,476,2380,118,38,120.7,461,2305,118,38,120.7,493,2465,118,38,120.7,481,2405,118,38,120.7,466,2330,118,38,120.7,511,2555,118,38,120.7,470,2350,118
,39,120.85,480,2400,118,39,120.85,478,2390,118,39,120.85,489,2445,118,39,120.85,479,2395,118,39,120.85,464,2320,118,39,120.85,494,2470,118,39,120.85,486,2430,118,39,120.85,468,2340,118,39,120.85,515,2575,118,39,120.85,473,2365,118
,40,121,481,2405,118,40,121,480,2400,118,40,121,491,2455,118,40,121,483,2415,118,40,121,466,2330,118,40,121,496,2480,118,40,121,490,2450,118,40,121,472,2360,118,40,121,518,2590,118,40,121,476,2380,118
,41,121.15,483,2415,118,41,121.15,482,2410,118,41,121.15,498,2490,118,41,121.15,485,2425,118,41,121.15,470,2350,118,41,121.15,498,2490,118,41,121.15,494,2470,118,41,121.15,475,2375,118,41,121.15,519,2595,118,41,121.15,481,2405,118
,42,121.3,486,2430,118,42,121.3,485,2425,118,42,121.3,500,2500,118,42,121.3,485,2425,118,42,121.3,473,2365,118,42,121.3,500,2500,118,42,121.3,497,2485,118,42,121.3,476,2380,118,42,121.3,523,2615,118,42,121.3,482,2410,118
,43,121.45,489,2445,118,43,121.45,489,2445,118,43,121.45,503,2515,118,43,121.45,490,2450,118,43,121.45,477,2385,118,43,121.45,501,2505,118,43,121.45,499,2495,118,43,121.45,479,2395,118,43,121.45,524,2620,118,43,121.45,483,2415,118
,44,121.6,492,2460,118,44,121.6,494,2470,118,44,121.6,504,2520,118,44,121.6,492,2460,118,44,121.6,484,2420,118,44,121.6,503,2515,118,44,121.6,505,2525,118,44,121.6,479,2395,118,44,121.6,530,2650,118,44,121.6,487,2435,118
,45,121.75,493,2465,118,45,121.75,497,2485,118,45,121.75,506,2530,118,45,121.75,496,2480,118,45,121.75,488,2440,118,45,121.75,507,2535,118,45,121.75,507,2535,118,45,121.75,481,2405,118,45,121.75,533,2665,118,45,121.75,489,2445,118
,46,121.9,495,2475,118,46,121.9,499,2495,118,46,121.9,510,2550,118,46,121.9,498,2490,117,46,121.9,492,2460,118,46,121.9,509,2545,118,46,121.9,510,2550,118,46,121.9,482,2410,118,46,121.9,533,2665,118,46,121.9,490,2450,118
,47,122.05,499,2495,118,47,122.05,501,2505,118,47,122.05,511,2555,118,47,122.05,503,2515,117,47,122.05,494,2470,118,47,122.05,512,2560,118,47,122.05,515,2575,118,47,122.05,482,2410,118,47,122.05,536,2680,118,47,122.05,496,2480,118
,48,122.2,503,2515,118,48,122.2,504,2520,118,48,122.2,512,2560,118,48,122.2,505,2525,117,48,122.2,495,2475,118,48,122.2,515,2575,118,48,122.2,516,2580,118,48,122.2,484,2420,118,48,122.2,539,2695,118,48,122.2,497,2485,118
,49,122.35,505,2525,118,49,122.35,505,2525,118,49,122.35,513,2565,118,49,122.35,513,2565,116,49,122.35,498,2490,118,49,122.35,515,2575,118,49,122.35,521,2605,118,49,122.35,486,2430,118,49,122.35,542,2710,118,49,122.35,499,2495,118
,50,122.5,508,2540,118,50,122.5,509,2545,118,50,122.5,513,2565,118,50,122.5,518,2590,116,50,122.5,501,2505,118,50,122.5,518,2590,118,50,122.5,523,2615,118,50,122.5,493,2465,117,50,122.5,543,2715,118,50,122.5,501,2505,118
,51,122.65,511,2555,118,51,122.65,511,2555,118,51,122.65,516,2580,118,51,122.65,520,2600,116,51,122.65,506,2530,118,51,122.65,521,2605,118,51,122.65,526,2630,118,51,122.65,496,2480,117,51,122.65,544,2720,118,51,122.65,504,2520,118
,52,122.8,514,2570,118,52,122.8,514,2570,118,52,122.8,519,2595,118,52,122.8,520,2600,116,52,122.8,507,2535,118,52,122.8,525,2625,118,52,122.8,529,2645,118,52,122.8,501,2505,117,52,122.8,546,2730,118,52,122.8,511,2555,118
,53,122.95,515,2575,118,53,122.95,516,2580,118,53,122.95,520,2600,118,53,122.95,523,2615,116,53,122.95,511,2555,118,53,122.95,526,2630,118,53,122.95,530,2650,118,53,122.95,505,2525,117,53,122.95,549,2745,118,53,122.95,514,2570,118
,54,123.1,516,2580,118,54,123.1,519,2595,118,54,123.1,521,2605,118,54,123.1,528,2640,116,54,123.1,515,2575,118,54,123.1,527,2635,118,54,123.1,533,2665,118,54,123.1,509,2545,117,54,123.1,553,2765,117,54,123.1,517,2585,118
,55,123.25,521,2605,118,55,123.25,519,2595,118,55,123.25,523,2615,118,55,123.25,533,2665,116,55,123.25,518,2590,118,55,123.25,528,2640,118,55,123.25,533,2665,118,55,123.25,512,2560,117,55,123.25,556,2780,117,55,123.25,520,2600,118
,56,123.4,523,2615,118,56,123.4,521,2605,118,56,123.4,526,2630,118,56,123.4,535,2675,116,56,123.4,521,2605,118,56,123.4,530,2650,118,56,123.4,534,2670,118,56,123.4,512,2560,117,56,123.4,556,2780,117,56,123.4,523,2615,118
,57,123.55,530,2650,118,57,123.55,522,2610,118,57,123.55,529,2645,118,57,123.55,537,2685,116,57,123.55,524,2620,118,57,123.55,535,2675,118,57,123.55,535,2675,118,57,123.55,514,2570,117,57,123.55,560,2800,117,57,123.55,525,2625,118
,58,123.7,534,2670,118,58,123.7,523,2615,118,58,123.7,534,2670,118,58,123.7,538,2690,116,58,123.7,524,2620,118,58,123.7,539,2695,118,58,123.7,538,2690,118,58,123.7,515,2575,117,58,123.7,562,2810,117,58,123.7,528,2640,118
,59,123.85,534,2670,118,59,123.85,525,2625,118,59,123.85,537,2685,118,59,123.85,541,2705,116,59,123.85,525,2625,118,59,123.85,541,2705,118,59,123.85,541,2705,118,59,123.85,520,2600,117,59,123.85,564,2820,117,59,123.85,530,2650,118
,60,124,537,2685,118,60,124,526,2630,118,60,124,540,2700,118,60,124,542,2710,116,60,124,525,2625,118,60,124,542,2710,118,60,124,541,2705,118,60,124,524,2620,117,60,124,564,2820,117,60,124,530,2650,118
,61,124.15,541,2705,117,61,124.15,528,2640,118,61,124.15,542,2710,118,61,124.15,544,2720,116,61,124.15,528,2640,118,61,124.15,545,2725,118,61,124.15,545,2725,117,61,124.15,524,2620,117,61,124.15,565,2825,117,61,124.15,533,2665,118
,62,124.3,547,2735,117,62,124.3,530,2650,118,62,124.3,544,2720,118,62,124.3,544,2720,116,62,124.3,531,2655,118,62,124.3,547,2735,118,62,124.3,547,2735,117,62,124.3,530,2650,117,62,124.3,567,2835,117,62,124.3,538,2690,118
,63,124.45,549,2745,117,63,124.45,531,2655,118,63,124.45,548,2740,118,63,124.45,547,2735,116,63,124.45,532,2660,118,63,124.45,550,2750,118,63,124.45,548,2740,117,63,124.45,533,2665,116,63,124.45,572,2860,117,63,124.45,540,2700,118
,64,124.6,552,2760,117,64,124.6,535,2675,118,64,124.6,551,2755,118,64,124.6,550,2750,116,64,124.6,534,2670,118,64,124.6,552,2760,117,64,124.6,548,2740,117,64,124.6,534,2670,116,64,124.6,574,2870,117,64,124.6,541,2705,118
,65,124.75,555,2775,117,65,124.75,536,2680,118,65,124.75,554,2770,118,65,124.75,551,2755,116,65,124.75,535,2675,118,65,124.75,553,2765,117,65,124.75,551,2755,117,65,124.75,536,2680,116,65,124.75,576,2880,117,65,124.75,542,2710,118
,66,124.9,557,2785,117,66,124.9,538,2690,118,66,124.9,557,2785,118,66,124.9,554,2770,116,66,124.9,540,2700,118,66,124.9,554,2770,117,66,124.9,555,2775,117,66,124.9,540,2700,116,66,124.9,578,2890,117,66,124.9,543,2715,118
,67,125.05,558,2790,117,67,125.05,539,2695,118,67,125.05,561,2805,118,67,125.05,555,2775,116,67,125.05,543,2715,118,67,125.05,555,2775,117,67,125.05,558,2790,117,67,125.05,542,2710,116,67,125.05,579,2895,117,67,125.05,545,2725,118
,68,125.2,561,2805,117,68,125.2,542,2710,118,68,125.2,563,2815,118,68,125.2,560,2800,116,68,125.2,547,2735,118,68,125.2,559,2795,116,68,125.2,561,2805,117,68,125.2,544,2720,116,68,125.2,579,2895,117,68,125.2,547,2735,118
,69,125.35,564,2820,117,69,125.35,542,2710,118,69,125.35,566,2830,118,69,125.35,562,2810,116,69,125.35,549,2745,118,69,125.35,560,2800,116,69,125.35,563,2815,117,69,125.35,545,2725,116,69,125.35,580,2900,117,69,125.35,548,2740,118
,70,125.5,568,2840,117,70,125.5,546,2730,118,70,125.5,570,2850,118,70,125.5,565,2825,116,70,125.5,549,2745,118,70,125.5,562,2810,116,70,125.5,565,2825,117,70,125.5,546,2730,116,70,125.5,580,2900,117,70,125.5,548,2740,118
,71,125.65,570,2850,117,71,125.65,548,2740,118,71,125.65,570,2850,118,71,125.65,565,2825,116,71,125.65,550,2750,118,71,125.65,566,2830,116,71,125.65,568,2840,117,71,125.65,548,2740,116,71,125.65,581,2905,117,71,125.65,549,2745,117
,72,125.8,575,2875,117,72,125.8,549,2745,118,72,125.8,572,2860,118,72,125.8,565,2825,116,72,125.8,552,2760,118,72,125.8,567,2835,116,72,125.8,571,2855,117,72,125.8,552,2760,116,72,125.8,582,2910,117,72,125.8,550,2750,117
,73,125.95,579,2895,117,73,125.95,550,2750,118,73,125.95,574,2870,118,73,125.95,567,2835,116,73,125.95,555,2775,118,73,125.95,569,2845,116,73,125.95,571,2855,117,73,125.95,556,2780,116,73,125.95,584,2920,117,73,125.95,554,2770,117
,74,126.1,579,2895,117,74,126.1,553,2765,118,74,126.1,577,2885,118,74,126.1,571,2855,116,74,126.1,559,2795,118,74,126.1,572,2860,116,74,126.1,572,2860,117,74,126.1,558,2790,116,74,126.1,585,2925,117,74,126.1,554,2770,117
,75,126.25,580,2900,117,75,126.25,558,2790,118,75,126.25,578,2890,118,75,126.25,571,2855,116,75,126.25,563,2815,118,75,126.25,575,2875,116,75,126.25,573,2865,117,75,126.25,559,2795,116,75,126.25,585,2925,117,75,126.25,554,2770,117
,76,126.4,581,2905,117,76,126.4,561,2805,118,76,126.4,579,2895,118,76,126.4,575,2875,115,76,126.4,566,2830,118,76,126.4,577,2885,116,76,126.4,573,2865,117,76,126.4,562,2810,116,76,126.4,589,2945,117,76,126.4,555,2775,117
,77,126.55,585,2925,117,77,126.55,561,2805,118,77,126.55,582,2910,118,77,126.55,581,2905,115,77,126.55,567,2835,118,77,126.55,577,2885,116,77,126.55,574,2870,117,77,126.55,564,2820,115,77,126.55,589,2945,117,77,126.55,557,2785,117
,78,126.7,587,2935,117,78,126.7,565,2825,118,78,126.7,585,2925,118,78,126.7,584,2920,115,78,126.7,571,2855,118,78,126.7,579,2895,116,78,126.7,575,2875,117,78,126.7,564,2820,115,78,126.7,589,2945,117,78,126.7,560,2800,117
,79,126.85,590,2950,117,79,126.85,568,2840,117,79,126.85,585,2925,118,79,126.85,586,2930,115,79,126.85,572,2860,118,79,126.85,580,2900,116,79,126.85,578,2890,117,79,126.85,564,2820,115,79,126.85,590,2950,117,79,126.85,562,2810,117
,80,127,594,2970,117,80,127,572,2860,117,80,127,586,2930,118,80,127,588,2940,115,80,127,572,2860,118,80,127,583,2915,116,80,127,579,2895,117,80,127,567,2835,115,80,127,592,2960,117,80,127,565,2825,116
,81,127.15,598,2990,117,81,127.15,572,2860,117,81,127.15,588,2940,118,81,127.15,590,2950,114,81,127.15,575,2875,118,81,127.15,584,2920,116,81,127.15,579,2895,117,81,127.15,568,2840,115,81,127.15,595,2975,117,81,127.15,568,2840,116
,82,127.3,599,2995,117,82,127.3,573,2865,117,82,127.3,591,2955,118,82,127.3,591,2955,114,82,127.3,575,2875,118,82,127.3,587,2935,116,82,127.3,582,2910,117,82,127.3,570,2850,115,82,127.3,596,2980,117,82,127.3,569,2845,116
,83,127.45,600,3000,117,83,127.45,575,2875,117,83,127.45,591,2955,118,83,127.45,591,2955,114,83,127.45,578,2890,118,83,127.45,588,2940,116,83,127.45,584,2920,117,83,127.45,574,2870,115,83,127.45,597,2985,117,83,127.45,572,2860,116
,84,127.6,602,3010,117,84,127.6,576,2880,117,84,127.6,595,2975,118,84,127.6,592,2960,114,84,127.6,579,2895,118,84,127.6,589,2945,116,84,127.6,585,2925,117,84,127.6,574,2870,115,84,127.6,599,2995,117,84,127.6,573,2865,116
,85,127.75,603,3015,117,85,127.75,579,2895,117,85,127.75,595,2975,118,85,127.75,592,2960,114,85,127.75,584,2920,118,85,127.75,591,2955,116,85,127.75,585,2925,117,85,127.75,577,2885,115,85,127.75,601,3005,117,85,127.75,575,2875,116
,86,127.9,606,3030,117,86,127.9,579,2895,117,86,127.9,597,2985,118,86,127.9,595,2975,114,86,127.9,589,2945,118,86,127.9,591,2955,116,86,127.9,585,2925,117,86,127.9,577,2885,115,86,127.9,602,3010,117,86,127.9,579,2895,116
,87,128.05,608,3040,117,87,128.05,579,2895,117,87,128.05,599,2995,117,87,128.05,595,2975,114,87,128.05,589,2945,118,87,128.05,594,2970,114,87,128.05,586,2930,117,87,128.05,581,2905,115,87,128.05,603,3015,117,87,128.05,583,2915,116
,88,128.2,609,3045,117,88,128.2,581,2905,117,88,128.2,602,3010,116,88,128.2,597,2985,114,88,128.2,589,2945,118,88,128.2,596,2980,114,88,128.2,587,2935,117,88,128.2,584,2920,115,88,128.2,606,3030,116,88,128.2,583,2915,116
,89,128.35,610,3050,117,89,128.35,582,2910,117,89,128.35,603,3015,116,89,128.35,599,2995,113,89,128.35,589,2945,118,89,128.35,598,2990,114,89,128.35,588,2940,117,89,128.35,585,2925,115,89,128.35,607,3035,116,89,128.35,586,2930,116
,90,128.5,610,3050,117,90,128.5,583,2915,117,90,128.5,606,3030,116,90,128.5,599,2995,113,90,128.5,591,2955,117,90,128.5,599,2995,114,90,128.5,589,2945,117,90,128.5,586,2930,115,90,128.5,607,3035,116,90,128.5,589,2945,116
,91,128.65,611,3055,117,91,128.65,586,2930,117,91,128.65,608,3040,116,91,128.65,600,3000,113,91,128.65,592,2960,117,91,128.65,601,3005,114,91,128.65,591,2955,117,91,128.65,589,2945,115,91,128.65,610,3050,116,91,128.65,591,2955,115
,92,128.8,613,3065,117,92,128.8,587,2935,117,92,128.8,609,3045,116,92,128.8,606,3030,113,92,128.8,593,2965,117,92,128.8,601,3005,114,92,128.8,594,2970,117,92,128.8,590,2950,115,92,128.8,611,3055,116,92,128.8,593,2965,115
,93,128.95,614,3070,117,93,128.95,589,2945,117,93,128.95,609,3045,116,93,128.95,606,3030,113,93,128.95,593,2965,117,93,128.95,602,3010,114,93,128.95,594,2970,117,93,128.95,593,2965,115,93,128.95,614,3070,116,93,128.95,594,2970,115
,94,129.1,614,3070,117,94,129.1,590,2950,116,94,129.1,611,3055,116,94,129.1,609,3045,113,94,129.1,598,2990,117,94,129.1,604,3020,114,94,129.1,597,2985,117,94,129.1,597,2985,115,94,129.1,615,3075,116,94,129.1,594,2970,115
,95,129.25,616,3080,117,95,129.25,592,2960,116,95,129.25,611,3055,116,95,129.25,612,3060,113,95,129.25,600,3000,117,95,129.25,605,3025,114,95,129.25,599,2995,117,95,129.25,600,3000,115,95,129.25,615,3075,116,95,129.25,594,2970,115
,96,129.4,617,3085,117,96,129.4,594,2970,115,96,129.4,612,3060,116,96,129.4,612,3060,113,96,129.4,603,3015,116,96,129.4,606,3030,114,96,129.4,600,3000,117,96,129.4,602,3010,115,96,129.4,620,3100,116,96,129.4,596,2980,115
,97,129.55,619,3095,116,97,129.55,595,2975,115,97,129.55,613,3065,116,97,129.55,615,3075,113,97,129.55,604,3020,116,97,129.55,608,3040,114,97,129.55,605,3025,117,97,129.55,603,3015,115,97,129.55,623,3115,116,97,129.55,598,2990,115
,98,129.7,620,3100,116,98,129.7,597,2985,115,98,129.7,614,3070,116,98,129.7,616,3080,113,98,129.7,605,3025,116,98,129.7,611,3055,113,98,129.7,605,3025,117,98,129.7,604,3020,115,98,129.7,625,3125,116,98,129.7,599,2995,115
,99,129.85,621,3105,116,99,129.85,601,3005,115,99,129.85,615,3075,116,99,129.85,616,3080,113,99,129.85,606,3030,116,99,129.85,615,3075,113,99,129.85,606,3030,116,99,129.85,605,3025,115,99,129.85,626,3130,116,99,129.85,600,3000,115
,100,130,622,3110,116,100,130,604,3020,115,100,130,616,3080,116,100,130,621,3105,113,100,130,609,3045,115,100,130,617,3085,113,100,130,610,3050,116,100,130,608,3040,115,100,130,627,3135,116,100,130,602,3010,115
,101,130.15,624,3120,116,101,130.15,606,3030,115,101,130.15,616,3080,116,101,130.15,622,3110,113,101,130.15,609,3045,115,101,130.15,618,3090,113,101,130.15,612,3060,116,101,130.15,609,3045,115,101,130.15,631,3155,116,101,130.15,603,3015,115
,102,130.3,628,3140,115,102,130.3,609,3045,115,102,130.3,617,3085,116,102,130.3,625,3125,113,102,130.3,609,3045,115,102,130.3,619,3095,113,102,130.3,614,3070,116,102,130.3,611,3055,115,102,130.3,634,3170,116,102,130.3,605,3025,115
,103,130.45,629,3145,115,103,130.45,611,3055,115,103,130.45,617,3085,116,103,130.45,628,3140,113,103,130.45,610,3050,115,103,130.45,621,3105,113,103,130.45,615,3075,116,103,130.45,614,3070,115,103,130.45,639,3195,116,103,130.45,606,3030,115
,104,130.6,631,3155,115,104,130.6,615,3075,115,104,130.6,617,3085,116,104,130.6,631,3155,113,104,130.6,612,3060,115,104,130.6,622,3110,113,104,130.6,618,3090,116,104,130.6,615,3075,115,104,130.6,642,3210,115,104,130.6,607,3035,115
,105,130.75,631,3155,115,105,130.75,618,3090,115,105,130.75,622,3110,116,105,130.75,631,3155,113,105,130.75,616,3080,114,105,130.75,624,3120,113,105,130.75,620,3100,116,105,130.75,619,3095,115,105,130.75,643,3215,115,105,130.75,609,3045,115
,106,130.9,632,3160,115,106,130.9,619,3095,115,106,130.9,623,3115,115,106,130.9,632,3160,113,106,130.9,617,3085,114,106,130.9,625,3125,113,106,130.9,621,3105,116,106,130.9,621,3105,115,106,130.9,644,3220,115,106,130.9,610,3050,115
,107,131.05,634,3170,115,107,131.05,620,3100,114,107,131.05,624,3120,115,107,131.05,632,3160,113,107,131.05,619,3095,114,107,131.05,626,3130,113,107,131.05,622,3110,116,107,131.05,622,3110,115,107,131.05,647,3235,115,107,131.05,610,3050,115
,108,131.2,636,3180,115,108,131.2,621,3105,114,108,131.2,626,3130,115,108,131.2,632,3160,113,108,131.2,620,3100,114,108,131.2,627,3135,113,108,131.2,627,3135,115,108,131.2,626,3130,115,108,131.2,648,3240,115,108,131.2,610,3050,115
,109,131.35,638,3190,115,109,131.35,622,3110,114,109,131.35,630,3150,114,109,131.35,634,3170,113,109,131.35,622,3110,114,109,131.35,628,3140,113,109,131.35,629,3145,115,109,131.35,628,3140,115,109,131.35,649,3245,115,109,131.35,613,3065,115
,110,131.5,639,3195,115,110,131.5,624,3120,114,110,131.5,632,3160,113,110,131.5,635,3175,112,110,131.5,625,3125,114,110,131.5,631,3155,113,110,131.5,630,3150,115,110,131.5,632,3160,115,110,131.5,652,3260,115,110,131.5,615,3075,115
,111,131.65,639,3195,115,111,131.65,626,3130,114,111,131.65,635,3175,112,111,131.65,636,3180,112,111,131.65,628,3140,114,111,131.65,634,3170,113,111,131.65,632,3160,115,111,131.65,635,3175,115,111,131.65,654,3270,115,111,131.65,618,3090,115
,112,131.8,641,3205,115,112,131.8,627,3135,113,112,131.8,638,3190,112,112,131.8,638,3190,112,112,131.8,629,3145,114,112,131.8,636,3180,113,112,131.8,632,3160,115,112,131.8,636,3180,115,112,131.8,654,3270,115,112,131.8,620,3100,115
,113,131.95,642,3210,115,113,131.95,628,3140,113,113,131.95,641,3205,112,113,131.95,639,3195,112,113,131.95,630,3150,114,113,131.95,637,3185,113,113,131.95,634,3170,115,113,131.95,639,3195,115,113,131.95,654,3270,115,113,131.95,623,3115,115
,114,132.1,642,3210,115,114,132.1,633,3165,113,114,132.1,641,3205,112,114,132.1,641,3205,112,114,132.1,631,3155,114,114,132.1,639,3195,113,114,132.1,635,3175,115,114,132.1,639,3195,115,114,132.1,654,3270,115,114,132.1,624,3120,115
,115,132.25,645,3225,115,115,132.25,635,3175,113,115,132.25,642,3210,112,115,132.25,641,3205,112,115,132.25,634,3170,114,115,132.25,639,3195,113,115,132.25,636,3180,115,115,132.25,642,3210,115,115,132.25,656,3280,115,115,132.25,625,3125,115
,116,132.4,646,3230,115,116,132.4,636,3180,113,116,132.4,644,3220,112,116,132.4,641,3205,112,116,132.4,635,3175,114,116,132.4,641,3205,113,116,132.4,640,3200,115,116,132.4,643,3215,115,116,132.4,656,3280,115,116,132.4,626,3130,115
,117,132.55,648,3240,115,117,132.55,637,3185,113,117,132.55,646,3230,112,117,132.55,642,3210,112,117,132.55,637,3185,112,117,132.55,641,3205,113,117,132.55,642,3210,115,117,132.55,644,3220,115,117,132.55,656,3280,115,117,132.55,628,3140,114
,118,132.7,648,3240,115,118,132.7,639,3195,113,118,132.7,647,3235,112,118,132.7,642,3210,112,118,132.7,637,3185,112,118,132.7,644,3220,112,118,132.7,644,3220,115,118,132.7,647,3235,115,118,132.7,659,3295,115,118,132.7,629,3145,114
,119,132.85,648,3240,115,119,132.85,640,3200,113,119,132.85,649,3245,112,119,132.85,642,3210,112,119,132.85,639,3195,112,119,132.85,645,3225,112,119,132.85,645,3225,115,119,132.85,647,3235,115,119,132.85,661,3305,115,119,132.85,630,3150,114
,120,133,649,3245,115,120,133,642,3210,113,120,133,650,3250,112,120,133,645,3225,111,120,133,644,3220,112,120,133,647,3235,112,120,133,646,3230,115,120,133,647,3235,115,120,133,661,3305,115,120,133,631,3155,114
,121,133.15,649,3245,115,121,133.15,643,3215,113,121,133.15,653,3265,112,121,133.15,646,3230,111,121,133.15,646,3230,112,121,133.15,650,3250,111,121,133.15,647,3235,115,121,133.15,649,3245,114,121,133.15,662,3310,115,121,133.15,633,3165,114
,122,133.3,651,3255,115,122,133.3,645,3225,113,122,133.3,655,3275,112,122,133.3,647,3235,111,122,133.3,650,3250,111,122,133.3,652,3260,111,122,133.3,650,3250,115,122,133.3,651,3255,113,122,133.3,663,3315,115,122,133.3,633,3165,114
,123,133.45,652,3260,115,123,133.45,646,3230,113,123,133.45,656,3280,112,123,133.45,648,3240,111,123,133.45,652,3260,111,123,133.45,652,3260,111,123,133.45,653,3265,115,123,133.45,652,3260,113,123,133.45,663,3315,115,123,133.45,634,3170,114
,124,133.6,654,3270,114,124,133.6,647,3235,113,124,133.6,661,3305,111,124,133.6,649,3245,111,124,133.6,653,3265,111,124,133.6,652,3260,111,124,133.6,656,3280,115,124,133.6,656,3280,112,124,133.6,664,3320,114,124,133.6,637,3185,114
,125,133.75,655,3275,114,125,133.75,648,3240,113,125,133.75,661,3305,111,125,133.75,651,3255,110,125,133.75,653,3265,111,125,133.75,654,3270,111,125,133.75,658,3290,115,125,133.75,656,3280,112,125,133.75,665,3325,114,125,133.75,638,3190,112
,126,133.9,662,3310,114,126,133.9,650,3250,113,126,133.9,661,3305,111,126,133.9,652,3260,110,126,133.9,656,3280,111,126,133.9,655,3275,110,126,133.9,660,3300,115,126,133.9,658,3290,112,126,133.9,665,3325,114,126,133.9,641,3205,112
,127,134.05,662,3310,114,127,134.05,651,3255,113,127,134.05,662,3310,111,127,134.05,652,3260,110,127,134.05,658,3290,111,127,134.05,657,3285,110,127,134.05,663,3315,115,127,134.05,660,3300,112,127,134.05,665,3325,114,127,134.05,645,3225,112
,128,134.2,664,3320,114,128,134.2,652,3260,113,128,134.2,662,3310,111,128,134.2,652,3260,110,128,134.2,659,3295,111,128,134.2,659,3295,109,128,134.2,665,3325,115,128,134.2,662,3310,112,128,134.2,670,3350,114,128,134.2,646,3230,112
,129,134.35,669,3345,113,129,134.35,652,3260,113,129,134.35,663,3315,111,129,134.35,654,3270,110,129,134.35,659,3295,111,129,134.35,662,3310,108,129,134.35,666,3330,115,129,134.35,664,3320,111,129,134.35,671,3355,114,129,134.35,646,3230,112
,130,134.5,671,3355,112,130,134.5,652,3260,113,130,134.5,664,3320,111,130,134.5,657,3285,109,130,134.5,659,3295,111,130,134.5,663,3315,108,130,134.5,667,3335,115,130,134.5,666,3330,111,130,134.5,674,3370,114,130,134.5,648,3240,112
,131,134.65,672,3360,112,131,134.65,654,3270,113,131,134.65,667,3335,111,131,134.65,658,3290,108,131,134.65,661,3305,111,131,134.65,665,3325,108,131,134.65,667,3335,115,131,134.65,671,3355,110,131,134.65,676,3380,114,131,134.65,650,3250,112
,132,134.8,674,3370,112,132,134.8,655,3275,113,132,134.8,669,3345,111,132,134.8,660,3300,108,132,134.8,663,3315,111,132,134.8,666,3330,107,132,134.8,669,3345,115,132,134.8,672,3360,110,132,134.8,677,3385,114,132,134.8,650,3250,112
,133,134.95,675,3375,112,133,134.95,658,3290,113,133,134.95,671,3355,111,133,134.95,661,3305,108,133,134.95,664,3320,111,133,134.95,668,3340,107,133,134.95,669,3345,115,133,134.95,673,3365,110,133,134.95,679,3395,114,133,134.95,651,3255,112
,134,135.1,676,3380,112,134,135.1,659,3295,113,134,135.1,673,3365,111,134,135.1,662,3310,108,134,135.1,666,3330,111,134,135.1,669,3345,106,134,135.1,671,3355,115,134,135.1,675,3375,110,134,135.1,680,3400,114,134,135.1,652,3260,112
,135,135.25,676,3380,112,135,135.25,659,3295,113,135,135.25,676,3380,110,135,135.25,664,3320,108,135,135.25,668,3340,111,135,135.25,670,3350,106,135,135.25,674,3370,115,135,135.25,677,3385,110,135,135.25,681,3405,113,135,135.25,653,3265,112
,136,135.4,678,3390,112,136,135.4,660,3300,113,136,135.4,677,3385,110,136,135.4,664,3320,108,136,135.4,671,3355,111,136,135.4,673,3365,106,136,135.4,675,3375,115,136,135.4,679,3395,109,136,135.4,683,3415,113,136,135.4,656,3280,112
,137,135.55,680,3400,112,137,135.55,662,3310,113,137,135.55,679,3395,109,137,135.55,666,3330,108,137,135.55,673,3365,111,137,135.55,673,3365,106,137,135.55,677,3385,115,137,135.55,682,3410,109,137,135.55,683,3415,113,137,135.55,659,3295,112
,138,135.7,682,3410,112,138,135.7,662,3310,113,138,135.7,681,3405,108,138,135.7,667,3335,108,138,135.7,674,3370,111,138,135.7,673,3365,106,138,135.7,679,3395,114,138,135.7,684,3420,109,138,135.7,684,3420,113,138,135.7,663,3315,112
,139,135.85,683,3415,112,139,135.85,662,3310,113,139,135.85,682,3410,108,139,135.85,668,3340,108,139,135.85,674,3370,111,139,135.85,674,3370,106,139,135.85,680,3400,113,139,135.85,684,3420,109,139,135.85,684,3420,113,139,135.85,663,3315,112
,140,136,684,3420,112,140,136,662,3310,113,140,136,683,3415,108,140,136,668,3340,108,140,136,676,3380,111,140,136,675,3375,106,140,136,683,3415,111,140,136,684,3420,109,140,136,684,3420,113,140,136,667,3335,112
,141,136.15,684,3420,112,141,136.15,667,3335,112,141,136.15,685,3425,108,141,136.15,669,3345,108,141,136.15,679,3395,110,141,136.15,677,3385,106,141,136.15,683,3415,111,141,136.15,688,3440,108,141,136.15,684,3420,113,141,136.15,671,3355,112
,142,136.3,686,3430,112,142,136.3,669,3345,112,142,136.3,691,3455,107,142,136.3,670,3350,108,142,136.3,680,3400,110,142,136.3,678,3390,106,142,136.3,686,3430,111,142,136.3,690,3450,108,142,136.3,685,3425,113,142,136.3,671,3355,112
,143,136.45,688,3440,111,143,136.45,672,3360,112,143,136.45,692,3460,107,143,136.45,673,3365,107,143,136.45,682,3410,110,143,136.45,679,3395,106,143,136.45,687,3435,111,143,136.45,692,3460,108,143,136.45,689,3445,111,143,136.45,674,3370,112
,144,136.6,689,3445,111,144,136.6,673,3365,112,144,136.6,693,3465,107,144,136.6,675,3375,107,144,136.6,682,3410,110,144,136.6,680,3400,106,144,136.6,689,3445,111,144,136.6,692,3460,108,144,136.6,692,3460,110,144,136.6,675,3375,112
,145,136.75,690,3450,111,145,136.75,675,3375,112,145,136.75,694,3470,107,145,136.75,676,3380,107,145,136.75,688,3440,110,145,136.75,681,3405,106,145,136.75,689,3445,111,145,136.75,693,3465,108,145,136.75,692,3460,110,145,136.75,677,3385,112
,146,136.9,694,3470,111,146,136.9,675,3375,112,146,136.9,696,3480,107,146,136.9,677,3385,107,146,136.9,690,3450,108,146,136.9,686,3430,106,146,136.9,689,3445,111,146,136.9,693,3465,108,146,136.9,693,3465,110,146,136.9,678,3390,111
,147,137.05,695,3475,110,147,137.05,678,3390,111,147,137.05,696,3480,107,147,137.05,679,3395,107,147,137.05,692,3460,108,147,137.05,688,3440,106,147,137.05,691,3455,111,147,137.05,694,3470,108,147,137.05,694,3470,110,147,137.05,680,3400,111
,148,137.2,696,3480,110,148,137.2,679,3395,111,148,137.2,696,3480,107,148,137.2,681,3405,107,148,137.2,694,3470,108,148,137.2,690,3450,106,148,137.2,694,3470,111,148,137.2,696,3480,108,148,137.2,694,3470,110,148,137.2,681,3405,111
,149,137.35,697,3485,110,149,137.35,680,3400,111,149,137.35,696,3480,107,149,137.35,682,3410,107,149,137.35,697,3485,107,149,137.35,692,3460,106,149,137.35,696,3480,111,149,137.35,699,3495,108,149,137.35,697,3485,109,149,137.35,681,3405,111
,150,137.5,699,3495,110,150,137.5,680,3400,111,150,137.5,701,3505,107,150,137.5,682,3410,107,150,137.5,702,3510,107,150,137.5,694,3470,106,150,137.5,698,3490,111,150,137.5,700,3500,108,150,137.5,698,3490,109,150,137.5,684,3420,111
,151,137.65,702,3510,110,151,137.65,680,3400,111,151,137.65,703,3515,107,151,137.65,686,3430,107,151,137.65,706,3530,106,151,137.65,694,3470,106,151,137.65,699,3495,111,151,137.65,702,3510,106,151,137.65,699,3495,109,151,137.65,686,3430,111
,152,137.8,702,3510,110,152,137.8,682,3410,111,152,137.8,703,3515,107,152,137.8,688,3440,106,152,137.8,707,3535,106,152,137.8,697,3485,106,152,137.8,701,3505,111,152,137.8,704,3520,106,152,137.8,702,3510,108,152,137.8,689,3445,111
,153,137.95,702,3510,110,153,137.95,685,3425,111,153,137.95,704,3520,107,153,137.95,689,3445,106,153,137.95,711,3555,105,153,137.95,699,3495,106,153,137.95,701,3505,111,153,137.95,705,3525,106,153,137.95,708,3540,108,153,137.95,690,3450,111
,154,138.1,703,3515,110,154,138.1,686,3430,111,154,138.1,707,3535,107,154,138.1,692,3460,106,154,138.1,712,3560,105,154,138.1,702,3510,106,154,138.1,702,3510,111,154,138.1,709,3545,106,154,138.1,709,3545,108,154,138.1,691,3455,111
,155,138.25,705,3525,110,155,138.25,689,3445,111,155,138.25,709,3545,106,155,138.25,695,3475,105,155,138.25,713,3565,105,155,138.25,704,3520,106,155,138.25,702,3510,111,155,138.25,712,3560,106,155,138.25,709,3545,108,155,138.25,693,3465,111
,156,138.4,707,3535,110,156,138.4,689,3445,111,156,138.4,711,3555,106,156,138.4,697,3485,105,156,138.4,713,3565,105,156,138.4,707,3535,106,156,138.4,705,3525,111,156,138.4,713,3565,106,156,138.4,712,3560,107,156,138.4,696,3480,110
,157,138.55,711,3555,110,157,138.55,690,3450,111,157,138.55,711,3555,106,157,138.55,697,3485,105,157,138.55,717,3585,105,157,138.55,708,3540,106,157,138.55,705,3525,111,157,138.55,714,3570,106,157,138.55,713,3565,107,157,138.55,698,3490,110
,158,138.7,714,3570,110,158,138.7,691,3455,111,158,138.7,714,3570,106,158,138.7,698,3490,105,158,138.7,725,3625,105,158,138.7,710,3550,106,158,138.7,706,3530,111,158,138.7,715,3575,106,158,138.7,713,3565,107,158,138.7,701,3505,110
,159,138.85,715,3575,110,159,138.85,693,3465,111,159,138.85,717,3585,106,159,138.85,700,3500,105,159,138.85,726,3630,105,159,138.85,710,3550,106,159,138.85,707,3535,110,159,138.85,717,3585,106,159,138.85,714,3570,107,159,138.85,702,3510,110
,160,139,717,3585,110,160,139,694,3470,111,160,139,718,3590,106,160,139,702,3510,104,160,139,728,3640,105,160,139,711,3555,104,160,139,707,3535,110,160,139,720,3600,106,160,139,716,3580,107,160,139,703,3515,110
,161,139.15,718,3590,110,161,139.15,695,3475,111,161,139.15,719,3595,106,161,139.15,703,3515,104,161,139.15,728,3640,105,161,139.15,713,3565,104,161,139.15,710,3550,109,161,139.15,722,3610,106,161,139.15,718,3590,107,161,139.15,704,3520,110
,162,139.3,719,3595,110,162,139.3,695,3475,111,162,139.3,720,3600,106,162,139.3,706,3530,103,162,139.3,732,3660,105,162,139.3,715,3575,104,162,139.3,713,3565,109,162,139.3,725,3625,105,162,139.3,720,3600,107,162,139.3,706,3530,110
,163,139.45,720,3600,110,163,139.45,697,3485,111,163,139.45,722,3610,104,163,139.45,709,3545,103,163,139.45,732,3660,105,163,139.45,716,3580,104,163,139.45,713,3565,109,163,139.45,728,3640,105,163,139.45,722,3610,107,163,139.45,707,3535,110
,164,139.6,722,3610,110,164,139.6,697,3485,111,164,139.6,722,3610,104,164,139.6,712,3560,103,164,139.6,732,3660,105,164,139.6,718,3590,104,164,139.6,715,3575,107,164,139.6,733,3665,104,164,139.6,723,3615,107,164,139.6,707,3535,110
,165,139.75,723,3615,110,165,139.75,699,3495,111,165,139.75,726,3630,104,165,139.75,713,3565,103,165,139.75,733,3665,105,165,139.75,719,3595,103,165,139.75,717,3585,106,165,139.75,735,3675,104,165,139.75,724,3620,107,165,139.75,707,3535,110
,166,139.9,725,3625,110,166,139.9,701,3505,111,166,139.9,728,3640,104,166,139.9,713,3565,103,166,139.9,735,3675,105,166,139.9,721,3605,103,166,139.9,718,3590,105,166,139.9,736,3680,104,166,139.9,724,3620,107,166,139.9,711,3555,108
,167,140.05,727,3635,110,167,140.05,704,3520,111,167,140.05,730,3650,104,167,140.05,714,3570,103,167,140.05,737,3685,105,167,140.05,721,3605,103,167,140.05,721,3605,105,167,140.05,738,3690,104,167,140.05,724,3620,107,167,140.05,712,3560,108
,168,140.2,728,3640,110,168,140.2,706,3530,111,168,140.2,731,3655,104,168,140.2,716,3580,103,168,140.2,740,3700,105,168,140.2,724,3620,103,168,140.2,722,3610,105,168,140.2,739,3695,104,168,140.2,727,3635,107,168,140.2,718,3590,106
,169,140.35,733,3665,109,169,140.35,710,3550,111,169,140.35,734,3670,104,169,140.35,718,3590,103,169,140.35,741,3705,105,169,140.35,730,3650,102,169,140.35,724,3620,105,169,140.35,741,3705,104,169,140.35,727,3635,107,169,140.35,720,3600,106
,170,140.5,736,3680,108,170,140.5,714,3570,110,170,140.5,734,3670,104,170,140.5,720,3600,103,170,140.5,745,3725,105,170,140.5,734,3670,102,170,140.5,728,3640,105,170,140.5,742,3710,104,170,140.5,729,3645,107,170,140.5,723,3615,106
,171,140.65,740,3700,108,171,140.65,715,3575,110,171,140.65,736,3680,104,171,140.65,721,3605,103,171,140.65,750,3750,105,171,140.65,736,3680,102,171,140.65,733,3665,104,171,140.65,744,3720,104,171,140.65,731,3655,107,171,140.65,727,3635,106
,172,140.8,742,3710,108,172,140.8,716,3580,110,172,140.8,740,3700,104,172,140.8,723,3615,103,172,140.8,752,3760,105,172,140.8,742,3710,101,172,140.8,738,3690,104,172,140.8,748,3740,104,172,140.8,735,3675,105,172,140.8,732,3660,106
,173,140.95,750,3750,108,173,140.95,720,3600,110,173,140.95,740,3700,104,173,140.95,728,3640,103,173,140.95,754,3770,105,173,140.95,746,3730,101,173,140.95,741,3705,104,173,140.95,751,3755,104,173,140.95,738,3690,105,173,140.95,734,3670,106
,174,141.1,754,3770,108,174,141.1,726,3630,109,174,141.1,741,3705,104,174,141.1,730,3650,102,174,141.1,759,3795,105,174,141.1,748,3740,101,174,141.1,743,3715,104,174,141.1,753,3765,103,174,141.1,740,3700,105,174,141.1,737,3685,106
,175,141.25,758,3790,108,175,141.25,731,3655,108,175,141.25,743,3715,104,175,141.25,731,3655,102,175,141.25,762,3810,105,175,141.25,750,3750,101,175,141.25,745,3725,104,175,141.25,754,3770,103,175,141.25,745,3725,105,175,141.25,740,3700,106
,176,141.4,762,3810,107,176,141.4,733,3665,108,176,141.4,747,3735,104,176,141.4,735,3675,102,176,141.4,762,3810,105,176,141.4,752,3760,101,176,141.4,748,3740,104,176,141.4,757,3785,103,176,141.4,750,3750,105,176,141.4,742,3710,106
,177,141.55,765,3825,107,177,141.55,738,3690,108,177,141.55,750,3750,104,177,141.55,738,3690,101,177,141.55,764,3820,105,177,141.55,756,3780,101,177,141.55,755,3775,104,177,141.55,764,3820,103,177,141.55,753,3765,105,177,141.55,744,3720,106
,178,141.7,772,3860,107,178,141.7,744,3720,107,178,141.7,752,3760,104,178,141.7,740,3700,101,178,141.7,767,3835,105,178,141.7,760,3800,101,178,141.7,757,3785,103,178,141.7,768,3840,103,178,141.7,755,3775,105,178,141.7,747,3735,105
,179,141.85,775,3875,107,179,141.85,749,3745,106,179,141.85,756,3780,104,179,141.85,742,3710,101,179,141.85,771,3855,104,179,141.85,761,3805,101,179,141.85,762,3810,103,179,141.85,770,3850,103,179,141.85,759,3795,105,179,141.85,751,3755,105
,180,142,780,3900,107,180,142,754,3770,106,180,142,759,3795,104,180,142,744,3720,101,180,142,773,3865,104,180,142,761,3805,101,180,142,765,3825,103,180,142,775,3875,103,180,142,761,3805,105,180,142,756,3780,105
,181,142.15,785,3925,107,181,142.15,756,3780,106,181,142.15,761,3805,104,181,142.15,748,3740,101,181,142.15,777,3885,104,181,142.15,764,3820,101,181,142.15,770,3850,103,181,142.15,778,3890,103,181,142.15,763,3815,105,181,142.15,757,3785,105
,182,142.3,787,3935,107,182,142.3,761,3805,105,182,142.3,763,3815,104,182,142.3,754,3770,100,182,142.3,780,3900,104,182,142.3,768,3840,101,182,142.3,770,3850,103,182,142.3,783,3915,103,182,142.3,763,3815,105,182,142.3,760,3800,104
,183,142.45,791,3955,106,183,142.45,764,3820,105,183,142.45,768,3840,102,183,142.45,755,3775,100,183,142.45,784,3920,104,183,142.45,770,3850,101,183,142.45,773,3865,103,183,142.45,788,3940,103,183,142.45,768,3840,105,183,142.45,761,3805,104
,184,142.6,792,3960,106,184,142.6,767,3835,105,184,142.6,773,3865,102,184,142.6,762,3810,100,184,142.6,787,3935,104,184,142.6,771,3855,101,184,142.6,777,3885,103,184,142.6,789,3945,103,184,142.6,772,3860,105,184,142.6,765,3825,104
,185,142.75,794,3970,106,185,142.75,772,3860,105,185,142.75,775,3875,102,185,142.75,763,3815,100,185,142.75,795,3975,103,185,142.75,776,3880,101,185,142.75,777,3885,103,185,142.75,792,3960,103,185,142.75,773,3865,105,185,142.75,769,3845,104
,186,142.9,796,3980,106,186,142.9,776,3880,105,186,142.9,776,3880,102,186,142.9,764,3820,100,186,142.9,796,3980,103,186,142.9,781,3905,101,186,142.9,778,3890,102,186,142.9,800,4000,103,186,142.9,774,3870,105,186,142.9,771,3855,104
,187,143.05,800,4000,106,187,143.05,782,3910,104,187,143.05,778,3890,102,187,143.05,765,3825,100,187,143.05,798,3990,102,187,143.05,783,3915,101,187,143.05,782,3910,101,187,143.05,802,4010,102,187,143.05,779,3895,104,187,143.05,776,3880,104
,188,143.2,804,4020,106,188,143.2,784,3920,103,188,143.2,780,3900,102,188,143.2,765,3825,100,188,143.2,799,3995,102,188,143.2,789,3945,101,188,143.2,786,3930,101,188,143.2,803,4015,102,188,143.2,782,3910,104,188,143.2,779,3895,103
,189,143.35,806,4030,105,189,143.35,788,3940,103,189,143.35,785,3925,102,189,143.35,768,3840,100,189,143.35,804,4020,102,189,143.35,795,3975,101,189,143.35,789,3945,101,189,143.35,807,4035,102,189,143.35,785,3925,104,189,143.35,789,3945,103
,190,143.5,812,4060,104,190,143.5,794,3970,103,190,143.5,788,3940,102,190,143.5,770,3850,100,190,143.5,806,4030,102,190,143.5,798,3990,101,190,143.5,793,3965,100,190,143.5,809,4045,102,190,143.5,787,3935,104,190,143.5,791,3955,102
,191,143.65,816,4080,104,191,143.65,794,3970,103,191,143.65,794,3970,101,191,143.65,774,3870,100,191,143.65,809,4045,102,191,143.65,801,4005,101,191,143.65,796,3980,100,191,143.65,811,4055,102,191,143.65,790,3950,104,191,143.65,794,3970,101
,192,143.8,825,4125,103,192,143.8,797,3985,103,192,143.8,795,3975,101,192,143.8,777,3885,100,192,143.8,811,4055,102,192,143.8,805,4025,101,192,143.8,799,3995,98,192,143.8,814,4070,102,192,143.8,793,3965,104,192,143.8,799,3995,100
,193,143.95,830,4150,103,193,143.95,799,3995,103,193,143.95,799,3995,101,193,143.95,781,3905,100,193,143.95,812,4060,102,193,143.95,806,4030,101,193,143.95,801,4005,98,193,143.95,818,4090,102,193,143.95,796,3980,104,193,143.95,804,4020,100
,194,144.1,830,4150,103,194,144.1,803,4015,103,194,144.1,801,4005,101,194,144.1,784,3920,100,194,144.1,820,4100,102,194,144.1,811,4055,100,194,144.1,803,4015,98,194,144.1,821,4105,102,194,144.1,797,3985,104,194,144.1,807,4035,100
,195,144.25,832,4160,103,195,144.25,806,4030,103,195,144.25,805,4025,101,195,144.25,785,3925,100,195,144.25,824,4120,102,195,144.25,813,4065,100,195,144.25,807,4035,98,195,144.25,822,4110,102,195,144.25,798,3990,104,195,144.25,811,4055,100
,196,144.4,834,4170,103,196,144.4,809,4045,103,196,144.4,807,4035,101,196,144.4,787,3935,100,196,144.4,828,4140,102,196,144.4,814,4070,100,196,144.4,810,4050,98,196,144.4,824,4120,102,196,144.4,802,4010,104,196,144.4,814,4070,100
,197,144.55,836,4180,103,197,144.55,815,4075,103,197,144.55,809,4045,101,197,144.55,790,3950,100,197,144.55,830,4150,102,197,144.55,815,4075,99,197,144.55,814,4070,98,197,144.55,826,4130,102,197,144.55,806,4030,104,197,144.55,820,4100,99
,198,144.7,838,4190,103,198,144.7,817,4085,103,198,144.7,813,4065,100,198,144.7,790,3950,100,198,144.7,833,4165,101,198,144.7,816,4080,99,198,144.7,816,4080,98,198,144.7,827,4135,102,198,144.7,808,4040,104,198,144.7,825,4125,99
,199,144.85,840,4200,103,199,144.85,821,4105,102,199,144.85,819,4095,99,199,144.85,794,3970,98,199,144.85,833,4165,101,199,144.85,821,4105,99,199,144.85,817,4085,98,199,144.85,830,4150,102,199,144.85,811,4055,103,199,144.85,829,4145,99
,200,145,842,4210,103,200,145,826,4130,102,200,145,819,4095,99,200,145,797,3985,98,200,145,834,4170,101,200,145,823,4115,99,200,145,818,4090,98,200,145,834,4170,101,200,145,814,4070,103,200,145,831,4155,99
,201,145.15,842,4210,103,201,145.15,827,4135,102,201,145.15,820,4100,99,201,145.15,804,4020,97,201,145.15,835,4175,101,201,145.15,828,4140,99,201,145.15,823,4115,97,201,145.15,836,4180,101,201,145.15,818,4090,103,201,145.15,835,4175,99
,202,145.3,846,4230,103,202,145.3,829,4145,102,202,145.3,824,4120,99,202,145.3,809,4045,97,202,145.3,836,4180,101,202,145.3,829,4145,99,202,145.3,825,4125,97,202,145.3,838,4190,101,202,145.3,821,4105,103,202,145.3,839,4195,99
,203,145.45,847,4235,103,203,145.45,834,4170,102,203,145.45,826,4130,99,203,145.45,811,4055,97,203,145.45,838,4190,101,203,145.45,832,4160,99,203,145.45,829,4145,97,203,145.45,839,4195,101,203,145.45,824,4120,103,203,145.45,840,4200,99
,204,145.6,850,4250,103,204,145.6,838,4190,102,204,145.6,827,4135,99,204,145.6,813,4065,97,204,145.6,839,4195,101,204,145.6,833,4165,99,204,145.6,832,4160,97,204,145.6,843,4215,101,204,145.6,827,4135,103,204,145.6,845,4225,99
,205,145.75,856,4280,103,205,145.75,842,4210,100,205,145.75,831,4155,99,205,145.75,817,4085,97,205,145.75,841,4205,101,205,145.75,839,4195,99,205,145.75,838,4190,94,205,145.75,845,4225,101,205,145.75,831,4155,103,205,145.75,848,4240,98
,206,145.9,858,4290,103,206,145.9,846,4230,100,206,145.9,835,4175,99,206,145.9,824,4120,97,206,145.9,844,4220,101,206,145.9,840,4200,99,206,145.9,842,4210,94,206,145.9,849,4245,101,206,145.9,835,4175,103,206,145.9,849,4245,98
,207,146.05,860,4300,103,207,146.05,847,4235,100,207,146.05,838,4190,99,207,146.05,826,4130,97,207,146.05,848,4240,101,207,146.05,845,4225,99,207,146.05,843,4215,94,207,146.05,853,4265,101,207,146.05,838,4190,103,207,146.05,855,4275,98
,208,146.2,862,4310,103,208,146.2,849,4245,99,208,146.2,838,4190,99,208,146.2,831,4155,97,208,146.2,851,4255,101,208,146.2,848,4240,98,208,146.2,848,4240,93,208,146.2,855,4275,101,208,146.2,842,4210,103,208,146.2,857,4285,96
,209,146.35,869,4345,103,209,146.35,852,4260,99,209,146.35,842,4210,99,209,146.35,833,4165,97,209,146.35,854,4270,101,209,146.35,853,4265,98,209,146.35,851,4255,92,209,146.35,858,4290,101,209,146.35,844,4220,103,209,146.35,859,4295,96
,210,146.5,874,4370,102,210,146.5,856,4280,99,210,146.5,845,4225,98,210,146.5,833,4165,97,210,146.5,854,4270,101,210,146.5,854,4270,98,210,146.5,854,4270,92,210,146.5,859,4295,101,210,146.5,848,4240,103,210,146.5,862,4310,96
,211,146.65,877,4385,102,211,146.65,856,4280,99,211,146.65,847,4235,98,211,146.65,839,4195,95,211,146.65,855,4275,101,211,146.65,856,4280,98,211,146.65,855,4275,92,211,146.65,861,4305,101,211,146.65,850,4250,103,211,146.65,865,4325,96
,212,146.8,879,4395,101,212,146.8,860,4300,98,212,146.8,849,4245,97,212,146.8,846,4230,95,212,146.8,857,4285,101,212,146.8,860,4300,98,212,146.8,858,4290,91,212,146.8,862,4310,101,212,146.8,854,4270,101,212,146.8,868,4340,96
,213,146.95,882,4410,101,213,146.95,862,4310,98,213,146.95,853,4265,97,213,146.95,848,4240,95,213,146.95,861,4305,100,213,146.95,861,4305,97,213,146.95,862,4310,91,213,146.95,865,4325,101,213,146.95,859,4295,101,213,146.95,871,4355,96
,214,147.1,882,4410,101,214,147.1,865,4325,98,214,147.1,853,4265,97,214,147.1,850,4250,95,214,147.1,863,4315,100,214,147.1,864,4320,97,214,147.1,867,4335,90,214,147.1,869,4345,101,214,147.1,863,4315,101,214,147.1,872,4360,96
,215,147.25,882,4410,101,215,147.25,871,4355,98,215,147.25,854,4270,97,215,147.25,851,4255,95,215,147.25,864,4320,100,215,147.25,866,4330,97,215,147.25,870,4350,90,215,147.25,870,4350,101,215,147.25,866,4330,101,215,147.25,874,4370,96
,216,147.4,887,4435,101,216,147.4,872,4360,98,216,147.4,856,4280,97,216,147.4,854,4270,95,216,147.4,864,4320,100,216,147.4,871,4355,96,216,147.4,878,4390,90,216,147.4,871,4355,101,216,147.4,867,4335,101,216,147.4,879,4395,96
,217,147.55,887,4435,101,217,147.55,877,4385,98,217,147.55,858,4290,97,217,147.55,855,4275,95,217,147.55,864,4320,100,217,147.55,875,4375,96,217,147.55,880,4400,90,217,147.55,873,4365,101,217,147.55,869,4345,101,217,147.55,879,4395,96
,218,147.7,891,4455,101,218,147.7,878,4390,98,218,147.7,861,4305,97,218,147.7,858,4290,95,218,147.7,866,4330,100,218,147.7,877,4385,96,218,147.7,883,4415,90,218,147.7,874,4370,100,218,147.7,869,4345,101,218,147.7,882,4410,96
,219,147.85,894,4470,101,219,147.85,880,4400,98,219,147.85,862,4310,97,219,147.85,860,4300,95,219,147.85,866,4330,100,219,147.85,879,4395,96,219,147.85,888,4440,90,219,147.85,875,4375,100,219,147.85,872,4360,100,219,147.85,890,4450,94
,220,148,895,4475,101,220,148,882,4410,98,220,148,865,4325,97,220,148,864,4320,95,220,148,869,4345,100,220,148,882,4410,96,220,148,891,4455,90,220,148,876,4380,100,220,148,874,4370,100,220,148,890,4450,94
,221,148.15,898,4490,100,221,148.15,884,4420,98,221,148.15,868,4340,97,221,148.15,868,4340,95,221,148.15,872,4360,100,221,148.15,883,4415,96,221,148.15,895,4475,90,221,148.15,880,4400,100,221,148.15,876,4380,100,221,148.15,891,4455,94
,222,148.3,900,4500,100,222,148.3,890,4450,98,222,148.3,869,4345,97,222,148.3,871,4355,95,222,148.3,874,4370,100,222,148.3,886,4430,96,222,148.3,897,4485,90,222,148.3,884,4420,100,222,148.3,876,4380,100,222,148.3,894,4470,92
,223,148.45,903,4515,100,223,148.45,892,4460,98,223,148.45,874,4370,97,223,148.45,874,4370,94,223,148.45,876,4380,100,223,148.45,889,4445,96,223,148.45,900,4500,90,223,148.45,887,4435,100,223,148.45,878,4390,100,223,148.45,895,4475,92
,224,148.6,906,4530,100,224,148.6,893,4465,98,224,148.6,877,4385,97,224,148.6,874,4370,94,224,148.6,880,4400,99,224,148.6,891,4455,96,224,148.6,902,4510,90,224,148.6,889,4445,99,224,148.6,879,4395,99,224,148.6,895,4475,92
,225,148.75,910,4550,99,225,148.75,899,4495,98,225,148.75,878,4390,97,225,148.75,876,4380,94,225,148.75,886,4430,98,225,148.75,893,4465,96,225,148.75,904,4520,90,225,148.75,893,4465,98,225,148.75,880,4400,99,225,148.75,899,4495,92
,226,148.9,910,4550,99,226,148.9,904,4520,97,226,148.9,882,4410,97,226,148.9,879,4395,94,226,148.9,889,4445,97,226,148.9,896,4480,96,226,148.9,904,4520,90,226,148.9,894,4470,98,226,148.9,884,4420,99,226,148.9,903,4515,92
,227,149.05,910,4550,99,227,149.05,906,4530,97,227,149.05,883,4415,97,227,149.05,881,4405,94,227,149.05,890,4450,97,227,149.05,898,4490,96,227,149.05,907,4535,90,227,149.05,895,4475,98,227,149.05,887,4435,99,227,149.05,904,4520,92
,228,149.2,912,4560,99,228,149.2,907,4535,97,228,149.2,886,4430,96,228,149.2,883,4415,94,228,149.2,892,4460,97,228,149.2,901,4505,95,228,149.2,908,4540,90,228,149.2,897,4485,98,228,149.2,893,4465,98,228,149.2,907,4535,92
,229,149.35,913,4565,99,229,149.35,909,4545,97,229,149.35,888,4440,96,229,149.35,886,4430,94,229,149.35,896,4480,97,229,149.35,906,4530,95,229,149.35,909,4545,90,229,149.35,901,4505,98,229,149.35,896,4480,98,229,149.35,907,4535,92
,230,149.5,914,4570,99,230,149.5,913,4565,97,230,149.5,890,4450,96,230,149.5,889,4445,93,230,149.5,901,4505,97,230,149.5,909,4545,94,230,149.5,912,4560,90,230,149.5,904,4520,98,230,149.5,896,4480,98,230,149.5,909,4545,92
,231,149.65,916,4580,98,231,149.65,915,4575,97,231,149.65,894,4470,96,231,149.65,894,4470,93,231,149.65,902,4510,97,231,149.65,910,4550,94,231,149.65,916,4580,90,231,149.65,904,4520,98,231,149.65,899,4495,98,231,149.65,909,4545,92
,232,149.8,916,4580,98,232,149.8,916,4580,97,232,149.8,899,4495,94,232,149.8,898,4490,92,232,149.8,903,4515,97,232,149.8,911,4555,94,232,149.8,918,4590,90,232,149.8,905,4525,98,232,149.8,902,4510,98,232,149.8,911,4555,92
,233,149.95,918,4590,98,233,149.95,917,4585,97,233,149.95,902,4510,93,233,149.95,901,4505,92,233,149.95,905,4525,97,233,149.95,913,4565,93,233,149.95,920,4600,90,233,149.95,905,4525,98,233,149.95,906,4530,97,233,149.95,915,4575,92
,234,150.1,920,4600,98,234,150.1,919,4595,97,234,150.1,905,4525,93,234,150.1,904,4520,92,234,150.1,905,4525,97,234,150.1,917,4585,91,234,150.1,921,4605,90,234,150.1,906,4530,97,234,150.1,908,4540,96,234,150.1,920,4600,92
,235,150.25,921,4605,98,235,150.25,922,4610,97,235,150.25,907,4535,93,235,150.25,907,4535,92,235,150.25,908,4540,97,235,150.25,921,4605,91,235,150.25,921,4605,90,235,150.25,908,4540,97,235,150.25,912,4560,96,235,150.25,924,4620,92
,236,150.4,921,4605,98,236,150.4,923,4615,97,236,150.4,908,4540,93,236,150.4,910,4550,92,236,150.4,909,4545,96,236,150.4,922,4610,91,236,150.4,924,4620,90,236,150.4,912,4560,97,236,150.4,917,4585,96,236,150.4,924,4620,92
,237,150.55,925,4625,98,237,150.55,924,4620,97,237,150.55,910,4550,93,237,150.55,910,4550,92,237,150.55,911,4555,96,237,150.55,924,4620,91,237,150.55,926,4630,90,237,150.55,913,4565,97,237,150.55,918,4590,96,237,150.55,926,4630,92
,238,150.7,926,4630,98,238,150.7,925,4625,96,238,150.7,912,4560,93,238,150.7,912,4560,92,238,150.7,912,4560,96,238,150.7,924,4620,91,238,150.7,929,4645,88,238,150.7,915,4575,97,238,150.7,919,4595,96,238,150.7,927,4635,92
,239,150.85,929,4645,98,239,150.85,928,4640,96,239,150.85,915,4575,92,239,150.85,913,4565,91,239,150.85,913,4565,96,239,150.85,926,4630,91,239,150.85,933,4665,88,239,150.85,916,4580,97,239,150.85,919,4595,96,239,150.85,929,4645,91
,240,151,934,4670,98,240,151,934,4670,96,240,151,916,4580,92,240,151,916,4580,91,240,151,916,4580,96,240,151,930,4650,91,240,151,934,4670,88,240,151,918,4590,97,240,151,921,4605,96,240,151,932,4660,90
,241,151.15,937,4685,98,241,151.15,935,4675,96,241,151.15,918,4590,92,241,151.15,920,4600,90,241,151.15,918,4590,96,241,151.15,932,4660,91,241,151.15,936,4680,88,241,151.15,920,4600,97,241,151.15,923,4615,96,241,151.15,933,4665,90
,242,151.3,937,4685,98,242,151.3,937,4685,96,242,151.3,920,4600,91,242,151.3,925,4625,89,242,151.3,924,4620,96,242,151.3,933,4665,91,242,151.3,937,4685,88,242,151.3,921,4605,96,242,151.3,926,4630,96,242,151.3,936,4680,90
,243,151.45,939,4695,98,243,151.45,938,4690,96,243,151.45,921,4605,91,243,151.45,926,4630,89,243,151.45,928,4640,96,243,151.45,934,4670,91,243,151.45,940,4700,88,243,151.45,922,4610,96,243,151.45,930,4650,96,243,151.45,938,4690,90
,244,151.6,939,4695,98,244,151.6,938,4690,96,244,151.6,923,4615,91,244,151.6,927,4635,89,244,151.6,931,4655,96,244,151.6,935,4675,91,244,151.6,941,4705,88,244,151.6,922,4610,96,244,151.6,931,4655,96,244,151.6,941,4705,90
,245,151.75,941,4705,98,245,151.75,943,4715,96,245,151.75,926,4630,91,245,151.75,930,4650,89,245,151.75,932,4660,96,245,151.75,936,4680,91,245,151.75,945,4725,88,245,151.75,923,4615,96,245,151.75,934,4670,96,245,151.75,942,4710,90
,246,151.9,942,4710,97,246,151.9,943,4715,96,246,151.9,930,4650,90,246,151.9,935,4675,88,246,151.9,932,4660,96,246,151.9,939,4695,91,246,151.9,947,4735,88,246,151.9,924,4620,96,246,151.9,936,4680,96,246,151.9,945,4725,90
,247,152.05,942,4710,97,247,152.05,945,4725,95,247,152.05,932,4660,90,247,152.05,935,4675,88,247,152.05,934,4670,96,247,152.05,939,4695,91,247,152.05,947,4735,88,247,152.05,925,4625,96,247,152.05,940,4700,96,247,152.05,946,4730,90
,248,152.2,944,4720,96,248,152.2,947,4735,95,248,152.2,932,4660,90,248,152.2,937,4685,88,248,152.2,936,4680,96,248,152.2,942,4710,91,248,152.2,951,4755,87,248,152.2,926,4630,96,248,152.2,941,4705,96,248,152.2,948,4740,89
,249,152.35,944,4720,96,249,152.35,948,4740,95,249,152.35,933,4665,90,249,152.35,939,4695,88,249,152.35,936,4680,96,249,152.35,943,4715,91,249,152.35,951,4755,87,249,152.35,932,4660,95,249,152.35,941,4705,96,249,152.35,948,4740,89
,250,152.5,944,4720,96,250,152.5,950,4750,94,250,152.5,934,4670,90,250,152.5,943,4715,88,250,152.5,937,4685,96,250,152.5,943,4715,91,250,152.5,951,4755,87,250,152.5,934,4670,95,250,152.5,941,4705,96,250,152.5,950,4750,89
,251,152.65,946,4730,96,251,152.65,952,4760,93,251,152.65,938,4690,89,251,152.65,944,4720,88,251,152.65,941,4705,96,251,152.65,946,4730,91,251,152.65,951,4755,87,251,152.65,936,4680,94,251,152.65,942,4710,96,251,152.65,950,4750,89
,252,152.8,947,4735,96,252,152.8,952,4760,93,252,152.8,940,4700,89,252,152.8,949,4745,86,252,152.8,942,4710,96,252,152.8,948,4740,91,252,152.8,955,4775,87,252,152.8,940,4700,94,252,152.8,943,4715,96,252,152.8,952,4760,89
,253,152.95,949,4745,96,253,152.95,954,4770,93,253,152.95,940,4700,89,253,152.95,953,4765,86,253,152.95,942,4710,96,253,152.95,950,4750,90,253,152.95,957,4785,87,253,152.95,942,4710,94,253,152.95,944,4720,96,253,152.95,956,4780,89
,254,153.1,949,4745,96,254,153.1,954,4770,93,254,153.1,943,4715,89,254,153.1,954,4770,86,254,153.1,945,4725,95,254,153.1,952,4760,90,254,153.1,959,4795,86,254,153.1,943,4715,94,254,153.1,946,4730,96,254,153.1,960,4800,89
,255,153.25,950,4750,96,255,153.25,956,4780,93,255,153.25,945,4725,88,255,153.25,955,4775,85,255,153.25,947,4735,95,255,153.25,957,4785,90,255,153.25,959,4795,86,255,153.25,944,4720,94,255,153.25,947,4735,96,255,153.25,960,4800,89
,256,153.4,951,4755,96,256,153.4,957,4785,93,256,153.4,946,4730,87,256,153.4,956,4780,84,256,153.4,948,4740,95,256,153.4,959,4795,89,256,153.4,962,4810,85,256,153.4,946,4730,94,256,153.4,948,4740,96,256,153.4,960,4800,89
,257,153.55,952,4760,96,257,153.55,958,4790,93,257,153.55,947,4735,87,257,153.55,957,4785,84,257,153.55,949,4745,95,257,153.55,961,4805,89,257,153.55,964,4820,85,257,153.55,946,4730,94,257,153.55,950,4750,96,257,153.55,961,4805,89
,258,153.7,953,4765,95,258,153.7,959,4795,93,258,153.7,950,4750,87,258,153.7,958,4790,84,258,153.7,951,4755,94,258,153.7,961,4805,89,258,153.7,966,4830,83,258,153.7,947,4735,93,258,153.7,952,4760,96,258,153.7,961,4805,89
,259,153.85,954,4770,95,259,153.85,960,4800,93,259,153.85,953,4765,87,259,153.85,959,4795,84,259,153.85,951,4755,94,259,153.85,962,4810,89,259,153.85,966,4830,83,259,153.85,948,4740,93,259,153.85,953,4765,96,259,153.85,962,4810,88
,260,154,954,4770,95,260,154,961,4805,93,260,154,954,4770,87,260,154,961,4805,84,260,154,952,4760,94,260,154,962,4810,89,260,154,967,4835,83,260,154,948,4740,93,260,154,953,4765,96,260,154,962,4810,88
,261,154.15,956,4780,95,261,154.15,962,4810,91,261,154.15,954,4770,87,261,154.15,964,4820,83,261,154.15,953,4765,94,261,154.15,966,4830,89,261,154.15,968,4840,83,261,154.15,949,4745,92,261,154.15,955,4775,96,261,154.15,963,4815,87
,262,154.3,957,4785,95,262,154.3,962,4810,91,262,154.3,955,4775,87,262,154.3,967,4835,81,262,154.3,956,4780,93,262,154.3,967,4835,89,262,154.3,972,4860,82,262,154.3,952,4760,91,262,154.3,956,4780,96,262,154.3,965,4825,87
,263,154.45,957,4785,95,263,154.45,963,4815,91,263,154.45,958,4790,86,263,154.45,968,4840,81,263,154.45,957,4785,92,263,154.45,967,4835,89,263,154.45,972,4860,82,263,154.45,953,4765,91,263,154.45,959,4795,96,263,154.45,966,4830,87
,264,154.6,960,4800,94,264,154.6,966,4830,90,264,154.6,959,4795,86,264,154.6,968,4840,81,264,154.6,959,4795,91,264,154.6,967,4835,89,264,154.6,973,4865,82,264,154.6,955,4775,89,264,154.6,959,4795,96,264,154.6,967,4835,87
,265,154.75,964,4820,91,265,154.75,967,4835,90,265,154.75,959,4795,86,265,154.75,972,4860,80,265,154.75,961,4805,91,265,154.75,967,4835,89,265,154.75,974,4870,82,265,154.75,955,4775,89,265,154.75,959,4795,96,265,154.75,967,4835,87
,266,154.9,964,4820,91,266,154.9,967,4835,90,266,154.9,961,4805,85,266,154.9,973,4865,79,266,154.9,961,4805,91,266,154.9,968,4840,89,266,154.9,976,4880,82,266,154.9,956,4780,89,266,154.9,960,4800,96,266,154.9,967,4835,87
,267,155.05,967,4835,91,267,155.05,968,4840,90,267,155.05,963,4815,85,267,155.05,975,4875,79,267,155.05,963,4815,90,267,155.05,969,4845,89,267,155.05,978,4890,81,267,155.05,956,4780,89,267,155.05,961,4805,96,267,155.05,967,4835,87
,268,155.2,968,4840,91,268,155.2,968,4840,90,268,155.2,966,4830,83,268,155.2,976,4880,79,268,155.2,964,4820,90,268,155.2,969,4845,89,268,155.2,978,4890,81,268,155.2,958,4790,89,268,155.2,962,4810,95,268,155.2,970,4850,87
,269,155.35,969,4845,91,269,155.35,968,4840,90,269,155.35,969,4845,83,269,155.35,976,4880,79,269,155.35,965,4825,90,269,155.35,970,4850,89,269,155.35,978,4890,81,269,155.35,962,4810,89,269,155.35,962,4810,95,269,155.35,972,4860,86
,270,155.5,970,4850,91,270,155.5,968,4840,90,270,155.5,969,4845,83,270,155.5,976,4880,79,270,155.5,966,4830,90,270,155.5,971,4855,89,270,155.5,980,4900,79,270,155.5,964,4820,88,270,155.5,964,4820,95,270,155.5,973,4865,86
,271,155.65,972,4860,90,271,155.65,971,4855,89,271,155.65,970,4850,83,271,155.65,976,4880,79,271,155.65,966,4830,90,271,155.65,974,4870,88,271,155.65,980,4900,79,271,155.65,965,4825,87,271,155.65,965,4825,95,271,155.65,975,4875,86
,272,155.8,972,4860,90,272,155.8,971,4855,89,272,155.8,974,4870,82,272,155.8,977,4885,79,272,155.8,966,4830,90,272,155.8,975,4875,88,272,155.8,980,4900,79,272,155.8,967,4835,87,272,155.8,966,4830,94,272,155.8,975,4875,86
,273,155.95,972,4860,90,273,155.95,972,4860,89,273,155.95,974,4870,82,273,155.95,977,4885,79,273,155.95,967,4835,90,273,155.95,976,4880,88,273,155.95,981,4905,79,273,155.95,969,4845,87,273,155.95,968,4840,93,273,155.95,976,4880,85
,274,156.1,972,4860,90,274,156.1,972,4860,89,274,156.1,977,4885,82,274,156.1,979,4895,79,274,156.1,968,4840,89,274,156.1,976,4880,88,274,156.1,981,4905,79,274,156.1,970,4850,87,274,156.1,970,4850,93,274,156.1,978,4890,84
,275,156.25,974,4870,89,275,156.25,973,4865,89,275,156.25,978,4890,82,275,156.25,981,4905,79,275,156.25,968,4840,89,275,156.25,976,4880,88,275,156.25,981,4905,79,275,156.25,970,4850,87,275,156.25,971,4855,93,275,156.25,978,4890,84
,276,156.4,977,4885,88,276,156.4,974,4870,89,276,156.4,979,4895,82,276,156.4,981,4905,79,276,156.4,969,4845,89,276,156.4,976,4880,88,276,156.4,983,4915,79,276,156.4,970,4850,87,276,156.4,971,4855,93,276,156.4,978,4890,84
,277,156.55,977,4885,88,277,156.55,974,4870,89,277,156.55,980,4900,81,277,156.55,981,4905,79,277,156.55,969,4845,89,277,156.55,976,4880,88,277,156.55,984,4920,79,277,156.55,973,4865,86,277,156.55,971,4855,93,277,156.55,979,4895,84
,278,156.7,978,4890,88,278,156.7,974,4870,89,278,156.7,981,4905,81,278,156.7,981,4905,79,278,156.7,970,4850,89,278,156.7,976,4880,88,278,156.7,984,4920,79,278,156.7,973,4865,86,278,156.7,972,4860,93,278,156.7,979,4895,84
,279,156.85,978,4890,88,279,156.85,974,4870,89,279,156.85,982,4910,81,279,156.85,982,4910,79,279,156.85,970,4850,89,279,156.85,977,4885,88,279,156.85,985,4925,78,279,156.85,973,4865,86,279,156.85,973,4865,92,279,156.85,979,4895,84
,280,157,979,4895,87,280,157,975,4875,89,280,157,982,4910,81,280,157,983,4915,79,280,157,970,4850,89,280,157,977,4885,88,280,157,985,4925,78,280,157,974,4870,84,280,157,973,4865,92,280,157,981,4905,81
,281,157.15,979,4895,87,281,157.15,976,4880,89,281,157.15,982,4910,81,281,157.15,985,4925,78,281,157.15,970,4850,89,281,157.15,978,4890,87,281,157.15,986,4930,78,281,157.15,975,4875,84,281,157.15,973,4865,92,281,157.15,981,4905,81
,282,157.3,980,4900,86,282,157.3,976,4880,89,282,157.3,982,4910,81,282,157.3,985,4925,78,282,157.3,970,4850,89,282,157.3,978,4890,87,282,157.3,986,4930,78,282,157.3,976,4880,83,282,157.3,975,4875,91,282,157.3,981,4905,81
,283,157.45,980,4900,86,283,157.45,977,4885,88,283,157.45,983,4915,80,283,157.45,985,4925,78,283,157.45,970,4850,89,283,157.45,978,4890,87,283,157.45,986,4930,78,283,157.45,976,4880,83,283,157.45,975,4875,91,283,157.45,981,4905,81
,284,157.6,980,4900,86,284,157.6,977,4885,88,284,157.6,983,4915,80,284,157.6,985,4925,78,284,157.6,970,4850,89,284,157.6,978,4890,87,284,157.6,986,4930,78,284,157.6,977,4885,82,284,157.6,975,4875,91,284,157.6,982,4910,80
,285,157.75,981,4905,86,285,157.75,977,4885,88,285,157.75,983,4915,80,285,157.75,985,4925,78,285,157.75,971,4855,88,285,157.75,979,4895,86,285,157.75,986,4930,78,285,157.75,977,4885,82,285,157.75,975,4875,91,285,157.75,983,4915,79
,286,157.9,981,4905,86,286,157.9,977,4885,88,286,157.9,983,4915,80,286,157.9,985,4925,78,286,157.9,972,4860,87,286,157.9,979,4895,86,286,157.9,986,4930,78,286,157.9,978,4890,81,286,157.9,975,4875,91,286,157.9,985,4925,77
,287,158.05,981,4905,86,287,158.05,978,4890,86,287,158.05,983,4915,80,287,158.05,985,4925,78,287,158.05,972,4860,87,287,158.05,979,4895,86,287,158.05,986,4930,78,287,158.05,978,4890,81,287,158.05,975,4875,91,287,158.05,985,4925,77
,288,158.2,981,4905,86,288,158.2,979,4895,85,288,158.2,983,4915,80,288,158.2,985,4925,78,288,158.2,972,4860,87,288,158.2,979,4895,86,288,158.2,986,4930,78,288,158.2,978,4890,81,288,158.2,975,4875,91,288,158.2,989,4945,73
,289,158.35,981,4905,86,289,158.35,979,4895,85,289,158.35,983,4915,80,289,158.35,985,4925,78,289,158.35,972,4860,87,289,158.35,979,4895,86,289,158.35,986,4930,78,289,158.35,978,4890,81,289,158.35,975,4875,91,289,158.35,989,4945,73
,290,158.5,981,4905,86,290,158.5,981,4905,83,290,158.5,983,4915,80,290,158.5,985,4925,78,290,158.5,972,4860,87,290,158.5,980,4900,85,290,158.5,986,4930,78,290,158.5,978,4890,81,290,158.5,977,4885,89,290,158.5,990,4950,72
,291,158.65,981,4905,86,291,158.65,981,4905,83,291,158.65,983,4915,80,291,158.65,986,4930,77,291,158.65,972,4860,87,291,158.65,981,4905,84,291,158.65,986,4930,78,291,158.65,979,4895,80,291,158.65,978,4890,88,291,158.65,990,4950,72
,292,158.8,981,4905,86,292,158.8,982,4910,82,292,158.8,983,4915,80,292,158.8,986,4930,77,292,158.8,973,4865,86,292,158.8,982,4910,83,292,158.8,986,4930,78,292,158.8,979,4895,80,292,158.8,979,4895,87,292,158.8,990,4950,72
,293,158.95,981,4905,86,293,158.95,983,4915,81,293,158.95,983,4915,80,293,158.95,986,4930,77,293,158.95,974,4870,85,293,158.95,984,4920,81,293,158.95,986,4930,78,293,158.95,979,4895,80,293,158.95,979,4895,87,293,158.95,990,4950,72
,294,159.1,981,4905,86,294,159.1,983,4915,81,294,159.1,983,4915,80,294,159.1,986,4930,77,294,159.1,974,4870,85,294,159.1,984,4920,81,294,159.1,987,4935,77,294,159.1,979,4895,80,294,159.1,979,4895,87,294,159.1,991,4955,71
,295,159.25,981,4905,86,295,159.25,983,4915,81,295,159.25,984,4920,79,295,159.25,986,4930,77,295,159.25,974,4870,85,295,159.25,984,4920,81,295,159.25,987,4935,77,295,159.25,979,4895,80,295,159.25,982,4910,84,295,159.25,991,4955,71
,296,159.4,983,4915,83,296,159.4,984,4920,80,296,159.4,985,4925,78,296,159.4,986,4930,77,296,159.4,974,4870,85,296,159.4,984,4920,81,296,159.4,987,4935,77,296,159.4,979,4895,80,296,159.4,983,4915,83,296,159.4,991,4955,71
,297,159.55,983,4915,83,297,159.55,984,4920,80,297,159.55,986,4930,77,297,159.55,987,4935,76,297,159.55,974,4870,85,297,159.55,984,4920,81,297,159.55,987,4935,77,297,159.55,979,4895,80,297,159.55,983,4915,83,297,159.55,991,4955,71
,298,159.7,983,4915,83,298,159.7,984,4920,80,298,159.7,987,4935,76,298,159.7,987,4935,76,298,159.7,974,4870,85,298,159.7,984,4920,81,298,159.7,987,4935,77,298,159.7,979,4895,80,298,159.7,983,4915,83,298,159.7,991,4955,71
,299,159.85,983,4915,83,299,159.85,986,4930,78,299,159.85,987,4935,76,299,159.85,987,4935,76,299,159.85,974,4870,85,299,159.85,986,4930,79,299,159.85,988,4940,76,299,159.85,980,4900,79,299,159.85,983,4915,83,299,159.85,991,4955,71
,300,160,983,4915,83,300,160,987,4935,77,300,160,988,4940,75,300,160,987,4935,76,300,160,974,4870,85,300,160,986,4930,79,300,160,988,4940,76,300,160,980,4900,79,300,160,984,4920,81,300,160,991,4955,71
,301,160.15,983,4915,83,301,160.15,987,4935,77,301,160.15,988,4940,75,301,160.15,987,4935,76,301,160.15,975,4875,84,301,160.15,986,4930,79,301,160.15,989,4945,75,301,160.15,981,4905,78,301,160.15,984,4920,81,301,160.15,991,4955,71
,302,160.3,984,4920,82,302,160.3,987,4935,77,302,160.3,989,4945,74,302,160.3,987,4935,76,302,160.3,975,4875,84,302,160.3,988,4940,77,302,160.3,989,4945,75,302,160.3,983,4915,76,302,160.3,984,4920,81,302,160.3,991,4955,71
,303,160.45,984,4920,82,303,160.45,987,4935,77,303,160.45,989,4945,74,303,160.45,987,4935,76,303,160.45,976,4880,83,303,160.45,988,4940,77,303,160.45,989,4945,75,303,160.45,983,4915,76,303,160.45,984,4920,81,303,160.45,991,4955,71
,304,160.6,984,4920,82,304,160.6,988,4940,76,304,160.6,989,4945,74,304,160.6,987,4935,76,304,160.6,976,4880,83,304,160.6,989,4945,76,304,160.6,989,4945,75,304,160.6,983,4915,76,304,160.6,984,4920,81,304,160.6,992,4960,70
,305,160.75,985,4925,81,305,160.75,988,4940,76,305,160.75,989,4945,74,305,160.75,988,4940,75,305,160.75,976,4880,83,305,160.75,989,4945,76,305,160.75,990,4950,74,305,160.75,984,4920,75,305,160.75,985,4925,80,305,160.75,993,4965,69
,306,160.9,986,4930,80,306,160.9,988,4940,76,306,160.9,990,4950,73,306,160.9,988,4940,75,306,160.9,976,4880,83,306,160.9,989,4945,76,306,160.9,990,4950,74,306,160.9,984,4920,75,306,160.9,987,4935,78,306,160.9,993,4965,69
,307,161.05,987,4935,79,307,161.05,988,4940,76,307,161.05,990,4950,73,307,161.05,989,4945,74,307,161.05,976,4880,83,307,161.05,989,4945,76,307,161.05,990,4950,74,307,161.05,984,4920,75,307,161.05,988,4940,77,307,161.05,994,4970,68
,308,161.2,987,4935,79,308,161.2,988,4940,76,308,161.2,992,4960,71,308,161.2,989,4945,74,308,161.2,977,4885,82,308,161.2,989,4945,76,308,161.2,990,4950,74,308,161.2,985,4925,73,308,161.2,988,4940,77,308,161.2,994,4970,68
,309,161.35,987,4935,79,309,161.35,988,4940,76,309,161.35,993,4965,70,309,161.35,989,4945,74,309,161.35,978,4890,81,309,161.35,989,4945,76,309,161.35,991,4955,73,309,161.35,987,4935,71,309,161.35,990,4950,74,309,161.35,994,4970,68
,310,161.5,987,4935,79,310,161.5,988,4940,76,310,161.5,993,4965,70,310,161.5,989,4945,74,310,161.5,978,4890,81,310,161.5,990,4950,75,310,161.5,992,4960,72,310,161.5,987,4935,71,310,161.5,991,4955,73,310,161.5,994,4970,68
,311,161.65,987,4935,79,311,161.65,988,4940,76,311,161.65,993,4965,70,311,161.65,989,4945,74,311,161.65,980,4900,79,311,161.65,990,4950,75,311,161.65,993,4965,70,311,161.65,987,4935,71,311,161.65,991,4955,73,311,161.65,994,4970,68
,312,161.8,987,4935,79,312,161.8,988,4940,76,312,161.8,993,4965,70,312,161.8,991,4955,72,312,161.8,980,4900,79,312,161.8,990,4950,75,312,161.8,993,4965,70,312,161.8,987,4935,71,312,161.8,991,4955,73,312,161.8,994,4970,68
,313,161.95,987,4935,79,313,161.95,988,4940,76,313,161.95,993,4965,70,313,161.95,991,4955,72,313,161.95,980,4900,79,313,161.95,991,4955,74,313,161.95,995,4975,68,313,161.95,987,4935,71,313,161.95,991,4955,73,313,161.95,995,4975,67
,314,162.1,988,4940,78,314,162.1,989,4945,75,314,162.1,994,4970,69,314,162.1,993,4965,70,314,162.1,980,4900,79,314,162.1,992,4960,73,314,162.1,995,4975,68,314,162.1,987,4935,71,314,162.1,991,4955,73,314,162.1,995,4975,67
,315,162.25,988,4940,78,315,162.25,989,4945,75,315,162.25,994,4970,69,315,162.25,993,4965,70,315,162.25,981,4905,78,315,162.25,992,4960,73,315,162.25,995,4975,68,315,162.25,987,4935,71,315,162.25,992,4960,72,315,162.25,995,4975,67
,316,162.4,988,4940,78,316,162.4,989,4945,75,316,162.4,994,4970,69,316,162.4,993,4965,70,316,162.4,981,4905,78,316,162.4,992,4960,73,316,162.4,995,4975,68,316,162.4,987,4935,71,316,162.4,992,4960,72,316,162.4,995,4975,67
,317,162.55,988,4940,78,317,162.55,989,4945,75,317,162.55,994,4970,69,317,162.55,993,4965,70,317,162.55,982,4910,77,317,162.55,992,4960,73,317,162.55,996,4980,67,317,162.55,987,4935,71,317,162.55,992,4960,72,317,162.55,995,4975,67
,318,162.7,988,4940,78,318,162.7,990,4950,74,318,162.7,994,4970,69,318,162.7,994,4970,69,318,162.7,983,4915,76,318,162.7,993,4965,72,318,162.7,996,4980,67,318,162.7,987,4935,71,318,162.7,993,4965,71,318,162.7,996,4980,66
,319,162.85,992,4960,74,319,162.85,990,4950,74,319,162.85,994,4970,69,319,162.85,995,4975,68,319,162.85,983,4915,76,319,162.85,993,4965,72,319,162.85,997,4985,66,319,162.85,988,4940,70,319,162.85,993,4965,71,319,162.85,996,4980,66
,320,163,993,4965,73,320,163,990,4950,74,320,163,995,4975,68,320,163,996,4980,67,320,163,984,4920,75,320,163,993,4965,72,320,163,997,4985,66,320,163,989,4945,69,320,163,993,4965,71,320,163,996,4980,66
,321,163.15,995,4975,71,321,163.15,990,4950,74,321,163.15,996,4980,67,321,163.15,997,4985,66,321,163.15,985,4925,74,321,163.15,993,4965,72,321,163.15,997,4985,66,321,163.15,989,4945,69,321,163.15,993,4965,71,321,163.15,996,4980,66
,322,163.3,996,4980,70,322,163.3,990,4950,74,322,163.3,997,4985,66,322,163.3,997,4985,66,322,163.3,985,4925,74,322,163.3,994,4970,71,322,163.3,997,4985,66,322,163.3,989,4945,69,322,163.3,994,4970,70,322,163.3,997,4985,65
,323,163.45,996,4980,70,323,163.45,990,4950,74,323,163.45,999,4995,64,323,163.45,997,4985,66,323,163.45,986,4930,73,323,163.45,994,4970,71,323,163.45,997,4985,66,323,163.45,990,4950,68,323,163.45,994,4970,70,323,163.45,997,4985,65
,324,163.6,996,4980,70,324,163.6,990,4950,74,324,163.6,999,4995,64,324,163.6,997,4985,66,324,163.6,986,4930,73,324,163.6,995,4975,70,324,163.6,997,4985,66,324,163.6,991,4955,67,324,163.6,994,4970,70,324,163.6,997,4985,65
,325,163.75,996,4980,70,325,163.75,991,4955,73,325,163.75,999,4995,64,325,163.75,997,4985,66,325,163.75,986,4930,73,325,163.75,995,4975,70,325,163.75,997,4985,66,325,163.75,992,4960,66,325,163.75,995,4975,69,325,163.75,997,4985,65
,326,163.9,996,4980,70,326,163.9,991,4955,73,326,163.9,999,4995,64,326,163.9,997,4985,66,326,163.9,986,4930,73,326,163.9,995,4975,70,326,163.9,998,4990,65,326,163.9,992,4960,66,326,163.9,995,4975,69,326,163.9,997,4985,65
,327,164.05,996,4980,70,327,164.05,992,4960,72,327,164.05,999,4995,64,327,164.05,997,4985,66,327,164.05,987,4935,72,327,164.05,995,4975,70,327,164.05,998,4990,65,327,164.05,992,4960,66,327,164.05,996,4980,68,327,164.05,999,4995,62
,328,164.2,996,4980,70,328,164.2,992,4960,72,328,164.2,999,4995,64,328,164.2,999,4995,64,328,164.2,988,4940,71,328,164.2,995,4975,70,328,164.2,998,4990,65,328,164.2,992,4960,66,328,164.2,996,4980,68,328,164.2,999,4995,62
,329,164.35,996,4980,70,329,164.35,992,4960,72,329,164.35,999,4995,64,329,164.35,999,4995,64,329,164.35,988,4940,71,329,164.35,995,4975,70,329,164.35,998,4990,65,329,164.35,994,4970,64,329,164.35,996,4980,68,329,164.35,999,4995,62
,330,164.5,996,4980,70,330,164.5,992,4960,72,330,164.5,1000,5000,63,330,164.5,1000,5000,63,330,164.5,989,4945,70,330,164.5,995,4975,70,330,164.5,999,4995,64,330,164.5,994,4970,64,330,164.5,996,4980,68,330,164.5,1000,5000,61
,331,164.65,996,4980,70,331,164.65,992,4960,72,331,164.65,1000,5000,63,331,164.65,1001,5005,62,331,164.65,989,4945,70,331,164.65,995,4975,70,331,164.65,1000,5000,63,331,164.65,994,4970,64,331,164.65,996,4980,68,331,164.65,1000,5000,61
,332,164.8,996,4980,70,332,164.8,992,4960,72,332,164.8,1000,5000,63,332,164.8,1001,5005,62,332,164.8,989,4945,70,332,164.8,995,4975,70,332,164.8,1000,5000,63,332,164.8,994,4970,64,332,164.8,996,4980,68,332,164.8,1000,5000,61
,333,164.95,996,4980,70,333,164.95,992,4960,72,333,164.95,1000,5000,63,333,164.95,1001,5005,62,333,164.95,990,4950,69,333,164.95,995,4975,70,333,164.95,1000,5000,63,333,164.95,995,4975,63,333,164.95,997,4985,67,333,164.95,1000,5000,61
,334,165.1,997,4985,69,334,165.1,992,4960,72,334,165.1,1000,5000,63,334,165.1,1002,5010,61,334,165.1,990,4950,69,334,165.1,995,4975,70,334,165.1,1000,5000,63,334,165.1,996,4980,62,334,165.1,998,4990,66,334,165.1,1000,5000,61
,335,165.25,997,4985,69,335,165.25,992,4960,72,335,165.25,1001,5005,62,335,165.25,1003,5015,60,335,165.25,990,4950,69,335,165.25,996,4980,69,335,165.25,1000,5000,63,335,165.25,996,4980,62,335,165.25,999,4995,65,335,165.25,1000,5000,61
,336,165.4,998,4990,68,336,165.4,992,4960,72,336,165.4,1001,5005,62,336,165.4,1003,5015,60,336,165.4,991,4955,68,336,165.4,996,4980,69,336,165.4,1000,5000,63,336,165.4,996,4980,62,336,165.4,999,4995,65,336,165.4,1000,5000,61
,337,165.55,998,4990,68,337,165.55,994,4970,70,337,165.55,1001,5005,62,337,165.55,1003,5015,60,337,165.55,991,4955,68,337,165.55,996,4980,69,337,165.55,1000,5000,63,337,165.55,997,4985,61,337,165.55,1001,5005,62,337,165.55,1001,5005,60
,338,165.7,998,4990,68,338,165.7,996,4980,68,338,165.7,1001,5005,62,338,165.7,1003,5015,60,338,165.7,993,4965,66,338,165.7,996,4980,69,338,165.7,1000,5000,63,338,165.7,998,4990,60,338,165.7,1001,5005,62,338,165.7,1001,5005,60
,339,165.85,998,4990,68,339,165.85,996,4980,68,339,165.85,1002,5010,61,339,165.85,1003,5015,60,339,165.85,993,4965,66,339,165.85,998,4990,67,339,165.85,1001,5005,62,339,165.85,999,4995,59,339,165.85,1001,5005,62,339,165.85,1003,5015,58
,340,166,998,4990,68,340,166,996,4980,68,340,166,1002,5010,61,340,166,1003,5015,60,340,166,994,4970,65,340,166,998,4990,67,340,166,1002,5010,61,340,166,999,4995,59,340,166,1002,5010,61,340,166,1003,5015,58
,341,166.15,998,4990,68,341,166.15,996,4980,68,341,166.15,1003,5015,60,341,166.15,1003,5015,60,341,166.15,995,4975,64,341,166.15,999,4995,66,341,166.15,1002,5010,61,341,166.15,999,4995,59,341,166.15,1002,5010,61,341,166.15,1003,5015,58
,342,166.3,998,4990,68,342,166.3,997,4985,67,342,166.3,1003,5015,60,342,166.3,1003,5015,60,342,166.3,995,4975,64,342,166.3,1000,5000,65,342,166.3,1003,5015,60,342,166.3,999,4995,59,342,166.3,1002,5010,61,342,166.3,1004,5020,57
,343,166.45,999,4995,67,343,166.45,998,4990,66,343,166.45,1004,5020,59,343,166.45,1004,5020,59,343,166.45,995,4975,64,343,166.45,1000,5000,65,343,166.45,1003,5015,60,343,166.45,1002,5010,56,343,166.45,1002,5010,61,343,166.45,1004,5020,57
,344,166.6,999,4995,67,344,166.6,998,4990,66,344,166.6,1005,5025,58,344,166.6,1004,5020,59,344,166.6,996,4980,63,344,166.6,1000,5000,65,344,166.6,1003,5015,60,344,166.6,1002,5010,56,344,166.6,1002,5010,61,344,166.6,1004,5020,57
,345,166.75,999,4995,67,345,166.75,999,4995,65,345,166.75,1005,5025,58,345,166.75,1006,5030,57,345,166.75,996,4980,63,345,166.75,1000,5000,65,345,166.75,1004,5020,59,345,166.75,1003,5015,55,345,166.75,1002,5010,61,345,166.75,1004,5020,57
,346,166.9,999,4995,67,346,166.9,1000,5000,64,346,166.9,1005,5025,58,346,166.9,1006,5030,57,346,166.9,996,4980,63,346,166.9,1000,5000,65,346,166.9,1004,5020,59,346,166.9,1004,5020,54,346,166.9,1003,5015,60,346,166.9,1004,5020,57
,347,167.05,999,4995,67,347,167.05,1000,5000,64,347,167.05,1005,5025,58,347,167.05,1008,5040,55,347,167.05,996,4980,63,347,167.05,1000,5000,65,347,167.05,1004,5020,59,347,167.05,1006,5030,52,347,167.05,1003,5015,60,347,167.05,1005,5025,56
,348,167.2,999,4995,67,348,167.2,1000,5000,64,348,167.2,1005,5025,58,348,167.2,1008,5040,55,348,167.2,996,4980,63,348,167.2,1001,5005,64,348,167.2,1005,5025,58,348,167.2,1008,5040,50,348,167.2,1004,5020,59,348,167.2,1007,5035,54
,349,167.35,1000,5000,66,349,167.35,1001,5005,63,349,167.35,1005,5025,58,349,167.35,1009,5045,54,349,167.35,996,4980,63,349,167.35,1001,5005,64,349,167.35,1005,5025,58,349,167.35,1008,5040,50,349,167.35,1004,5020,59,349,167.35,1007,5035,54
,350,167.5,1001,5005,65,350,167.5,1001,5005,63,350,167.5,1005,5025,58,350,167.5,1009,5045,54,350,167.5,999,4995,59,350,167.5,1001,5005,64,350,167.5,1005,5025,58,350,167.5,1008,5040,50,350,167.5,1004,5020,59,350,167.5,1008,5040,53
,351,167.65,1002,5010,64,351,167.65,1001,5005,63,351,167.65,1005,5025,58,351,167.65,1010,5050,53,351,167.65,1000,5000,58,351,167.65,1005,5025,60,351,167.65,1005,5025,58,351,167.65,1009,5045,49,351,167.65,1004,5020,59,351,167.65,1009,5045,52
,352,167.8,1002,5010,64,352,167.8,1001,5005,63,352,167.8,1005,5025,58,352,167.8,1010,5050,53,352,167.8,1000,5000,58,352,167.8,1005,5025,60,352,167.8,1005,5025,58,352,167.8,1009,5045,49,352,167.8,1005,5025,58,352,167.8,1009,5045,52
,353,167.95,1003,5015,63,353,167.95,1001,5005,63,353,167.95,1005,5025,58,353,167.95,1010,5050,53,353,167.95,1000,5000,58,353,167.95,1007,5035,58,353,167.95,1005,5025,58,353,167.95,1009,5045,49,353,167.95,1006,5030,57,353,167.95,1010,5050,51
,354,168.1,1003,5015,63,354,168.1,1002,5010,62,354,168.1,1005,5025,58,354,168.1,1010,5050,53,354,168.1,1001,5005,57,354,168.1,1008,5040,57,354,168.1,1005,5025,58,354,168.1,1009,5045,49,354,168.1,1007,5035,56,354,168.1,1011,5055,50
,355,168.25,1004,5020,62,355,168.25,1003,5015,61,355,168.25,1005,5025,58,355,168.25,1010,5050,53,355,168.25,1001,5005,57,355,168.25,1008,5040,57,355,168.25,1006,5030,57,355,168.25,1009,5045,49,355,168.25,1007,5035,56,355,168.25,1011,5055,50
,356,168.4,1004,5020,62,356,168.4,1004,5020,60,356,168.4,1006,5030,57,356,168.4,1010,5050,53,356,168.4,1002,5010,56,356,168.4,1009,5045,56,356,168.4,1006,5030,57,356,168.4,1009,5045,49,356,168.4,1007,5035,56,356,168.4,1011,5055,50
,357,168.55,1004,5020,62,357,168.55,1004,5020,60,357,168.55,1008,5040,55,357,168.55,1012,5060,51,357,168.55,1002,5010,56,357,168.55,1010,5050,55,357,168.55,1007,5035,56,357,168.55,1010,5050,48,357,168.55,1007,5035,56,357,168.55,1011,5055,50
,358,168.7,1004,5020,62,358,168.7,1006,5030,58,358,168.7,1010,5050,53,358,168.7,1012,5060,51,358,168.7,1002,5010,56,358,168.7,1010,5050,55,358,168.7,1007,5035,56,358,168.7,1010,5050,48,358,168.7,1007,5035,56,358,168.7,1012,5060,49
,359,168.85,1004,5020,62,359,168.85,1006,5030,58,359,168.85,1010,5050,53,359,168.85,1012,5060,51,359,168.85,1004,5020,54,359,168.85,1010,5050,55,359,168.85,1007,5035,56,359,168.85,1011,5055,47,359,168.85,1007,5035,56,359,168.85,1012,5060,49
,360,169,1004,5020,62,360,169,1006,5030,58,360,169,1010,5050,53,360,169,1013,5065,50,360,169,1005,5025,53,360,169,1011,5055,54,360,169,1008,5040,54,360,169,1012,5060,46,360,169,1008,5040,55,360,169,1013,5065,48
,361,169.15,1005,5025,61,361,169.15,1008,5040,56,361,169.15,1010,5050,53,361,169.15,1013,5065,50,361,169.15,1005,5025,53,361,169.15,1011,5055,54,361,169.15,1009,5045,53,361,169.15,1013,5065,45,361,169.15,1008,5040,55,361,169.15,1014,5070,47
,362,169.3,1005,5025,61,362,169.3,1008,5040,56,362,169.3,1010,5050,53,362,169.3,1013,5065,50,362,169.3,1005,5025,53,362,169.3,1013,5065,52,362,169.3,1010,5050,52,362,169.3,1014,5070,44,362,169.3,1008,5040,55,362,169.3,1014,5070,47
,363,169.45,1005,5025,61,363,169.45,1008,5040,56,363,169.45,1010,5050,53,363,169.45,1013,5065,50,363,169.45,1007,5035,51,363,169.45,1014,5070,51,363,169.45,1010,5050,52,363,169.45,1015,5075,43,363,169.45,1009,5045,54,363,169.45,1014,5070,47
,364,169.6,1005,5025,61,364,169.6,1008,5040,56,364,169.6,1011,5055,52,364,169.6,1013,5065,50,364,169.6,1008,5040,50,364,169.6,1015,5075,50,364,169.6,1011,5055,51,364,169.6,1016,5080,42,364,169.6,1009,5045,54,364,169.6,1014,5070,47
,365,169.75,1007,5035,59,365,169.75,1008,5040,56,365,169.75,1011,5055,52,365,169.75,1015,5075,48,365,169.75,1008,5040,50,365,169.75,1016,5080,49,365,169.75,1011,5055,51,365,169.75,1016,5080,42,365,169.75,1009,5045,54,365,169.75,1015,5075,46
,366,169.9,1007,5035,59,366,169.9,1009,5045,55,366,169.9,1011,5055,52,366,169.9,1015,5075,48,366,169.9,1008,5040,50,366,169.9,1016,5080,49,366,169.9,1011,5055,51,366,169.9,1016,5080,42,366,169.9,1009,5045,54,366,169.9,1015,5075,46
,367,170.05,1008,5040,58,367,170.05,1009,5045,55,367,170.05,1011,5055,52,367,170.05,1015,5075,48,367,170.05,1009,5045,49,367,170.05,1016,5080,49,367,170.05,1012,5060,50,367,170.05,1016,5080,42,367,170.05,1009,5045,54,367,170.05,1015,5075,46
,368,170.2,1008,5040,58,368,170.2,1009,5045,55,368,170.2,1013,5065,49,368,170.2,1016,5080,47,368,170.2,1010,5050,48,368,170.2,1016,5080,49,368,170.2,1012,5060,50,368,170.2,1016,5080,42,368,170.2,1009,5045,54,368,170.2,1016,5080,45
,369,170.35,1008,5040,58,369,170.35,1009,5045,55,369,170.35,1014,5070,48,369,170.35,1016,5080,47,369,170.35,1011,5055,47,369,170.35,1016,5080,49,369,170.35,1012,5060,50,369,170.35,1017,5085,41,369,170.35,1010,5050,53,369,170.35,1017,5085,44
,370,170.5,1011,5055,55,370,170.5,1009,5045,55,370,170.5,1015,5075,47,370,170.5,1017,5085,46,370,170.5,1011,5055,47,370,170.5,1018,5090,46,370,170.5,1012,5060,50,370,170.5,1017,5085,41,370,170.5,1010,5050,53,370,170.5,1018,5090,43
,371,170.65,1011,5055,55,371,170.65,1011,5055,53,371,170.65,1015,5075,47,371,170.65,1018,5090,45,371,170.65,1011,5055,47,371,170.65,1018,5090,46,371,170.65,1012,5060,50,371,170.65,1017,5085,41,371,170.65,1010,5050,53,371,170.65,1018,5090,43
,372,170.8,1011,5055,55,372,170.8,1011,5055,53,372,170.8,1017,5085,45,372,170.8,1018,5090,45,372,170.8,1012,5060,45,372,170.8,1019,5095,45,372,170.8,1012,5060,50,372,170.8,1017,5085,41,372,170.8,1012,5060,52,372,170.8,1018,5090,43
,373,170.95,1012,5060,54,373,170.95,1011,5055,53,373,170.95,1017,5085,45,373,170.95,1018,5090,45,373,170.95,1012,5060,45,373,170.95,1019,5095,45,373,170.95,1012,5060,50,373,170.95,1017,5085,41,373,170.95,1012,5060,52,373,170.95,1018,5090,43
,374,171.1,1014,5070,52,374,171.1,1012,5060,52,374,171.1,1018,5090,44,374,171.1,1018,5090,45,374,171.1,1012,5060,45,374,171.1,1019,5095,45,374,171.1,1012,5060,50,374,171.1,1018,5090,40,374,171.1,1014,5070,50,374,171.1,1018,5090,43
,375,171.25,1014,5070,52,375,171.25,1012,5060,52,375,171.25,1019,5095,43,375,171.25,1018,5090,45,375,171.25,1012,5060,45,375,171.25,1020,5100,44,375,171.25,1012,5060,50,375,171.25,1018,5090,40,375,171.25,1015,5075,49,375,171.25,1018,5090,43
,376,171.4,1014,5070,52,376,171.4,1013,5065,50,376,171.4,1019,5095,43,376,171.4,1018,5090,45,376,171.4,1012,5060,45,376,171.4,1023,5115,41,376,171.4,1013,5065,49,376,171.4,1019,5095,39,376,171.4,1016,5080,48,376,171.4,1018,5090,43
,377,171.55,1017,5085,48,377,171.55,1014,5070,49,377,171.55,1020,5100,42,377,171.55,1018,5090,45,377,171.55,1012,5060,45,377,171.55,1024,5120,40,377,171.55,1014,5070,48,377,171.55,1019,5095,39,377,171.55,1018,5090,46,377,171.55,1018,5090,43
,378,171.7,1017,5085,48,378,171.7,1015,5075,48,378,171.7,1020,5100,42,378,171.7,1018,5090,45,378,171.7,1012,5060,45,378,171.7,1025,5125,39,378,171.7,1016,5080,46,378,171.7,1021,5105,38,378,171.7,1019,5095,45,378,171.7,1019,5095,42
,379,171.85,1018,5090,47,379,171.85,1016,5080,47,379,171.85,1020,5100,42,379,171.85,1018,5090,45,379,171.85,1014,5070,43,379,171.85,1025,5125,39,379,171.85,1016,5080,46,379,171.85,1022,5110,37,379,171.85,1020,5100,44,379,171.85,1019,5095,42
,380,172,1018,5090,47,380,172,1016,5080,47,380,172,1020,5100,42,380,172,1018,5090,45,380,172,1014,5070,43,380,172,1026,5130,38,380,172,1016,5080,46,380,172,1022,5110,37,380,172,1022,5110,41,380,172,1021,5105,40
,381,172.15,1020,5100,45,381,172.15,1016,5080,47,381,172.15,1021,5105,41,381,172.15,1018,5090,45,381,172.15,1016,5080,41,381,172.15,1027,5135,37,381,172.15,1017,5085,45,381,172.15,1023,5115,36,381,172.15,1022,5110,41,381,172.15,1022,5110,39
,382,172.3,1021,5105,44,382,172.3,1016,5080,47,382,172.3,1021,5105,41,382,172.3,1018,5090,45,382,172.3,1016,5080,41,382,172.3,1027,5135,37,382,172.3,1017,5085,45,382,172.3,1023,5115,36,382,172.3,1022,5110,41,382,172.3,1023,5115,38
,383,172.45,1023,5115,42,383,172.45,1017,5085,46,383,172.45,1022,5110,40,383,172.45,1020,5100,43,383,172.45,1018,5090,39,383,172.45,1027,5135,37,383,172.45,1018,5090,44,383,172.45,1023,5115,36,383,172.45,1022,5110,41,383,172.45,1023,5115,38
,384,172.6,1025,5125,40,384,172.6,1018,5090,45,384,172.6,1022,5110,40,384,172.6,1020,5100,43,384,172.6,1018,5090,39,384,172.6,1029,5145,35,384,172.6,1020,5100,42,384,172.6,1023,5115,36,384,172.6,1023,5115,40,384,172.6,1025,5125,36
,385,172.75,1025,5125,40,385,172.75,1022,5110,41,385,172.75,1022,5110,40,385,172.75,1021,5105,42,385,172.75,1018,5090,39,385,172.75,1030,5150,34,385,172.75,1020,5100,42,385,172.75,1025,5125,34,385,172.75,1023,5115,40,385,172.75,1025,5125,36
,386,172.9,1025,5125,40,386,172.9,1023,5115,40,386,172.9,1022,5110,40,386,172.9,1022,5110,41,386,172.9,1018,5090,39,386,172.9,1031,5155,33,386,172.9,1020,5100,42,386,172.9,1026,5130,33,386,172.9,1024,5120,39,386,172.9,1025,5125,36
,387,173.05,1025,5125,40,387,173.05,1023,5115,40,387,173.05,1023,5115,39,387,173.05,1023,5115,40,387,173.05,1019,5095,38,387,173.05,1031,5155,33,387,173.05,1020,5100,42,387,173.05,1027,5135,32,387,173.05,1024,5120,39,387,173.05,1026,5130,35
,388,173.2,1025,5125,40,388,173.2,1023,5115,40,388,173.2,1025,5125,36,388,173.2,1023,5115,40,388,173.2,1019,5095,38,388,173.2,1031,5155,33,388,173.2,1021,5105,41,388,173.2,1027,5135,32,388,173.2,1024,5120,39,388,173.2,1027,5135,34
,389,173.35,1025,5125,40,389,173.35,1023,5115,40,389,173.35,1025,5125,36,389,173.35,1024,5120,39,389,173.35,1020,5100,37,389,173.35,1031,5155,33,389,173.35,1022,5110,40,389,173.35,1027,5135,32,389,173.35,1024,5120,39,389,173.35,1027,5135,34
,390,173.5,1027,5135,37,390,173.5,1024,5120,39,390,173.5,1025,5125,36,390,173.5,1024,5120,39,390,173.5,1021,5105,36,390,173.5,1031,5155,33,390,173.5,1022,5110,40,390,173.5,1027,5135,32,390,173.5,1025,5125,38,390,173.5,1028,5140,33
,391,173.65,1027,5135,37,391,173.65,1024,5120,39,391,173.65,1026,5130,35,391,173.65,1024,5120,39,391,173.65,1021,5105,36,391,173.65,1031,5155,33,391,173.65,1023,5115,39,391,173.65,1027,5135,32,391,173.65,1025,5125,38,391,173.65,1028,5140,33
,392,173.8,1027,5135,37,392,173.8,1024,5120,39,392,173.8,1026,5130,35,392,173.8,1024,5120,39,392,173.8,1021,5105,36,392,173.8,1031,5155,33,392,173.8,1024,5120,38,392,173.8,1028,5140,31,392,173.8,1027,5135,36,392,173.8,1028,5140,33
,393,173.95,1028,5140,36,393,173.95,1024,5120,39,393,173.95,1026,5130,35,393,173.95,1025,5125,38,393,173.95,1021,5105,36,393,173.95,1032,5160,32,393,173.95,1026,5130,36,393,173.95,1028,5140,31,393,173.95,1029,5145,34,393,173.95,1028,5140,33
,394,174.1,1029,5145,35,394,174.1,1024,5120,39,394,174.1,1026,5130,35,394,174.1,1026,5130,37,394,174.1,1022,5110,35,394,174.1,1032,5160,32,394,174.1,1026,5130,36,394,174.1,1029,5145,30,394,174.1,1029,5145,34,394,174.1,1028,5140,33
,395,174.25,1030,5150,34,395,174.25,1024,5120,39,395,174.25,1027,5135,34,395,174.25,1027,5135,36,395,174.25,1024,5120,33,395,174.25,1032,5160,32,395,174.25,1028,5140,34,395,174.25,1030,5150,29,395,174.25,1030,5150,33,395,174.25,1028,5140,33
,396,174.4,1030,5150,34,396,174.4,1025,5125,38,396,174.4,1027,5135,34,396,174.4,1027,5135,36,396,174.4,1025,5125,32,396,174.4,1032,5160,32,396,174.4,1029,5145,33,396,174.4,1030,5150,29,396,174.4,1030,5150,33,396,174.4,1028,5140,33
,397,174.55,1031,5155,33,397,174.55,1025,5125,38,397,174.55,1027,5135,34,397,174.55,1028,5140,35,397,174.55,1025,5125,32,397,174.55,1032,5160,32,397,174.55,1029,5145,33,397,174.55,1030,5150,29,397,174.55,1030,5150,33,397,174.55,1028,5140,33
,398,174.7,1031,5155,33,398,174.7,1026,5130,37,398,174.7,1028,5140,33,398,174.7,1029,5145,34,398,174.7,1025,5125,32,398,174.7,1032,5160,32,398,174.7,1030,5150,32,398,174.7,1030,5150,29,398,174.7,1030,5150,33,398,174.7,1028,5140,33
,399,174.85,1031,5155,33,399,174.85,1026,5130,37,399,174.85,1028,5140,33,399,174.85,1029,5145,34,399,174.85,1025,5125,32,399,174.85,1032,5160,32,399,174.85,1030,5150,32,399,174.85,1030,5150,29,399,174.85,1031,5155,32,399,174.85,1028,5140,33
,400,175,1031,5155,33,400,175,1027,5135,36,400,175,1028,5140,33,400,175,1029,5145,34,400,175,1026,5130,31,400,175,1034,5170,30,400,175,1032,5160,30,400,175,1030,5150,29,400,175,1031,5155,32,400,175,1028,5140,33
,401,175.15,1031,5155,33,401,175.15,1027,5135,36,401,175.15,1029,5145,32,401,175.15,1031,5155,32,401,175.15,1026,5130,31,401,175.15,1035,5175,29,401,175.15,1033,5165,29,401,175.15,1030,5150,29,401,175.15,1032,5160,31,401,175.15,1029,5145,32
,402,175.3,1032,5160,32,402,175.3,1027,5135,36,402,175.3,1029,5145,32,402,175.3,1032,5160,31,402,175.3,1026,5130,31,402,175.3,1035,5175,29,402,175.3,1034,5170,28,402,175.3,1030,5150,29,402,175.3,1033,5165,30,402,175.3,1030,5150,31
,403,175.45,1032,5160,32,403,175.45,1028,5140,35,403,175.45,1029,5145,32,403,175.45,1032,5160,31,403,175.45,1026,5130,31,403,175.45,1035,5175,29,403,175.45,1035,5175,27,403,175.45,1030,5150,29,403,175.45,1033,5165,30,403,175.45,1032,5160,28
,404,175.6,1032,5160,32,404,175.6,1028,5140,35,404,175.6,1029,5145,32,404,175.6,1032,5160,31,404,175.6,1029,5145,28,404,175.6,1035,5175,29,404,175.6,1035,5175,27,404,175.6,1030,5150,29,404,175.6,1033,5165,30,404,175.6,1033,5165,27
,405,175.75,1033,5165,31,405,175.75,1028,5140,35,405,175.75,1031,5155,30,405,175.75,1032,5160,31,405,175.75,1030,5150,27,405,175.75,1035,5175,29,405,175.75,1035,5175,27,405,175.75,1032,5160,27,405,175.75,1033,5165,30,405,175.75,1033,5165,27
,406,175.9,1035,5175,29,406,175.9,1029,5145,34,406,175.9,1033,5165,28,406,175.9,1033,5165,30,406,175.9,1032,5160,25,406,175.9,1035,5175,29,406,175.9,1037,5185,25,406,175.9,1033,5165,26,406,175.9,1033,5165,30,406,175.9,1034,5170,26
,407,176.05,1035,5175,29,407,176.05,1029,5145,34,407,176.05,1033,5165,28,407,176.05,1035,5175,28,407,176.05,1032,5160,25,407,176.05,1036,5180,28,407,176.05,1037,5185,25,407,176.05,1034,5170,25,407,176.05,1033,5165,30,407,176.05,1035,5175,25
,408,176.2,1035,5175,29,408,176.2,1031,5155,32,408,176.2,1034,5170,27,408,176.2,1035,5175,28,408,176.2,1032,5160,25,408,176.2,1036,5180,28,408,176.2,1037,5185,25,408,176.2,1035,5175,24,408,176.2,1033,5165,30,408,176.2,1037,5185,23
,409,176.35,1036,5180,27,409,176.35,1032,5160,31,409,176.35,1036,5180,25,409,176.35,1035,5175,28,409,176.35,1032,5160,25,409,176.35,1036,5180,28,409,176.35,1037,5185,25,409,176.35,1035,5175,24,409,176.35,1033,5165,30,409,176.35,1037,5185,23
,410,176.5,1036,5180,27,410,176.5,1032,5160,31,410,176.5,1037,5185,24,410,176.5,1035,5175,28,410,176.5,1032,5160,25,410,176.5,1036,5180,28,410,176.5,1037,5185,25,410,176.5,1037,5185,22,410,176.5,1033,5165,30,410,176.5,1037,5185,23
,411,176.65,1036,5180,27,411,176.65,1033,5165,30,411,176.65,1037,5185,24,411,176.65,1036,5180,27,411,176.65,1032,5160,25,411,176.65,1037,5185,27,411,176.65,1037,5185,25,411,176.65,1037,5185,22,411,176.65,1034,5170,29,411,176.65,1038,5190,22
,412,176.8,1036,5180,27,412,176.8,1033,5165,30,412,176.8,1037,5185,24,412,176.8,1037,5185,26,412,176.8,1032,5160,25,412,176.8,1037,5185,27,412,176.8,1037,5185,25,412,176.8,1037,5185,22,412,176.8,1034,5170,29,412,176.8,1039,5195,21
,413,176.95,1036,5180,27,413,176.95,1034,5170,29,413,176.95,1037,5185,24,413,176.95,1039,5195,24,413,176.95,1033,5165,24,413,176.95,1037,5185,27,413,176.95,1038,5190,24,413,176.95,1037,5185,22,413,176.95,1035,5175,28,413,176.95,1039,5195,21
,414,177.1,1036,5180,27,414,177.1,1034,5170,29,414,177.1,1037,5185,24,414,177.1,1039,5195,24,414,177.1,1034,5170,23,414,177.1,1037,5185,27,414,177.1,1038,5190,24,414,177.1,1038,5190,21,414,177.1,1037,5185,26,414,177.1,1039,5195,21
,415,177.25,1036,5180,27,415,177.25,1034,5170,29,415,177.25,1037,5185,24,415,177.25,1039,5195,24,415,177.25,1034,5170,23,415,177.25,1037,5185,27,415,177.25,1039,5195,23,415,177.25,1038,5190,21,415,177.25,1038,5190,25,415,177.25,1039,5195,21
,416,177.4,1036,5180,27,416,177.4,1035,5175,28,416,177.4,1037,5185,24,416,177.4,1040,5200,23,416,177.4,1034,5170,23,416,177.4,1037,5185,27,416,177.4,1039,5195,23,416,177.4,1039,5195,20,416,177.4,1038,5190,25,416,177.4,1040,5200,20
,417,177.55,1037,5185,26,417,177.55,1035,5175,28,417,177.55,1038,5190,23,417,177.55,1041,5205,22,417,177.55,1035,5175,22,417,177.55,1037,5185,27,417,177.55,1039,5195,23,417,177.55,1039,5195,20,417,177.55,1038,5190,25,417,177.55,1040,5200,20
,418,177.7,1038,5190,25,418,177.7,1035,5175,28,418,177.7,1038,5190,23,418,177.7,1041,5205,22,418,177.7,1035,5175,22,418,177.7,1037,5185,27,418,177.7,1039,5195,23,418,177.7,1040,5200,19,418,177.7,1038,5190,25,418,177.7,1040,5200,20
,419,177.85,1040,5200,23,419,177.85,1036,5180,27,419,177.85,1038,5190,23,419,177.85,1042,5210,21,419,177.85,1035,5175,22,419,177.85,1037,5185,27,419,177.85,1039,5195,23,419,177.85,1040,5200,19,419,177.85,1039,5195,24,419,177.85,1041,5205,19
,420,178,1040,5200,23,420,178,1036,5180,27,420,178,1038,5190,23,420,178,1042,5210,21,420,178,1036,5180,21,420,178,1037,5185,27,420,178,1039,5195,23,420,178,1040,5200,19,420,178,1040,5200,23,420,178,1041,5205,19
,421,178.15,1040,5200,23,421,178.15,1036,5180,27,421,178.15,1038,5190,23,421,178.15,1042,5210,21,421,178.15,1036,5180,21,421,178.15,1037,5185,27,421,178.15,1040,5200,21,421,178.15,1040,5200,19,421,178.15,1041,5205,22,421,178.15,1041,5205,19
,422,178.3,1040,5200,23,422,178.3,1036,5180,27,422,178.3,1038,5190,23,422,178.3,1043,5215,20,422,178.3,1037,5185,20,422,178.3,1037,5185,27,422,178.3,1040,5200,21,422,178.3,1041,5205,18,422,178.3,1042,5210,21,422,178.3,1041,5205,19
,423,178.45,1042,5210,20,423,178.45,1036,5180,27,423,178.45,1038,5190,23,423,178.45,1043,5215,20,423,178.45,1038,5190,19,423,178.45,1039,5195,25,423,178.45,1041,5205,19,423,178.45,1041,5205,18,423,178.45,1042,5210,21,423,178.45,1041,5205,19
,424,178.6,1042,5210,20,424,178.6,1036,5180,27,424,178.6,1038,5190,23,424,178.6,1043,5215,20,424,178.6,1039,5195,18,424,178.6,1040,5200,23,424,178.6,1042,5210,18,424,178.6,1041,5205,18,424,178.6,1042,5210,21,424,178.6,1041,5205,19
,425,178.75,1042,5210,20,425,178.75,1036,5180,27,425,178.75,1038,5190,23,425,178.75,1043,5215,20,425,178.75,1041,5205,16,425,178.75,1042,5210,21,425,178.75,1043,5215,17,425,178.75,1041,5205,18,425,178.75,1042,5210,21,425,178.75,1041,5205,19
,426,178.9,1042,5210,20,426,178.9,1036,5180,27,426,178.9,1038,5190,23,426,178.9,1044,5220,19,426,178.9,1041,5205,16,426,178.9,1042,5210,21,426,178.9,1043,5215,17,426,178.9,1041,5205,18,426,178.9,1044,5220,19,426,178.9,1042,5210,18
,427,179.05,1043,5215,19,427,179.05,1036,5180,27,427,179.05,1038,5190,23,427,179.05,1045,5225,18,427,179.05,1043,5215,14,427,179.05,1042,5210,21,427,179.05,1044,5220,16,427,179.05,1041,5205,18,427,179.05,1044,5220,19,427,179.05,1043,5215,17
,428,179.2,1043,5215,19,428,179.2,1036,5180,27,428,179.2,1039,5195,22,428,179.2,1045,5225,18,428,179.2,1043,5215,14,428,179.2,1043,5215,20,428,179.2,1045,5225,15,428,179.2,1041,5205,18,428,179.2,1044,5220,19,428,179.2,1044,5220,16
,429,179.35,1044,5220,18,429,179.35,1037,5185,26,429,179.35,1039,5195,22,429,179.35,1045,5225,18,429,179.35,1043,5215,14,429,179.35,1043,5215,20,429,179.35,1047,5235,13,429,179.35,1041,5205,18,429,179.35,1044,5220,19,429,179.35,1044,5220,16
,430,179.5,1044,5220,18,430,179.5,1037,5185,26,430,179.5,1039,5195,22,430,179.5,1045,5225,18,430,179.5,1044,5220,13,430,179.5,1044,5220,19,430,179.5,1047,5235,13,430,179.5,1041,5205,18,430,179.5,1045,5225,18,430,179.5,1044,5220,16
,431,179.65,1045,5225,17,431,179.65,1037,5185,26,431,179.65,1039,5195,22,431,179.65,1047,5235,16,431,179.65,1045,5225,12,431,179.65,1044,5220,19,431,179.65,1049,5245,11,431,179.65,1042,5210,17,431,179.65,1045,5225,18,431,179.65,1045,5225,15
,432,179.8,1045,5225,17,432,179.8,1037,5185,26,432,179.8,1039,5195,22,432,179.8,1047,5235,16,432,179.8,1046,5230,11,432,179.8,1044,5220,19,432,179.8,1049,5245,11,432,179.8,1042,5210,17,432,179.8,1046,5230,17,432,179.8,1048,5240,11
,433,179.95,1045,5225,17,433,179.95,1037,5185,26,433,179.95,1039,5195,22,433,179.95,1047,5235,16,433,179.95,1046,5230,11,433,179.95,1045,5225,18,433,179.95,1049,5245,11,433,179.95,1042,5210,17,433,179.95,1046,5230,17,433,179.95,1048,5240,11
,434,180.1,1045,5225,17,434,180.1,1037,5185,26,434,180.1,1039,5195,22,434,180.1,1048,5240,15,434,180.1,1046,5230,11,434,180.1,1045,5225,18,434,180.1,1049,5245,11,434,180.1,1042,5210,17,434,180.1,1046,5230,17,434,180.1,1048,5240,11
,435,180.25,1045,5225,17,435,180.25,1038,5190,25,435,180.25,1039,5195,22,435,180.25,1048,5240,15,435,180.25,1046,5230,11,435,180.25,1045,5225,18,435,180.25,1049,5245,11,435,180.25,1042,5210,17,435,180.25,1046,5230,17,435,180.25,1048,5240,11
,436,180.4,1046,5230,16,436,180.4,1039,5195,24,436,180.4,1039,5195,22,436,180.4,1049,5245,14,436,180.4,1046,5230,11,436,180.4,1045,5225,18,436,180.4,1049,5245,11,436,180.4,1042,5210,17,436,180.4,1046,5230,17,436,180.4,1048,5240,11
,437,180.55,1046,5230,16,437,180.55,1039,5195,24,437,180.55,1040,5200,21,437,180.55,1050,5250,13,437,180.55,1046,5230,11,437,180.55,1046,5230,17,437,180.55,1049,5245,11,437,180.55,1042,5210,17,437,180.55,1047,5235,16,437,180.55,1049,5245,10
,438,180.7,1046,5230,16,438,180.7,1039,5195,24,438,180.7,1040,5200,21,438,180.7,1050,5250,13,438,180.7,1047,5235,10,438,180.7,1046,5230,17,438,180.7,1049,5245,11,438,180.7,1042,5210,17,438,180.7,1047,5235,16,438,180.7,1049,5245,10
,439,180.85,1046,5230,16,439,180.85,1039,5195,24,439,180.85,1040,5200,21,439,180.85,1050,5250,13,439,180.85,1047,5235,10,439,180.85,1048,5240,15,439,180.85,1050,5250,10,439,180.85,1043,5215,16,439,180.85,1047,5235,16,439,180.85,1049,5245,10
,440,181,1047,5235,14,440,181,1040,5200,23,440,181,1040,5200,21,440,181,1050,5250,13,440,181,1047,5235,10,440,181,1048,5240,15,440,181,1050,5250,10,440,181,1044,5220,15,440,181,1047,5235,16,440,181,1049,5245,10
,441,181.15,1047,5235,14,441,181.15,1040,5200,23,441,181.15,1042,5210,19,441,181.15,1050,5250,13,441,181.15,1047,5235,10,441,181.15,1049,5245,14,441,181.15,1051,5255,9,441,181.15,1044,5220,15,441,181.15,1047,5235,16,441,181.15,1049,5245,10
,442,181.3,1047,5235,14,442,181.3,1040,5200,23,442,181.3,1042,5210,19,442,181.3,1050,5250,13,442,181.3,1047,5235,10,442,181.3,1050,5250,13,442,181.3,1051,5255,9,442,181.3,1044,5220,15,442,181.3,1047,5235,16,442,181.3,1049,5245,10
,443,181.45,1047,5235,14,443,181.45,1040,5200,23,443,181.45,1042,5210,19,443,181.45,1050,5250,13,443,181.45,1047,5235,10,443,181.45,1050,5250,13,443,181.45,1051,5255,9,443,181.45,1045,5225,14,443,181.45,1047,5235,16,443,181.45,1049,5245,10
,444,181.6,1047,5235,14,444,181.6,1040,5200,23,444,181.6,1042,5210,19,444,181.6,1050,5250,13,444,181.6,1047,5235,10,444,181.6,1051,5255,12,444,181.6,1051,5255,9,444,181.6,1045,5225,14,444,181.6,1047,5235,16,444,181.6,1049,5245,10
,445,181.75,1047,5235,14,445,181.75,1040,5200,23,445,181.75,1042,5210,19,445,181.75,1050,5250,13,445,181.75,1047,5235,10,445,181.75,1051,5255,12,445,181.75,1051,5255,9,445,181.75,1045,5225,14,445,181.75,1047,5235,16,445,181.75,1050,5250,10
,446,181.9,1047,5235,14,446,181.9,1040,5200,23,446,181.9,1043,5215,18,446,181.9,1050,5250,13,446,181.9,1047,5235,10,446,181.9,1051,5255,12,446,181.9,1052,5260,8,446,181.9,1045,5225,14,446,181.9,1047,5235,16,446,181.9,1050,5250,10
,447,182.05,1048,5240,13,447,182.05,1041,5205,22,447,182.05,1043,5215,18,447,182.05,1051,5255,12,447,182.05,1047,5235,10,447,182.05,1051,5255,12,447,182.05,1052,5260,8,447,182.05,1046,5230,13,447,182.05,1048,5240,15,447,182.05,1050,5250,10
,448,182.2,1048,5240,13,448,182.2,1042,5210,21,448,182.2,1043,5215,18,448,182.2,1051,5255,12,448,182.2,1047,5235,10,448,182.2,1051,5255,12,448,182.2,1052,5260,8,448,182.2,1046,5230,13,448,182.2,1048,5240,15,448,182.2,1050,5250,10
,449,182.35,1048,5240,13,449,182.35,1043,5215,20,449,182.35,1043,5215,18,449,182.35,1051,5255,12,449,182.35,1047,5235,10,449,182.35,1051,5255,12,449,182.35,1052,5260,8,449,182.35,1046,5230,13,449,182.35,1048,5240,15,449,182.35,1050,5250,10
,450,182.5,1048,5240,13,450,182.5,1043,5215,20,450,182.5,1044,5220,17,450,182.5,1051,5255,12,450,182.5,1050,5250,7,450,182.5,1051,5255,12,450,182.5,1052,5260,8,450,182.5,1046,5230,13,450,182.5,1048,5240,15,450,182.5,1050,5250,10
,451,182.65,1049,5245,12,451,182.65,1043,5215,20,451,182.65,1044,5220,17,451,182.65,1051,5255,12,451,182.65,1050,5250,7,451,182.65,1051,5255,12,451,182.65,1053,5265,7,451,182.65,1047,5235,12,451,182.65,1048,5240,15,451,182.65,1050,5250,10
,452,182.8,1049,5245,12,452,182.8,1043,5215,20,452,182.8,1044,5220,17,452,182.8,1051,5255,12,452,182.8,1050,5250,7,452,182.8,1051,5255,12,452,182.8,1053,5265,7,452,182.8,1047,5235,12,452,182.8,1048,5240,15,452,182.8,1050,5250,10
,453,182.95,1049,5245,12,453,182.95,1043,5215,20,453,182.95,1046,5230,15,453,182.95,1051,5255,12,453,182.95,1050,5250,7,453,182.95,1052,5260,11,453,182.95,1053,5265,7,453,182.95,1047,5235,12,453,182.95,1048,5240,15,453,182.95,1050,5250,10
,454,183.1,1049,5245,12,454,183.1,1043,5215,20,454,183.1,1046,5230,15,454,183.1,1051,5255,12,454,183.1,1051,5255,6,454,183.1,1052,5260,11,454,183.1,1054,5270,6,454,183.1,1048,5240,11,454,183.1,1048,5240,15,454,183.1,1050,5250,10
,455,183.25,1049,5245,12,455,183.25,1043,5215,20,455,183.25,1046,5230,15,455,183.25,1051,5255,12,455,183.25,1051,5255,6,455,183.25,1052,5260,11,455,183.25,1054,5270,6,455,183.25,1049,5245,10,455,183.25,1048,5240,15,455,183.25,1050,5250,10
,456,183.4,1049,5245,12,456,183.4,1044,5220,18,456,183.4,1046,5230,15,456,183.4,1051,5255,12,456,183.4,1051,5255,6,456,183.4,1052,5260,11,456,183.4,1054,5270,6,456,183.4,1049,5245,10,456,183.4,1048,5240,15,456,183.4,1051,5255,9
,457,183.55,1049,5245,12,457,183.55,1044,5220,18,457,183.55,1046,5230,15,457,183.55,1051,5255,12,457,183.55,1051,5255,6,457,183.55,1052,5260,11,457,183.55,1054,5270,6,457,183.55,1049,5245,10,457,183.55,1048,5240,15,457,183.55,1051,5255,9
,458,183.7,1049,5245,12,458,183.7,1044,5220,18,458,183.7,1046,5230,15,458,183.7,1051,5255,12,458,183.7,1052,5260,5,458,183.7,1053,5265,10,458,183.7,1054,5270,6,458,183.7,1049,5245,10,458,183.7,1048,5240,15,458,183.7,1051,5255,9
,459,183.85,1049,5245,12,459,183.85,1044,5220,18,459,183.85,1047,5235,14,459,183.85,1051,5255,12,459,183.85,1052,5260,5,459,183.85,1054,5270,9,459,183.85,1054,5270,6,459,183.85,1050,5250,9,459,183.85,1048,5240,15,459,183.85,1051,5255,9
,460,184,1049,5245,12,460,184,1044,5220,18,460,184,1047,5235,14,460,184,1052,5260,10,460,184,1052,5260,5,460,184,1054,5270,9,460,184,1054,5270,6,460,184,1050,5250,9,460,184,1048,5240,15,460,184,1051,5255,9
,461,184.15,1049,5245,12,461,184.15,1044,5220,18,461,184.15,1047,5235,14,461,184.15,1052,5260,10,461,184.15,1052,5260,5,461,184.15,1054,5270,9,461,184.15,1054,5270,6,461,184.15,1051,5255,8,461,184.15,1048,5240,15,461,184.15,1052,5260,8
,462,184.3,1049,5245,12,462,184.3,1045,5225,17,462,184.3,1047,5235,14,462,184.3,1052,5260,10,462,184.3,1052,5260,5,462,184.3,1054,5270,9,462,184.3,1054,5270,6,462,184.3,1052,5260,7,462,184.3,1049,5245,14,462,184.3,1052,5260,8
,463,184.45,1050,5250,11,463,184.45,1045,5225,17,463,184.45,1048,5240,13,463,184.45,1052,5260,10,463,184.45,1052,5260,5,463,184.45,1054,5270,9,463,184.45,1054,5270,6,463,184.45,1052,5260,7,463,184.45,1049,5245,14,463,184.45,1052,5260,8
,464,184.6,1050,5250,11,464,184.6,1045,5225,17,464,184.6,1049,5245,12,464,184.6,1052,5260,10,464,184.6,1052,5260,5,464,184.6,1054,5270,9,464,184.6,1054,5270,6,464,184.6,1052,5260,7,464,184.6,1050,5250,13,464,184.6,1052,5260,8
,465,184.75,1050,5250,11,465,184.75,1045,5225,17,465,184.75,1049,5245,12,465,184.75,1052,5260,10,465,184.75,1052,5260,5,465,184.75,1055,5275,8,465,184.75,1054,5270,6,465,184.75,1052,5260,7,465,184.75,1051,5255,12,465,184.75,1052,5260,8
,466,184.9,1050,5250,11,466,184.9,1046,5230,16,466,184.9,1051,5255,10,466,184.9,1052,5260,10,466,184.9,1052,5260,5,466,184.9,1055,5275,8,466,184.9,1054,5270,6,466,184.9,1052,5260,7,466,184.9,1052,5260,11,466,184.9,1052,5260,8
,467,185.05,1050,5250,11,467,185.05,1047,5235,15,467,185.05,1051,5255,10,467,185.05,1052,5260,10,467,185.05,1052,5260,5,467,185.05,1055,5275,8,467,185.05,1054,5270,6,467,185.05,1052,5260,7,467,185.05,1052,5260,11,467,185.05,1052,5260,8
,468,185.2,1051,5255,10,468,185.2,1047,5235,15,468,185.2,1051,5255,10,468,185.2,1053,5265,9,468,185.2,1052,5260,5,468,185.2,1055,5275,8,468,185.2,1054,5270,6,468,185.2,1053,5265,6,468,185.2,1052,5260,11,468,185.2,1052,5260,8
,469,185.35,1051,5255,10,469,185.35,1047,5235,15,469,185.35,1051,5255,10,469,185.35,1053,5265,9,469,185.35,1053,5265,3,469,185.35,1055,5275,8,469,185.35,1055,5275,5,469,185.35,1053,5265,6,469,185.35,1052,5260,11,469,185.35,1052,5260,8
,470,185.5,1051,5255,10,470,185.5,1049,5245,12,470,185.5,1051,5255,10,470,185.5,1054,5270,8,470,185.5,1053,5265,3,470,185.5,1055,5275,8,470,185.5,1055,5275,5,470,185.5,1054,5270,5,470,185.5,1052,5260,11,470,185.5,1052,5260,8
,471,185.65,1052,5260,9,471,185.65,1049,5245,12,471,185.65,1051,5255,10,471,185.65,1054,5270,8,471,185.65,1053,5265,3,471,185.65,1055,5275,8,471,185.65,1055,5275,5,471,185.65,1054,5270,5,471,185.65,1052,5260,11,471,185.65,1052,5260,8
,472,185.8,1052,5260,9,472,185.8,1049,5245,12,472,185.8,1051,5255,10,472,185.8,1054,5270,8,472,185.8,1053,5265,3,472,185.8,1055,5275,8,472,185.8,1055,5275,5,472,185.8,1055,5275,4,472,185.8,1053,5265,10,472,185.8,1052,5260,8
,473,185.95,1052,5260,9,473,185.95,1050,5250,11,473,185.95,1052,5260,9,473,185.95,1054,5270,8,473,185.95,1053,5265,3,473,185.95,1055,5275,8,473,185.95,1055,5275,5,473,185.95,1055,5275,4,473,185.95,1053,5265,10,473,185.95,1052,5260,8
,474,186.1,1052,5260,9,474,186.1,1050,5250,11,474,186.1,1052,5260,9,474,186.1,1054,5270,8,474,186.1,1053,5265,3,474,186.1,1055,5275,8,474,186.1,1055,5275,5,474,186.1,1055,5275,4,474,186.1,1053,5265,10,474,186.1,1052,5260,8
,475,186.25,1052,5260,9,475,186.25,1052,5260,9,475,186.25,1052,5260,9,475,186.25,1054,5270,8,475,186.25,1053,5265,3,475,186.25,1055,5275,8,475,186.25,1055,5275,5,475,186.25,1055,5275,4,475,186.25,1053,5265,10,475,186.25,1052,5260,8
,476,186.4,1052,5260,9,476,186.4,1052,5260,9,476,186.4,1053,5265,8,476,186.4,1054,5270,8,476,186.4,1053,5265,3,476,186.4,1055,5275,8,476,186.4,1055,5275,5,476,186.4,1055,5275,4,476,186.4,1053,5265,10,476,186.4,1052,5260,8
,477,186.55,1052,5260,9,477,186.55,1052,5260,9,477,186.55,1053,5265,8,477,186.55,1054,5270,8,477,186.55,1053,5265,3,477,186.55,1055,5275,8,477,186.55,1055,5275,5,477,186.55,1055,5275,4,477,186.55,1053,5265,10,477,186.55,1052,5260,8
,478,186.7,1052,5260,9,478,186.7,1052,5260,9,478,186.7,1054,5270,8,478,186.7,1054,5270,8,478,186.7,1053,5265,3,478,186.7,1055,5275,8,478,186.7,1055,5275,5,478,186.7,1055,5275,4,478,186.7,1053,5265,10,478,186.7,1052,5260,8
,479,186.85,1052,5260,9,479,186.85,1052,5260,9,479,186.85,1054,5270,8,479,186.85,1054,5270,8,479,186.85,1053,5265,3,479,186.85,1055,5275,8,479,186.85,1055,5275,5,479,186.85,1055,5275,4,479,186.85,1053,5265,10,479,186.85,1052,5260,8
,480,187,1052,5260,9,480,187,1052,5260,9,480,187,1055,5275,7,480,187,1054,5270,8,480,187,1053,5265,3,480,187,1055,5275,8,480,187,1055,5275,5,480,187,1056,5280,4,480,187,1053,5265,10,480,187,1052,5260,8
,481,187.15,1052,5260,9,481,187.15,1052,5260,9,481,187.15,1055,5275,7,481,187.15,1054,5270,8,481,187.15,1053,5265,3,481,187.15,1055,5275,8,481,187.15,1055,5275,5,481,187.15,1056,5280,4,481,187.15,1053,5265,10,481,187.15,1052,5260,8
,482,187.3,1053,5265,8,482,187.3,1052,5260,9,482,187.3,1055,5275,7,482,187.3,1055,5275,8,482,187.3,1054,5270,2,482,187.3,1055,5275,8,482,187.3,1055,5275,5,482,187.3,1056,5280,4,482,187.3,1053,5265,10,482,187.3,1052,5260,8
,483,187.45,1053,5265,8,483,187.45,1052,5260,9,483,187.45,1055,5275,7,483,187.45,1055,5275,8,483,187.45,1054,5270,2,483,187.45,1055,5275,8,483,187.45,1055,5275,5,483,187.45,1056,5280,4,483,187.45,1053,5265,10,483,187.45,1053,5265,7
,484,187.6,1053,5265,8,484,187.6,1052,5260,9,484,187.6,1055,5275,7,484,187.6,1055,5275,8,484,187.6,1054,5270,2,484,187.6,1056,5280,7,484,187.6,1055,5275,5,484,187.6,1058,5290,3,484,187.6,1053,5265,10,484,187.6,1053,5265,7
,485,187.75,1053,5265,8,485,187.75,1053,5265,8,485,187.75,1055,5275,7,485,187.75,1056,5280,7,485,187.75,1054,5270,2,485,187.75,1056,5280,7,485,187.75,1055,5275,5,485,187.75,1058,5290,3,485,187.75,1053,5265,10,485,187.75,1053,5265,7
,486,187.9,1053,5265,8,486,187.9,1053,5265,8,486,187.9,1055,5275,7,486,187.9,1056,5280,7,486,187.9,1054,5270,2,486,187.9,1056,5280,7,486,187.9,1056,5280,4,486,187.9,1058,5290,3,486,187.9,1054,5270,9,486,187.9,1053,5265,7
,487,188.05,1053,5265,8,487,188.05,1053,5265,8,487,188.05,1056,5280,6,487,188.05,1056,5280,7,487,188.05,1055,5275,1,487,188.05,1056,5280,7,487,188.05,1056,5280,4,487,188.05,1058,5290,3,487,188.05,1054,5270,9,487,188.05,1053,5265,7
,488,188.2,1053,5265,8,488,188.2,1054,5270,8,488,188.2,1056,5280,6,488,188.2,1056,5280,7,488,188.2,1055,5275,1,488,188.2,1056,5280,7,488,188.2,1056,5280,4,488,188.2,1058,5290,3,488,188.2,1054,5270,9,488,188.2,1053,5265,7
,489,188.35,1053,5265,8,489,188.35,1054,5270,8,489,188.35,1056,5280,6,489,188.35,1056,5280,7,489,188.35,1055,5275,1,489,188.35,1056,5280,7,489,188.35,1056,5280,4,489,188.35,1058,5290,3,489,188.35,1054,5270,9,489,188.35,1053,5265,7
,490,188.5,1053,5265,8,490,188.5,1055,5275,7,490,188.5,1056,5280,6,490,188.5,1056,5280,7,490,188.5,1055,5275,1,490,188.5,1056,5280,7,490,188.5,1056,5280,4,490,188.5,1058,5290,3,490,188.5,1054,5270,9,490,188.5,1053,5265,7
,491,188.65,1053,5265,8,491,188.65,1055,5275,7,491,188.65,1056,5280,6,491,188.65,1056,5280,7,491,188.65,1055,5275,1,491,188.65,1056,5280,7,491,188.65,1056,5280,4,491,188.65,1058,5290,3,491,188.65,1054,5270,9,491,188.65,1053,5265,7
,492,188.8,1053,5265,8,492,188.8,1055,5275,7,492,188.8,1057,5285,5,492,188.8,1056,5280,7,492,188.8,1055,5275,1,492,188.8,1056,5280,7,492,188.8,1056,5280,4,492,188.8,1058,5290,3,492,188.8,1054,5270,9,492,188.8,1053,5265,7
,493,188.95,1053,5265,8,493,188.95,1055,5275,7,493,188.95,1057,5285,5,493,188.95,1056,5280,7,493,188.95,1055,5275,1,493,188.95,1056,5280,7,493,188.95,1056,5280,4,493,188.95,1058,5290,3,493,188.95,1054,5270,9,493,188.95,1053,5265,7
,494,189.1,1053,5265,8,494,189.1,1055,5275,7,494,189.1,1057,5285,5,494,189.1,1056,5280,7,494,189.1,1055,5275,1,494,189.1,1056,5280,7,494,189.1,1056,5280,4,494,189.1,1058,5290,3,494,189.1,1054,5270,9,494,189.1,1053,5265,7
,495,189.25,1053,5265,8,495,189.25,1055,5275,7,495,189.25,1057,5285,5,495,189.25,1056,5280,7,495,189.25,1055,5275,1,495,189.25,1056,5280,7,495,189.25,1056,5280,4,495,189.25,1058,5290,3,495,189.25,1054,5270,9,495,189.25,1053,5265,7
,496,189.4,1053,5265,8,496,189.4,1055,5275,7,496,189.4,1057,5285,5,496,189.4,1056,5280,7,496,189.4,1055,5275,1,496,189.4,1056,5280,7,496,189.4,1056,5280,4,496,189.4,1058,5290,3,496,189.4,1054,5270,9,496,189.4,1053,5265,7
,497,189.55,1054,5270,7,497,189.55,1055,5275,7,497,189.55,1058,5290,5,497,189.55,1056,5280,7,497,189.55,1055,5275,1,497,189.55,1056,5280,7,497,189.55,1056,5280,4,497,189.55,1058,5290,3,497,189.55,1054,5270,9,497,189.55,1053,5265,7
,498,189.7,1054,5270,7,498,189.7,1055,5275,7,498,189.7,1058,5290,5,498,189.7,1056,5280,7,498,189.7,1055,5275,1,498,189.7,1056,5280,7,498,189.7,1056,5280,4,498,189.7,1058,5290,3,498,189.7,1055,5275,8,498,189.7,1053,5265,7
,499,189.85,1054,5270,7,499,189.85,1055,5275,7,499,189.85,1058,5290,5,499,189.85,1056,5280,7,499,189.85,1055,5275,1,499,189.85,1056,5280,7,499,189.85,1056,5280,4,499,189.85,1058,5290,3,499,189.85,1055,5275,8,499,189.85,1053,5265,7
,500,190,1054,5270,7,500,190,1055,5275,7,500,190,1058,5290,5,500,190,1056,5280,7,500,190,1056,5280,1,500,190,1056,5280,7,500,190,1056,5280,4,500,190,1058,5290,3,500,190,1056,5280,8,500,190,1053,5265,7
,501,190.15,1054,5270,7,501,190.15,1055,5275,7,501,190.15,1058,5290,5,501,190.15,1056,5280,7,501,190.15,1057,5285,0,501,190.15,1056,5280,7,501,190.15,1056,5280,4,501,190.15,1058,5290,3,501,190.15,1056,5280,8,501,190.15,1053,5265,7
,502,190.3,1054,5270,7,502,190.3,1055,5275,7,502,190.3,1058,5290,5,502,190.3,1056,5280,7,502,190.3,1057,5285,0,502,190.3,1056,5280,7,502,190.3,1056,5280,4,502,190.3,1058,5290,3,502,190.3,1056,5280,8,502,190.3,1053,5265,7
,503,190.45,1055,5275,5,503,190.45,1056,5280,6,503,190.45,1058,5290,5,503,190.45,1056,5280,7,503,190.45,1057,5285,0,503,190.45,1056,5280,7,503,190.45,1056,5280,4,503,190.45,1058,5290,3,503,190.45,1056,5280,8,503,190.45,1053,5265,7
,504,190.6,1055,5275,5,504,190.6,1056,5280,6,504,190.6,1058,5290,5,504,190.6,1056,5280,7,504,190.6,1057,5285,0,504,190.6,1056,5280,7,504,190.6,1056,5280,4,504,190.6,1058,5290,3,504,190.6,1056,5280,8,504,190.6,1053,5265,7
,505,190.75,1055,5275,5,505,190.75,1056,5280,6,505,190.75,1058,5290,5,505,190.75,1056,5280,7,505,190.75,1057,5285,0,505,190.75,1056,5280,7,505,190.75,1056,5280,4,505,190.75,1058,5290,3,505,190.75,1056,5280,8,505,190.75,1056,5280,5
,506,190.9,1055,5275,5,506,190.9,1057,5285,6,506,190.9,1058,5290,5,506,190.9,1056,5280,7,506,190.9,1057,5285,0,506,190.9,1056,5280,7,506,190.9,1056,5280,4,506,190.9,1058,5290,3,506,190.9,1056,5280,8,506,190.9,1057,5285,5
,507,191.05,1055,5275,5,507,191.05,1058,5290,4,507,191.05,1058,5290,5,507,191.05,1056,5280,7,507,191.05,1057,5285,0,507,191.05,1056,5280,7,507,191.05,1056,5280,4,507,191.05,1059,5295,2,507,191.05,1057,5285,7,507,191.05,1057,5285,5
,508,191.2,1055,5275,5,508,191.2,1058,5290,4,508,191.2,1058,5290,5,508,191.2,1056,5280,7,508,191.2,1057,5285,0,508,191.2,1056,5280,7,508,191.2,1056,5280,4,508,191.2,1059,5295,2,508,191.2,1057,5285,7,508,191.2,1058,5290,5
,509,191.35,1055,5275,5,509,191.35,1058,5290,4,509,191.35,1059,5295,5,509,191.35,1056,5280,7,509,191.35,1057,5285,0,509,191.35,1056,5280,7,509,191.35,1056,5280,4,509,191.35,1059,5295,2,509,191.35,1057,5285,7,509,191.35,1058,5290,5
,510,191.5,1056,5280,5,510,191.5,1058,5290,4,510,191.5,1059,5295,5,510,191.5,1056,5280,7,510,191.5,1057,5285,0,510,191.5,1057,5285,7,510,191.5,1056,5280,4,510,191.5,1060,5300,2,510,191.5,1057,5285,7,510,191.5,1058,5290,5
,511,191.65,1056,5280,5,511,191.65,1058,5290,4,511,191.65,1059,5295,5,511,191.65,1056,5280,7,511,191.65,1057,5285,0,511,191.65,1057,5285,7,511,191.65,1056,5280,4,511,191.65,1060,5300,2,511,191.65,1057,5285,7,511,191.65,1058,5290,5
,512,191.8,1056,5280,5,512,191.8,1058,5290,4,512,191.8,1059,5295,5,512,191.8,1057,5285,7,512,191.8,1057,5285,0,512,191.8,1058,5290,7,512,191.8,1056,5280,4,512,191.8,1061,5305,2,512,191.8,1057,5285,7,512,191.8,1059,5295,4
,513,191.95,1057,5285,5,513,191.95,1058,5290,4,513,191.95,1059,5295,5,513,191.95,1057,5285,7,513,191.95,1058,5290,0,513,191.95,1058,5290,7,513,191.95,1056,5280,4,513,191.95,1061,5305,2,513,191.95,1057,5285,7,513,191.95,1059,5295,4
,514,192.1,1057,5285,5,514,192.1,1058,5290,4,514,192.1,1059,5295,5,514,192.1,1057,5285,7,514,192.1,1058,5290,0,514,192.1,1058,5290,7,514,192.1,1056,5280,4,514,192.1,1061,5305,2,514,192.1,1057,5285,7,514,192.1,1060,5300,4
,515,192.25,1057,5285,5,515,192.25,1058,5290,4,515,192.25,1059,5295,5,515,192.25,1057,5285,7,515,192.25,1058,5290,0,515,192.25,1058,5290,7,515,192.25,1056,5280,4,515,192.25,1061,5305,2,515,192.25,1058,5290,6,515,192.25,1060,5300,4
,516,192.4,1058,5290,4,516,192.4,1058,5290,4,516,192.4,1059,5295,5,516,192.4,1059,5295,6,516,192.4,1058,5290,0,516,192.4,1058,5290,7,516,192.4,1056,5280,4,516,192.4,1061,5305,2,516,192.4,1058,5290,6,516,192.4,1060,5300,4
,517,192.55,1058,5290,4,517,192.55,1058,5290,4,517,192.55,1059,5295,5,517,192.55,1059,5295,6,517,192.55,1058,5290,0,517,192.55,1058,5290,7,517,192.55,1056,5280,4,517,192.55,1061,5305,2,517,192.55,1059,5295,6,517,192.55,1060,5300,4
,518,192.7,1058,5290,4,518,192.7,1058,5290,4,518,192.7,1059,5295,5,518,192.7,1059,5295,6,518,192.7,1058,5290,0,518,192.7,1058,5290,7,518,192.7,1056,5280,4,518,192.7,1061,5305,2,518,192.7,1059,5295,6,518,192.7,1060,5300,4
,519,192.85,1058,5290,4,519,192.85,1058,5290,4,519,192.85,1059,5295,5,519,192.85,1059,5295,6,519,192.85,1058,5290,0,519,192.85,1058,5290,7,519,192.85,1056,5280,4,519,192.85,1061,5305,2,519,192.85,1059,5295,6,519,192.85,1060,5300,4
,520,193,1058,5290,4,520,193,1058,5290,4,520,193,1059,5295,5,520,193,1059,5295,6,520,193,1058,5290,0,520,193,1058,5290,7,520,193,1056,5280,4,520,193,1061,5305,2,520,193,1059,5295,6,520,193,1060,5300,4
,521,193.15,1058,5290,4,521,193.15,1058,5290,4,521,193.15,1059,5295,5,521,193.15,1059,5295,6,521,193.15,1058,5290,0,521,193.15,1059,5295,7,521,193.15,1056,5280,4,521,193.15,1061,5305,2,521,193.15,1059,5295,6,521,193.15,1061,5305,4
,522,193.3,1058,5290,4,522,193.3,1058,5290,4,522,193.3,1060,5300,5,522,193.3,1059,5295,6,522,193.3,1058,5290,0,522,193.3,1059,5295,7,522,193.3,1056,5280,4,522,193.3,1061,5305,2,522,193.3,1059,5295,6,522,193.3,1062,5310,4
,523,193.45,1058,5290,4,523,193.45,1058,5290,4,523,193.45,1060,5300,5,523,193.45,1059,5295,6,523,193.45,1058,5290,0,523,193.45,1059,5295,7,523,193.45,1056,5280,4,523,193.45,1062,5310,2,523,193.45,1059,5295,6,523,193.45,1062,5310,4
,524,193.6,1058,5290,4,524,193.6,1058,5290,4,524,193.6,1060,5300,5,524,193.6,1059,5295,6,524,193.6,1058,5290,0,524,193.6,1059,5295,7,524,193.6,1056,5280,4,524,193.6,1062,5310,2,524,193.6,1059,5295,6,524,193.6,1062,5310,4
,525,193.75,1058,5290,4,525,193.75,1058,5290,4,525,193.75,1061,5305,5,525,193.75,1059,5295,6,525,193.75,1058,5290,0,525,193.75,1059,5295,7,525,193.75,1057,5285,4,525,193.75,1062,5310,2,525,193.75,1059,5295,6,525,193.75,1062,5310,4
,526,193.9,1059,5295,4,526,193.9,1059,5295,4,526,193.9,1061,5305,5,526,193.9,1059,5295,6,526,193.9,1058,5290,0,526,193.9,1059,5295,7,526,193.9,1057,5285,4,526,193.9,1062,5310,2,526,193.9,1060,5300,6,526,193.9,1062,5310,4
,527,194.05,1059,5295,4,527,194.05,1059,5295,4,527,194.05,1061,5305,5,527,194.05,1059,5295,6,527,194.05,1058,5290,0,527,194.05,1059,5295,7,527,194.05,1057,5285,4,527,194.05,1062,5310,2,527,194.05,1060,5300,6,527,194.05,1062,5310,4
,528,194.2,1059,5295,4,528,194.2,1059,5295,4,528,194.2,1061,5305,5,528,194.2,1059,5295,6,528,194.2,1059,5295,0,528,194.2,1059,5295,7,528,194.2,1057,5285,4,528,194.2,1062,5310,2,528,194.2,1060,5300,6,528,194.2,1062,5310,4
,529,194.35,1059,5295,4,529,194.35,1059,5295,4,529,194.35,1061,5305,5,529,194.35,1059,5295,6,529,194.35,1059,5295,0,529,194.35,1059,5295,7,529,194.35,1058,5290,4,529,194.35,1063,5315,2,529,194.35,1060,5300,6,529,194.35,1062,5310,4
,530,194.5,1059,5295,4,530,194.5,1059,5295,4,530,194.5,1061,5305,5,530,194.5,1059,5295,6,530,194.5,1059,5295,0,530,194.5,1059,5295,7,530,194.5,1058,5290,4,530,194.5,1063,5315,2,530,194.5,1060,5300,6,530,194.5,1062,5310,4
,531,194.65,1059,5295,4,531,194.65,1059,5295,4,531,194.65,1061,5305,5,531,194.65,1059,5295,6,531,194.65,1059,5295,0,531,194.65,1059,5295,7,531,194.65,1058,5290,4,531,194.65,1063,5315,2,531,194.65,1060,5300,6,531,194.65,1062,5310,4
,532,194.8,1059,5295,4,532,194.8,1059,5295,4,532,194.8,1061,5305,5,532,194.8,1059,5295,6,532,194.8,1059,5295,0,532,194.8,1059,5295,7,532,194.8,1058,5290,4,532,194.8,1063,5315,2,532,194.8,1060,5300,6,532,194.8,1062,5310,4
,533,194.95,1059,5295,4,533,194.95,1059,5295,4,533,194.95,1061,5305,5,533,194.95,1059,5295,6,533,194.95,1059,5295,0,533,194.95,1059,5295,7,533,194.95,1058,5290,4,533,194.95,1063,5315,2,533,194.95,1060,5300,6,533,194.95,1062,5310,4
,534,195.1,1059,5295,4,534,195.1,1059,5295,4,534,195.1,1061,5305,5,534,195.1,1059,5295,6,534,195.1,1059,5295,0,534,195.1,1059,5295,7,534,195.1,1058,5290,4,534,195.1,1063,5315,2,534,195.1,1061,5305,6,534,195.1,1062,5310,4
,535,195.25,1059,5295,4,535,195.25,1059,5295,4,535,195.25,1061,5305,5,535,195.25,1059,5295,6,535,195.25,1059,5295,0,535,195.25,1059,5295,7,535,195.25,1058,5290,4,535,195.25,1063,5315,2,535,195.25,1061,5305,6,535,195.25,1063,5315,4
,536,195.4,1059,5295,4,536,195.4,1059,5295,4,536,195.4,1061,5305,5,536,195.4,1059,5295,6,536,195.4,1060,5300,0,536,195.4,1059,5295,7,536,195.4,1058,5290,4,536,195.4,1063,5315,2,536,195.4,1061,5305,6,536,195.4,1063,5315,4
,537,195.55,1059,5295,4,537,195.55,1060,5300,4,537,195.55,1061,5305,5,537,195.55,1059,5295,6,537,195.55,1060,5300,0,537,195.55,1059,5295,7,537,195.55,1058,5290,4,537,195.55,1063,5315,2,537,195.55,1062,5310,6,537,195.55,1064,5320,3
,538,195.7,1060,5300,4,538,195.7,1060,5300,4,538,195.7,1061,5305,5,538,195.7,1060,5300,6,538,195.7,1060,5300,0,538,195.7,1059,5295,7,538,195.7,1059,5295,4,538,195.7,1063,5315,2,538,195.7,1062,5310,6,538,195.7,1064,5320,3
,539,195.85,1060,5300,4,539,195.85,1061,5305,4,539,195.85,1061,5305,5,539,195.85,1060,5300,6,539,195.85,1060,5300,0,539,195.85,1059,5295,7,539,195.85,1059,5295,4,539,195.85,1063,5315,2,539,195.85,1062,5310,6,539,195.85,1064,5320,3
,540,196,1060,5300,4,540,196,1061,5305,4,540,196,1061,5305,5,540,196,1060,5300,6,540,196,1060,5300,0,540,196,1059,5295,7,540,196,1059,5295,4,540,196,1065,5325,2,540,196,1062,5310,6,540,196,1064,5320,3
,541,196.15,1060,5300,4,541,196.15,1063,5315,4,541,196.15,1061,5305,5,541,196.15,1060,5300,6,541,196.15,1060,5300,0,541,196.15,1059,5295,7,541,196.15,1059,5295,4,541,196.15,1065,5325,2,541,196.15,1062,5310,6,541,196.15,1064,5320,3
,542,196.3,1060,5300,4,542,196.3,1063,5315,4,542,196.3,1061,5305,5,542,196.3,1060,5300,6,542,196.3,1060,5300,0,542,196.3,1059,5295,7,542,196.3,1059,5295,4,542,196.3,1065,5325,2,542,196.3,1063,5315,6,542,196.3,1064,5320,3
,543,196.45,1060,5300,4,543,196.45,1063,5315,4,543,196.45,1061,5305,5,543,196.45,1060,5300,6,543,196.45,1060,5300,0,543,196.45,1059,5295,7,543,196.45,1059,5295,4,543,196.45,1066,5330,2,543,196.45,1063,5315,6,543,196.45,1064,5320,3
,544,196.6,1060,5300,4,544,196.6,1063,5315,4,544,196.6,1061,5305,5,544,196.6,1060,5300,6,544,196.6,1060,5300,0,544,196.6,1059,5295,7,544,196.6,1059,5295,4,544,196.6,1066,5330,2,544,196.6,1064,5320,6,544,196.6,1064,5320,3
,545,196.75,1060,5300,4,545,196.75,1063,5315,4,545,196.75,1061,5305,5,545,196.75,1060,5300,6,545,196.75,1061,5305,0,545,196.75,1059,5295,7,545,196.75,1059,5295,4,545,196.75,1066,5330,2,545,196.75,1064,5320,6,545,196.75,1064,5320,3
,546,196.9,1061,5305,4,546,196.9,1064,5320,4,546,196.9,1061,5305,5,546,196.9,1060,5300,6,546,196.9,1061,5305,0,546,196.9,1059,5295,7,546,196.9,1059,5295,4,546,196.9,1066,5330,2,546,196.9,1064,5320,6,546,196.9,1064,5320,3
,547,197.05,1061,5305,4,547,197.05,1064,5320,4,547,197.05,1061,5305,5,547,197.05,1060,5300,6,547,197.05,1061,5305,0,547,197.05,1059,5295,7,547,197.05,1061,5305,4,547,197.05,1066,5330,2,547,197.05,1064,5320,6,547,197.05,1064,5320,3
,548,197.2,1061,5305,4,548,197.2,1064,5320,4,548,197.2,1061,5305,5,548,197.2,1060,5300,6,548,197.2,1061,5305,0,548,197.2,1059,5295,7,548,197.2,1061,5305,4,548,197.2,1066,5330,2,548,197.2,1064,5320,6,548,197.2,1064,5320,3
,549,197.35,1061,5305,4,549,197.35,1064,5320,4,549,197.35,1061,5305,5,549,197.35,1060,5300,6,549,197.35,1061,5305,0,549,197.35,1059,5295,7,549,197.35,1061,5305,4,549,197.35,1066,5330,2,549,197.35,1064,5320,6,549,197.35,1064,5320,3
,550,197.5,1061,5305,4,550,197.5,1064,5320,4,550,197.5,1061,5305,5,550,197.5,1060,5300,6,550,197.5,1061,5305,0,550,197.5,1059,5295,7,550,197.5,1061,5305,4,550,197.5,1066,5330,2,550,197.5,1064,5320,6,550,197.5,1064,5320,3
,551,197.65,1061,5305,4,551,197.65,1064,5320,4,551,197.65,1061,5305,5,551,197.65,1060,5300,6,551,197.65,1061,5305,0,551,197.65,1059,5295,7,551,197.65,1061,5305,4,551,197.65,1066,5330,2,551,197.65,1064,5320,6,551,197.65,1064,5320,3
,552,197.8,1061,5305,4,552,197.8,1064,5320,4,552,197.8,1061,5305,5,552,197.8,1060,5300,6,552,197.8,1061,5305,0,552,197.8,1059,5295,7,552,197.8,1061,5305,4,552,197.8,1066,5330,2,552,197.8,1064,5320,6,552,197.8,1064,5320,3
,553,197.95,1061,5305,4,553,197.95,1064,5320,4,553,197.95,1062,5310,5,553,197.95,1060,5300,6,553,197.95,1061,5305,0,553,197.95,1059,5295,7,553,197.95,1061,5305,4,553,197.95,1066,5330,2,553,197.95,1064,5320,6,553,197.95,1064,5320,3
,554,198.1,1061,5305,4,554,198.1,1064,5320,4,554,198.1,1062,5310,5,554,198.1,1060,5300,6,554,198.1,1061,5305,0,554,198.1,1059,5295,7,554,198.1,1062,5310,4,554,198.1,1066,5330,2,554,198.1,1064,5320,6,554,198.1,1064,5320,3
,555,198.25,1061,5305,4,555,198.25,1064,5320,4,555,198.25,1062,5310,5,555,198.25,1060,5300,6,555,198.25,1061,5305,0,555,198.25,1059,5295,7,555,198.25,1062,5310,4,555,198.25,1067,5335,2,555,198.25,1064,5320,6,555,198.25,1064,5320,3
,556,198.4,1061,5305,4,556,198.4,1064,5320,4,556,198.4,1062,5310,5,556,198.4,1060,5300,6,556,198.4,1062,5310,0,556,198.4,1059,5295,7,556,198.4,1062,5310,4,556,198.4,1067,5335,2,556,198.4,1064,5320,6,556,198.4,1065,5325,3
,557,198.55,1061,5305,4,557,198.55,1064,5320,4,557,198.55,1062,5310,5,557,198.55,1060,5300,6,557,198.55,1063,5315,0,557,198.55,1059,5295,7,557,198.55,1062,5310,4,557,198.55,1068,5340,2,557,198.55,1064,5320,6,557,198.55,1065,5325,3
,558,198.7,1062,5310,4,558,198.7,1064,5320,4,558,198.7,1062,5310,5,558,198.7,1060,5300,6,558,198.7,1063,5315,0,558,198.7,1059,5295,7,558,198.7,1062,5310,4,558,198.7,1069,5345,2,558,198.7,1064,5320,6,558,198.7,1065,5325,3
,559,198.85,1062,5310,4,559,198.85,1064,5320,4,559,198.85,1062,5310,5,559,198.85,1060,5300,6,559,198.85,1063,5315,0,559,198.85,1059,5295,7,559,198.85,1062,5310,4,559,198.85,1069,5345,2,559,198.85,1064,5320,6,559,198.85,1066,5330,3
,560,199,1062,5310,4,560,199,1064,5320,4,560,199,1062,5310,5,560,199,1060,5300,6,560,199,1063,5315,0,560,199,1059,5295,7,560,199,1062,5310,4,560,199,1069,5345,2,560,199,1064,5320,6,560,199,1067,5335,3
,561,199.15,1063,5315,4,561,199.15,1064,5320,4,561,199.15,1062,5310,5,561,199.15,1062,5310,6,561,199.15,1064,5320,0,561,199.15,1059,5295,7,561,199.15,1062,5310,4,561,199.15,1069,5345,2,561,199.15,1064,5320,6,561,199.15,1067,5335,3
,562,199.3,1063,5315,4,562,199.3,1064,5320,4,562,199.3,1062,5310,5,562,199.3,1062,5310,6,562,199.3,1064,5320,0,562,199.3,1059,5295,7,562,199.3,1062,5310,4,562,199.3,1070,5350,2,562,199.3,1065,5325,6,562,199.3,1067,5335,3
,563,199.45,1063,5315,4,563,199.45,1065,5325,4,563,199.45,1064,5320,5,563,199.45,1062,5310,6,563,199.45,1065,5325,0,563,199.45,1059,5295,7,563,199.45,1062,5310,4,563,199.45,1072,5360,2,563,199.45,1065,5325,6,563,199.45,1067,5335,3
,564,199.6,1063,5315,4,564,199.6,1065,5325,4,564,199.6,1064,5320,5,564,199.6,1062,5310,6,564,199.6,1066,5330,0,564,199.6,1059,5295,7,564,199.6,1062,5310,4,564,199.6,1072,5360,2,564,199.6,1065,5325,6,564,199.6,1068,5340,3
,565,199.75,1063,5315,4,565,199.75,1065,5325,4,565,199.75,1064,5320,5,565,199.75,1062,5310,6,565,199.75,1067,5335,0,565,199.75,1059,5295,7,565,199.75,1062,5310,4,565,199.75,1072,5360,2,565,199.75,1065,5325,6,565,199.75,1068,5340,3
,566,199.9,1063,5315,4,566,199.9,1065,5325,4,566,199.9,1064,5320,5,566,199.9,1062,5310,6,566,199.9,1067,5335,0,566,199.9,1059,5295,7,566,199.9,1062,5310,4,566,199.9,1072,5360,2,566,199.9,1065,5325,6,566,199.9,1068,5340,3
,567,200.05,1063,5315,4,567,200.05,1065,5325,4,567,200.05,1064,5320,5,567,200.05,1062,5310,6,567,200.05,1067,5335,0,567,200.05,1059,5295,7,567,200.05,1062,5310,4,567,200.05,1072,5360,2,567,200.05,1065,5325,6,567,200.05,1068,5340,3
,568,200.2,1063,5315,4,568,200.2,1065,5325,4,568,200.2,1064,5320,5,568,200.2,1063,5315,6,568,200.2,1067,5335,0,568,200.2,1059,5295,7,568,200.2,1062,5310,4,568,200.2,1072,5360,2,568,200.2,1065,5325,6,568,200.2,1068,5340,3
,569,200.35,1063,5315,4,569,200.35,1065,5325,4,569,200.35,1064,5320,5,569,200.35,1063,5315,6,569,200.35,1067,5335,0,569,200.35,1059,5295,7,569,200.35,1062,5310,4,569,200.35,1072,5360,2,569,200.35,1065,5325,6,569,200.35,1069,5345,3
,570,200.5,1063,5315,4,570,200.5,1066,5330,4,570,200.5,1064,5320,5,570,200.5,1063,5315,6,570,200.5,1067,5335,0,570,200.5,1059,5295,7,570,200.5,1062,5310,4,570,200.5,1072,5360,2,570,200.5,1065,5325,6,570,200.5,1069,5345,3
,571,200.65,1065,5325,4,571,200.65,1066,5330,4,571,200.65,1064,5320,5,571,200.65,1063,5315,6,571,200.65,1069,5345,0,571,200.65,1059,5295,7,571,200.65,1062,5310,4,571,200.65,1072,5360,2,571,200.65,1065,5325,6,571,200.65,1069,5345,3
,572,200.8,1065,5325,4,572,200.8,1067,5335,4,572,200.8,1064,5320,5,572,200.8,1063,5315,6,572,200.8,1069,5345,0,572,200.8,1059,5295,7,572,200.8,1062,5310,4,572,200.8,1072,5360,2,572,200.8,1065,5325,6,572,200.8,1069,5345,3
,573,200.95,1065,5325,4,573,200.95,1067,5335,4,573,200.95,1064,5320,5,573,200.95,1063,5315,6,573,200.95,1069,5345,0,573,200.95,1059,5295,7,573,200.95,1062,5310,4,573,200.95,1072,5360,2,573,200.95,1065,5325,6,573,200.95,1069,5345,3
,574,201.1,1065,5325,4,574,201.1,1067,5335,4,574,201.1,1064,5320,5,574,201.1,1063,5315,6,574,201.1,1070,5350,0,574,201.1,1059,5295,7,574,201.1,1062,5310,4,574,201.1,1072,5360,2,574,201.1,1065,5325,6,574,201.1,1069,5345,3
,575,201.25,1065,5325,4,575,201.25,1067,5335,4,575,201.25,1065,5325,5,575,201.25,1064,5320,6,575,201.25,1070,5350,0,575,201.25,1060,5300,7,575,201.25,1062,5310,4,575,201.25,1073,5365,2,575,201.25,1065,5325,6,575,201.25,1069,5345,3
,576,201.4,1065,5325,4,576,201.4,1067,5335,4,576,201.4,1065,5325,5,576,201.4,1064,5320,6,576,201.4,1070,5350,0,576,201.4,1061,5305,7,576,201.4,1062,5310,4,576,201.4,1073,5365,2,576,201.4,1065,5325,6,576,201.4,1069,5345,3
,577,201.55,1065,5325,4,577,201.55,1067,5335,4,577,201.55,1065,5325,5,577,201.55,1065,5325,6,577,201.55,1070,5350,0,577,201.55,1061,5305,7,577,201.55,1063,5315,4,577,201.55,1073,5365,2,577,201.55,1065,5325,6,577,201.55,1069,5345,3
,578,201.7,1065,5325,4,578,201.7,1068,5340,4,578,201.7,1067,5335,5,578,201.7,1065,5325,6,578,201.7,1071,5355,0,578,201.7,1061,5305,7,578,201.7,1063,5315,4,578,201.7,1073,5365,2,578,201.7,1065,5325,6,578,201.7,1069,5345,3
,579,201.85,1066,5330,4,579,201.85,1068,5340,4,579,201.85,1068,5340,5,579,201.85,1065,5325,6,579,201.85,1071,5355,0,579,201.85,1061,5305,7,579,201.85,1063,5315,4,579,201.85,1073,5365,2,579,201.85,1066,5330,6,579,201.85,1069,5345,3
,580,202,1067,5335,4,580,202,1068,5340,4,580,202,1069,5345,5,580,202,1065,5325,6,580,202,1072,5360,0,580,202,1061,5305,7,580,202,1063,5315,4,580,202,1073,5365,2,580,202,1066,5330,6,580,202,1069,5345,3
,581,202.15,1067,5335,4,581,202.15,1068,5340,4,581,202.15,1069,5345,5,581,202.15,1065,5325,6,581,202.15,1072,5360,0,581,202.15,1062,5310,7,581,202.15,1063,5315,4,581,202.15,1073,5365,2,581,202.15,1066,5330,6,581,202.15,1069,5345,3
,582,202.3,1067,5335,4,582,202.3,1068,5340,4,582,202.3,1069,5345,5,582,202.3,1065,5325,6,582,202.3,1072,5360,0,582,202.3,1062,5310,7,582,202.3,1063,5315,4,582,202.3,1073,5365,2,582,202.3,1066,5330,6,582,202.3,1069,5345,3
,583,202.45,1067,5335,4,583,202.45,1068,5340,4,583,202.45,1069,5345,5,583,202.45,1065,5325,6,583,202.45,1074,5370,0,583,202.45,1062,5310,7,583,202.45,1063,5315,4,583,202.45,1073,5365,2,583,202.45,1066,5330,6,583,202.45,1069,5345,3
,584,202.6,1067,5335,4,584,202.6,1068,5340,4,584,202.6,1069,5345,5,584,202.6,1065,5325,6,584,202.6,1074,5370,0,584,202.6,1063,5315,7,584,202.6,1063,5315,4,584,202.6,1073,5365,2,584,202.6,1066,5330,6,584,202.6,1069,5345,3
,585,202.75,1067,5335,4,585,202.75,1069,5345,4,585,202.75,1069,5345,5,585,202.75,1065,5325,6,585,202.75,1075,5375,0,585,202.75,1063,5315,7,585,202.75,1063,5315,4,585,202.75,1073,5365,2,585,202.75,1066,5330,6,585,202.75,1069,5345,3
,586,202.9,1067,5335,4,586,202.9,1069,5345,4,586,202.9,1069,5345,5,586,202.9,1066,5330,6,586,202.9,1076,5380,0,586,202.9,1063,5315,7,586,202.9,1063,5315,4,586,202.9,1073,5365,2,586,202.9,1066,5330,6,586,202.9,1069,5345,3
,587,203.05,1067,5335,4,587,203.05,1069,5345,4,587,203.05,1069,5345,5,587,203.05,1066,5330,6,587,203.05,1076,5380,0,587,203.05,1063,5315,7,587,203.05,1063,5315,4,587,203.05,1073,5365,2,587,203.05,1067,5335,6,587,203.05,1069,5345,3
,588,203.2,1068,5340,4,588,203.2,1069,5345,4,588,203.2,1069,5345,5,588,203.2,1067,5335,6,588,203.2,1076,5380,0,588,203.2,1063,5315,7,588,203.2,1064,5320,4,588,203.2,1073,5365,2,588,203.2,1067,5335,6,588,203.2,1069,5345,3
,589,203.35,1068,5340,4,589,203.35,1070,5350,4,589,203.35,1070,5350,5,589,203.35,1068,5340,6,589,203.35,1077,5385,0,589,203.35,1063,5315,7,589,203.35,1065,5325,4,589,203.35,1073,5365,2,589,203.35,1067,5335,6,589,203.35,1069,5345,3
,590,203.5,1068,5340,4,590,203.5,1070,5350,4,590,203.5,1070,5350,5,590,203.5,1068,5340,6,590,203.5,1077,5385,0,590,203.5,1065,5325,7,590,203.5,1065,5325,4,590,203.5,1074,5370,2,590,203.5,1067,5335,6,590,203.5,1070,5350,3
,591,203.65,1069,5345,4,591,203.65,1071,5355,4,591,203.65,1070,5350,5,591,203.65,1068,5340,6,591,203.65,1077,5385,0,591,203.65,1065,5325,7,591,203.65,1066,5330,4,591,203.65,1074,5370,2,591,203.65,1067,5335,6,591,203.65,1070,5350,3
,592,203.8,1069,5345,4,592,203.8,1071,5355,4,592,203.8,1071,5355,5,592,203.8,1068,5340,6,592,203.8,1077,5385,0,592,203.8,1065,5325,7,592,203.8,1066,5330,4,592,203.8,1074,5370,2,592,203.8,1067,5335,6,592,203.8,1070,5350,3
,593,203.95,1069,5345,4,593,203.95,1072,5360,4,593,203.95,1071,5355,5,593,203.95,1068,5340,6,593,203.95,1078,5390,0,593,203.95,1065,5325,7,593,203.95,1066,5330,4,593,203.95,1074,5370,2,593,203.95,1067,5335,6,593,203.95,1070,5350,3
,594,204.1,1069,5345,4,594,204.1,1072,5360,4,594,204.1,1071,5355,5,594,204.1,1068,5340,6,594,204.1,1078,5390,0,594,204.1,1066,5330,7,594,204.1,1066,5330,4,594,204.1,1074,5370,2,594,204.1,1067,5335,6,594,204.1,1070,5350,3
,595,204.25,1069,5345,4,595,204.25,1073,5365,4,595,204.25,1072,5360,5,595,204.25,1068,5340,6,595,204.25,1078,5390,0,595,204.25,1066,5330,7,595,204.25,1066,5330,4,595,204.25,1074,5370,2,595,204.25,1068,5340,6,595,204.25,1070,5350,3
,596,204.4,1069,5345,4,596,204.4,1073,5365,4,596,204.4,1072,5360,5,596,204.4,1068,5340,6,596,204.4,1078,5390,0,596,204.4,1066,5330,7,596,204.4,1066,5330,4,596,204.4,1074,5370,2,596,204.4,1068,5340,6,596,204.4,1070,5350,3
,597,204.55,1069,5345,4,597,204.55,1073,5365,4,597,204.55,1073,5365,5,597,204.55,1068,5340,6,597,204.55,1078,5390,0,597,204.55,1066,5330,7,597,204.55,1066,5330,4,597,204.55,1074,5370,2,597,204.55,1068,5340,6,597,204.55,1070,5350,3
,598,204.7,1069,5345,4,598,204.7,1073,5365,4,598,204.7,1073,5365,5,598,204.7,1068,5340,6,598,204.7,1078,5390,0,598,204.7,1066,5330,7,598,204.7,1066,5330,4,598,204.7,1074,5370,2,598,204.7,1069,5345,6,598,204.7,1070,5350,3
,599,204.85,1070,5350,4,599,204.85,1073,5365,4,599,204.85,1073,5365,5,599,204.85,1068,5340,6,599,204.85,1078,5390,0,599,204.85,1067,5335,7,599,204.85,1066,5330,4,599,204.85,1074,5370,2,599,204.85,1069,5345,6,599,204.85,1070,5350,3
,600,205,1070,5350,4,600,205,1073,5365,4,600,205,1073,5365,5,600,205,1070,5350,6,600,205,1078,5390,0,600,205,1068,5340,7,600,205,1066,5330,4,600,205,1074,5370,2,600,205,1069,5345,6,600,205,1070,5350,3
,601,205.15,1070,5350,4,601,205.15,1073,5365,4,601,205.15,1073,5365,5,601,205.15,1070,5350,6,601,205.15,1078,5390,0,601,205.15,1068,5340,7,601,205.15,1067,5335,4,601,205.15,1074,5370,2,601,205.15,1069,5345,6,601,205.15,1070,5350,3
,602,205.3,1070,5350,4,602,205.3,1073,5365,4,602,205.3,1073,5365,5,602,205.3,1070,5350,6,602,205.3,1078,5390,0,602,205.3,1068,5340,7,602,205.3,1067,5335,4,602,205.3,1074,5370,2,602,205.3,1070,5350,6,602,205.3,1070,5350,3
,603,205.45,1070,5350,4,603,205.45,1074,5370,4,603,205.45,1073,5365,5,603,205.45,1071,5355,6,603,205.45,1078,5390,0,603,205.45,1068,5340,7,603,205.45,1067,5335,4,603,205.45,1074,5370,2,603,205.45,1070,5350,6,603,205.45,1070,5350,3
,604,205.6,1071,5355,4,604,205.6,1074,5370,4,604,205.6,1074,5370,5,604,205.6,1072,5360,6,604,205.6,1078,5390,0,604,205.6,1068,5340,7,604,205.6,1067,5335,4,604,205.6,1074,5370,2,604,205.6,1070,5350,6,604,205.6,1070,5350,3
,605,205.75,1071,5355,4,605,205.75,1076,5380,4,605,205.75,1074,5370,5,605,205.75,1072,5360,6,605,205.75,1078,5390,0,605,205.75,1070,5350,7,605,205.75,1067,5335,4,605,205.75,1074,5370,2,605,205.75,1070,5350,6,605,205.75,1070,5350,3
,606,205.9,1072,5360,4,606,205.9,1076,5380,4,606,205.9,1074,5370,5,606,205.9,1072,5360,6,606,205.9,1078,5390,0,606,205.9,1070,5350,7,606,205.9,1069,5345,4,606,205.9,1074,5370,2,606,205.9,1070,5350,6,606,205.9,1070,5350,3
,607,206.05,1073,5365,4,607,206.05,1076,5380,4,607,206.05,1074,5370,5,607,206.05,1072,5360,6,607,206.05,1078,5390,0,607,206.05,1070,5350,7,607,206.05,1071,5355,4,607,206.05,1074,5370,2,607,206.05,1071,5355,6,607,206.05,1070,5350,3
,608,206.2,1073,5365,4,608,206.2,1076,5380,4,608,206.2,1075,5375,5,608,206.2,1072,5360,6,608,206.2,1078,5390,0,608,206.2,1071,5355,7,608,206.2,1071,5355,4,608,206.2,1074,5370,2,608,206.2,1071,5355,6,608,206.2,1070,5350,3
,609,206.35,1073,5365,4,609,206.35,1076,5380,4,609,206.35,1075,5375,5,609,206.35,1072,5360,6,609,206.35,1078,5390,0,609,206.35,1071,5355,7,609,206.35,1071,5355,4,609,206.35,1075,5375,2,609,206.35,1071,5355,6,609,206.35,1070,5350,3
,610,206.5,1073,5365,4,610,206.5,1076,5380,4,610,206.5,1075,5375,5,610,206.5,1072,5360,6,610,206.5,1078,5390,0,610,206.5,1071,5355,7,610,206.5,1071,5355,4,610,206.5,1075,5375,2,610,206.5,1071,5355,6,610,206.5,1070,5350,3
,611,206.65,1073,5365,4,611,206.65,1076,5380,4,611,206.65,1075,5375,5,611,206.65,1072,5360,6,611,206.65,1078,5390,0,611,206.65,1071,5355,7,611,206.65,1071,5355,4,611,206.65,1075,5375,2,611,206.65,1072,5360,6,611,206.65,1070,5350,3
,612,206.8,1073,5365,4,612,206.8,1077,5385,4,612,206.8,1075,5375,5,612,206.8,1073,5365,6,612,206.8,1078,5390,0,612,206.8,1071,5355,7,612,206.8,1071,5355,4,612,206.8,1075,5375,2,612,206.8,1072,5360,6,612,206.8,1070,5350,3
,613,206.95,1075,5375,4,613,206.95,1077,5385,4,613,206.95,1075,5375,5,613,206.95,1073,5365,6,613,206.95,1078,5390,0,613,206.95,1071,5355,7,613,206.95,1071,5355,4,613,206.95,1075,5375,2,613,206.95,1072,5360,6,613,206.95,1071,5355,3
,614,207.1,1075,5375,4,614,207.1,1078,5390,4,614,207.1,1075,5375,5,614,207.1,1073,5365,6,614,207.1,1078,5390,0,614,207.1,1071,5355,7,614,207.1,1072,5360,4,614,207.1,1075,5375,2,614,207.1,1072,5360,6,614,207.1,1071,5355,3
,615,207.25,1075,5375,4,615,207.25,1078,5390,4,615,207.25,1075,5375,5,615,207.25,1073,5365,6,615,207.25,1078,5390,0,615,207.25,1071,5355,7,615,207.25,1072,5360,4,615,207.25,1075,5375,2,615,207.25,1073,5365,6,615,207.25,1071,5355,3
,616,207.4,1075,5375,4,616,207.4,1078,5390,4,616,207.4,1075,5375,5,616,207.4,1073,5365,6,616,207.4,1078,5390,0,616,207.4,1071,5355,7,616,207.4,1073,5365,4,616,207.4,1075,5375,2,616,207.4,1073,5365,6,616,207.4,1071,5355,3
,617,207.55,1075,5375,4,617,207.55,1079,5395,4,617,207.55,1075,5375,5,617,207.55,1073,5365,6,617,207.55,1078,5390,0,617,207.55,1071,5355,7,617,207.55,1073,5365,4,617,207.55,1075,5375,2,617,207.55,1073,5365,6,617,207.55,1071,5355,3
,618,207.7,1075,5375,4,618,207.7,1079,5395,4,618,207.7,1075,5375,5,618,207.7,1073,5365,6,618,207.7,1078,5390,0,618,207.7,1071,5355,7,618,207.7,1073,5365,4,618,207.7,1075,5375,2,618,207.7,1073,5365,6,618,207.7,1071,5355,3
,619,207.85,1076,5380,4,619,207.85,1079,5395,4,619,207.85,1075,5375,5,619,207.85,1074,5370,6,619,207.85,1078,5390,0,619,207.85,1071,5355,7,619,207.85,1073,5365,4,619,207.85,1075,5375,2,619,207.85,1073,5365,6,619,207.85,1071,5355,3
,620,208,1076,5380,4,620,208,1079,5395,4,620,208,1075,5375,5,620,208,1074,5370,6,620,208,1078,5390,0,620,208,1072,5360,7,620,208,1073,5365,4,620,208,1075,5375,2,620,208,1073,5365,6,620,208,1071,5355,3
,621,208.15,1077,5385,4,621,208.15,1079,5395,4,621,208.15,1075,5375,5,621,208.15,1074,5370,6,621,208.15,1078,5390,0,621,208.15,1072,5360,7,621,208.15,1074,5370,4,621,208.15,1075,5375,2,621,208.15,1073,5365,6,621,208.15,1072,5360,3
,622,208.3,1077,5385,4,622,208.3,1079,5395,4,622,208.3,1076,5380,5,622,208.3,1075,5375,6,622,208.3,1078,5390,0,622,208.3,1072,5360,7,622,208.3,1074,5370,4,622,208.3,1075,5375,2,622,208.3,1073,5365,6,622,208.3,1072,5360,3
,623,208.45,1077,5385,4,623,208.45,1079,5395,4,623,208.45,1076,5380,5,623,208.45,1075,5375,6,623,208.45,1078,5390,0,623,208.45,1073,5365,7,623,208.45,1074,5370,4,623,208.45,1075,5375,2,623,208.45,1073,5365,6,623,208.45,1072,5360,3
,624,208.6,1077,5385,4,624,208.6,1079,5395,4,624,208.6,1076,5380,5,624,208.6,1075,5375,6,624,208.6,1079,5395,0,624,208.6,1073,5365,7,624,208.6,1074,5370,4,624,208.6,1075,5375,2,624,208.6,1073,5365,6,624,208.6,1072,5360,3
,625,208.75,1077,5385,4,625,208.75,1079,5395,4,625,208.75,1076,5380,5,625,208.75,1075,5375,6,625,208.75,1079,5395,0,625,208.75,1073,5365,7,625,208.75,1074,5370,4,625,208.75,1075,5375,2,625,208.75,1073,5365,6,625,208.75,1072,5360,3
,626,208.9,1077,5385,4,626,208.9,1079,5395,4,626,208.9,1076,5380,5,626,208.9,1076,5380,6,626,208.9,1080,5400,0,626,208.9,1073,5365,7,626,208.9,1076,5380,4,626,208.9,1076,5380,2,626,208.9,1073,5365,6,626,208.9,1072,5360,3
,627,209.05,1077,5385,4,627,209.05,1079,5395,4,627,209.05,1076,5380,5,627,209.05,1076,5380,6,627,209.05,1080,5400,0,627,209.05,1075,5375,7,627,209.05,1076,5380,4,627,209.05,1076,5380,2,627,209.05,1073,5365,6,627,209.05,1074,5370,3
,628,209.2,1077,5385,4,628,209.2,1079,5395,4,628,209.2,1076,5380,5,628,209.2,1076,5380,6,628,209.2,1081,5405,0,628,209.2,1075,5375,7,628,209.2,1076,5380,4,628,209.2,1076,5380,2,628,209.2,1074,5370,6,628,209.2,1074,5370,3
,629,209.35,1077,5385,4,629,209.35,1079,5395,4,629,209.35,1076,5380,5,629,209.35,1076,5380,6,629,209.35,1081,5405,0,629,209.35,1076,5380,7,629,209.35,1077,5385,4,629,209.35,1076,5380,2,629,209.35,1075,5375,6,629,209.35,1076,5380,3
,630,209.5,1077,5385,4,630,209.5,1079,5395,4,630,209.5,1076,5380,5,630,209.5,1076,5380,6,630,209.5,1081,5405,0,630,209.5,1076,5380,7,630,209.5,1077,5385,4,630,209.5,1076,5380,2,630,209.5,1076,5380,6,630,209.5,1077,5385,3
,631,209.65,1077,5385,4,631,209.65,1080,5400,4,631,209.65,1076,5380,5,631,209.65,1076,5380,6,631,209.65,1082,5410,0,631,209.65,1076,5380,7,631,209.65,1078,5390,4,631,209.65,1076,5380,2,631,209.65,1076,5380,6,631,209.65,1077,5385,3
,632,209.8,1077,5385,4,632,209.8,1081,5405,4,632,209.8,1076,5380,5,632,209.8,1076,5380,6,632,209.8,1084,5420,0,632,209.8,1076,5380,7,632,209.8,1078,5390,4,632,209.8,1076,5380,2,632,209.8,1076,5380,6,632,209.8,1078,5390,3
,633,209.95,1077,5385,4,633,209.95,1081,5405,4,633,209.95,1076,5380,5,633,209.95,1076,5380,6,633,209.95,1084,5420,0,633,209.95,1076,5380,7,633,209.95,1078,5390,4,633,209.95,1076,5380,2,633,209.95,1076,5380,6,633,209.95,1078,5390,3
,634,210.1,1078,5390,4,634,210.1,1081,5405,4,634,210.1,1077,5385,5,634,210.1,1076,5380,6,634,210.1,1084,5420,0,634,210.1,1076,5380,7,634,210.1,1078,5390,4,634,210.1,1076,5380,2,634,210.1,1077,5385,6,634,210.1,1078,5390,3
,635,210.25,1078,5390,4,635,210.25,1081,5405,4,635,210.25,1077,5385,5,635,210.25,1076,5380,6,635,210.25,1084,5420,0,635,210.25,1076,5380,7,635,210.25,1078,5390,4,635,210.25,1076,5380,2,635,210.25,1077,5385,6,635,210.25,1078,5390,3
,636,210.4,1078,5390,4,636,210.4,1081,5405,4,636,210.4,1077,5385,5,636,210.4,1076,5380,6,636,210.4,1084,5420,0,636,210.4,1076,5380,7,636,210.4,1078,5390,4,636,210.4,1076,5380,2,636,210.4,1077,5385,6,636,210.4,1079,5395,3
,637,210.55,1078,5390,4,637,210.55,1081,5405,4,637,210.55,1077,5385,5,637,210.55,1076,5380,6,637,210.55,1084,5420,0,637,210.55,1076,5380,7,637,210.55,1078,5390,4,637,210.55,1077,5385,2,637,210.55,1077,5385,6,637,210.55,1079,5395,3
,638,210.7,1078,5390,4,638,210.7,1082,5410,4,638,210.7,1077,5385,5,638,210.7,1076,5380,6,638,210.7,1084,5420,0,638,210.7,1076,5380,7,638,210.7,1078,5390,4,638,210.7,1078,5390,2,638,210.7,1077,5385,6,638,210.7,1079,5395,3
,639,210.85,1078,5390,4,639,210.85,1082,5410,4,639,210.85,1077,5385,5,639,210.85,1076,5380,6,639,210.85,1084,5420,0,639,210.85,1076,5380,7,639,210.85,1078,5390,4,639,210.85,1078,5390,2,639,210.85,1077,5385,6,639,210.85,1079,5395,3
,640,211,1078,5390,4,640,211,1082,5410,4,640,211,1078,5390,5,640,211,1076,5380,6,640,211,1084,5420,0,640,211,1076,5380,7,640,211,1078,5390,4,640,211,1079,5395,2,640,211,1078,5390,6,640,211,1079,5395,3
,641,211.15,1079,5395,4,641,211.15,1082,5410,4,641,211.15,1078,5390,5,641,211.15,1076,5380,6,641,211.15,1085,5425,0,641,211.15,1076,5380,7,641,211.15,1078,5390,4,641,211.15,1079,5395,2,641,211.15,1078,5390,6,641,211.15,1079,5395,3
,642,211.3,1079,5395,4,642,211.3,1082,5410,4,642,211.3,1079,5395,5,642,211.3,1076,5380,6,642,211.3,1085,5425,0,642,211.3,1076,5380,7,642,211.3,1078,5390,4,642,211.3,1080,5400,2,642,211.3,1078,5390,6,642,211.3,1079,5395,3
,643,211.45,1079,5395,4,643,211.45,1082,5410,4,643,211.45,1079,5395,5,643,211.45,1076,5380,6,643,211.45,1085,5425,0,643,211.45,1076,5380,7,643,211.45,1078,5390,4,643,211.45,1080,5400,2,643,211.45,1078,5390,6,643,211.45,1079,5395,3
,644,211.6,1079,5395,4,644,211.6,1082,5410,4,644,211.6,1079,5395,5,644,211.6,1076,5380,6,644,211.6,1085,5425,0,644,211.6,1077,5385,7,644,211.6,1078,5390,4,644,211.6,1081,5405,2,644,211.6,1078,5390,6,644,211.6,1079,5395,3
,645,211.75,1079,5395,4,645,211.75,1082,5410,4,645,211.75,1079,5395,5,645,211.75,1076,5380,6,645,211.75,1085,5425,0,645,211.75,1077,5385,7,645,211.75,1078,5390,4,645,211.75,1081,5405,2,645,211.75,1078,5390,6,645,211.75,1079,5395,3
,646,211.9,1079,5395,4,646,211.9,1082,5410,4,646,211.9,1079,5395,5,646,211.9,1076,5380,6,646,211.9,1085,5425,0,646,211.9,1077,5385,7,646,211.9,1079,5395,4,646,211.9,1081,5405,2,646,211.9,1078,5390,6,646,211.9,1079,5395,3
,647,212.05,1079,5395,4,647,212.05,1082,5410,4,647,212.05,1079,5395,5,647,212.05,1076,5380,6,647,212.05,1086,5430,0,647,212.05,1077,5385,7,647,212.05,1079,5395,4,647,212.05,1081,5405,2,647,212.05,1078,5390,6,647,212.05,1079,5395,3
,648,212.2,1079,5395,4,648,212.2,1082,5410,4,648,212.2,1080,5400,5,648,212.2,1076,5380,6,648,212.2,1086,5430,0,648,212.2,1077,5385,7,648,212.2,1079,5395,4,648,212.2,1081,5405,2,648,212.2,1078,5390,6,648,212.2,1079,5395,3
,649,212.35,1079,5395,4,649,212.35,1082,5410,4,649,212.35,1080,5400,5,649,212.35,1076,5380,6,649,212.35,1086,5430,0,649,212.35,1077,5385,7,649,212.35,1079,5395,4,649,212.35,1081,5405,2,649,212.35,1078,5390,6,649,212.35,1079,5395,3
,650,212.5,1080,5400,3,650,212.5,1082,5410,4,650,212.5,1081,5405,5,650,212.5,1076,5380,6,650,212.5,1086,5430,0,650,212.5,1077,5385,7,650,212.5,1079,5395,4,650,212.5,1081,5405,2,650,212.5,1078,5390,6,650,212.5,1080,5400,3
,651,212.65,1080,5400,3,651,212.65,1082,5410,4,651,212.65,1081,5405,5,651,212.65,1076,5380,6,651,212.65,1086,5430,0,651,212.65,1077,5385,7,651,212.65,1079,5395,4,651,212.65,1081,5405,2,651,212.65,1078,5390,6,651,212.65,1080,5400,3
,652,212.8,1080,5400,3,652,212.8,1082,5410,4,652,212.8,1081,5405,5,652,212.8,1076,5380,6,652,212.8,1086,5430,0,652,212.8,1077,5385,7,652,212.8,1079,5395,4,652,212.8,1081,5405,2,652,212.8,1079,5395,6,652,212.8,1080,5400,3
,653,212.95,1080,5400,3,653,212.95,1082,5410,4,653,212.95,1081,5405,5,653,212.95,1077,5385,6,653,212.95,1086,5430,0,653,212.95,1077,5385,7,653,212.95,1079,5395,4,653,212.95,1081,5405,2,653,212.95,1079,5395,6,653,212.95,1080,5400,3
,654,213.1,1080,5400,3,654,213.1,1082,5410,4,654,213.1,1081,5405,5,654,213.1,1077,5385,6,654,213.1,1086,5430,0,654,213.1,1077,5385,7,654,213.1,1079,5395,4,654,213.1,1081,5405,2,654,213.1,1079,5395,6,654,213.1,1080,5400,3
,655,213.25,1080,5400,3,655,213.25,1082,5410,4,655,213.25,1081,5405,5,655,213.25,1077,5385,6,655,213.25,1086,5430,0,655,213.25,1077,5385,7,655,213.25,1079,5395,4,655,213.25,1082,5410,2,655,213.25,1080,5400,6,655,213.25,1080,5400,3
,656,213.4,1080,5400,3,656,213.4,1082,5410,4,656,213.4,1081,5405,5,656,213.4,1077,5385,6,656,213.4,1086,5430,0,656,213.4,1077,5385,7,656,213.4,1079,5395,4,656,213.4,1082,5410,2,656,213.4,1080,5400,6,656,213.4,1080,5400,3
,657,213.55,1080,5400,3,657,213.55,1082,5410,4,657,213.55,1081,5405,5,657,213.55,1077,5385,6,657,213.55,1086,5430,0,657,213.55,1078,5390,7,657,213.55,1079,5395,4,657,213.55,1082,5410,2,657,213.55,1081,5405,6,657,213.55,1080,5400,3
,658,213.7,1080,5400,3,658,213.7,1082,5410,4,658,213.7,1081,5405,5,658,213.7,1077,5385,6,658,213.7,1086,5430,0,658,213.7,1078,5390,7,658,213.7,1079,5395,4,658,213.7,1083,5415,2,658,213.7,1081,5405,6,658,213.7,1080,5400,3
,659,213.85,1080,5400,3,659,213.85,1082,5410,4,659,213.85,1081,5405,5,659,213.85,1077,5385,6,659,213.85,1087,5435,0,659,213.85,1078,5390,7,659,213.85,1079,5395,4,659,213.85,1083,5415,2,659,213.85,1081,5405,6,659,213.85,1080,5400,3
,660,214,1080,5400,3,660,214,1082,5410,4,660,214,1081,5405,5,660,214,1077,5385,6,660,214,1087,5435,0,660,214,1078,5390,7,660,214,1079,5395,4,660,214,1083,5415,2,660,214,1081,5405,6,660,214,1080,5400,3
,661,214.15,1081,5405,3,661,214.15,1082,5410,4,661,214.15,1081,5405,5,661,214.15,1078,5390,6,661,214.15,1087,5435,0,661,214.15,1078,5390,7,661,214.15,1079,5395,4,661,214.15,1083,5415,2,661,214.15,1081,5405,6,661,214.15,1080,5400,3
,662,214.3,1081,5405,3,662,214.3,1082,5410,4,662,214.3,1081,5405,5,662,214.3,1078,5390,6,662,214.3,1087,5435,0,662,214.3,1078,5390,7,662,214.3,1080,5400,4,662,214.3,1083,5415,2,662,214.3,1081,5405,6,662,214.3,1080,5400,3
,663,214.45,1081,5405,3,663,214.45,1082,5410,4,663,214.45,1081,5405,5,663,214.45,1080,5400,6,663,214.45,1088,5440,0,663,214.45,1078,5390,7,663,214.45,1080,5400,4,663,214.45,1083,5415,2,663,214.45,1081,5405,6,663,214.45,1080,5400,3
,664,214.6,1081,5405,3,664,214.6,1082,5410,4,664,214.6,1081,5405,5,664,214.6,1080,5400,6,664,214.6,1088,5440,0,664,214.6,1078,5390,7,664,214.6,1080,5400,4,664,214.6,1084,5420,2,664,214.6,1081,5405,6,664,214.6,1080,5400,3
,665,214.75,1081,5405,3,665,214.75,1082,5410,4,665,214.75,1081,5405,5,665,214.75,1080,5400,6,665,214.75,1088,5440,0,665,214.75,1079,5395,7,665,214.75,1080,5400,4,665,214.75,1084,5420,2,665,214.75,1081,5405,6,665,214.75,1080,5400,3
,666,214.9,1082,5410,3,666,214.9,1082,5410,4,666,214.9,1081,5405,5,666,214.9,1080,5400,6,666,214.9,1088,5440,0,666,214.9,1079,5395,7,666,214.9,1080,5400,4,666,214.9,1084,5420,2,666,214.9,1081,5405,6,666,214.9,1080,5400,3
,667,215.05,1082,5410,3,667,215.05,1082,5410,4,667,215.05,1081,5405,5,667,215.05,1080,5400,6,667,215.05,1088,5440,0,667,215.05,1079,5395,7,667,215.05,1080,5400,4,667,215.05,1084,5420,2,667,215.05,1081,5405,6,667,215.05,1080,5400,3
,668,215.2,1082,5410,3,668,215.2,1082,5410,4,668,215.2,1081,5405,5,668,215.2,1080,5400,6,668,215.2,1088,5440,0,668,215.2,1079,5395,7,668,215.2,1080,5400,4,668,215.2,1084,5420,2,668,215.2,1081,5405,6,668,215.2,1080,5400,3
,669,215.35,1082,5410,3,669,215.35,1082,5410,4,669,215.35,1081,5405,5,669,215.35,1080,5400,6,669,215.35,1088,5440,0,669,215.35,1079,5395,7,669,215.35,1080,5400,4,669,215.35,1084,5420,2,669,215.35,1081,5405,6,669,215.35,1080,5400,3
,670,215.5,1082,5410,3,670,215.5,1082,5410,4,670,215.5,1081,5405,5,670,215.5,1080,5400,6,670,215.5,1088,5440,0,670,215.5,1079,5395,7,670,215.5,1080,5400,4,670,215.5,1084,5420,2,670,215.5,1081,5405,6,670,215.5,1080,5400,3
,671,215.65,1082,5410,3,671,215.65,1082,5410,4,671,215.65,1081,5405,5,671,215.65,1080,5400,6,671,215.65,1088,5440,0,671,215.65,1079,5395,7,671,215.65,1080,5400,4,671,215.65,1084,5420,2,671,215.65,1081,5405,6,671,215.65,1080,5400,3
,672,215.8,1082,5410,3,672,215.8,1082,5410,4,672,215.8,1081,5405,5,672,215.8,1080,5400,6,672,215.8,1088,5440,0,672,215.8,1079,5395,7,672,215.8,1080,5400,4,672,215.8,1084,5420,2,672,215.8,1081,5405,6,672,215.8,1080,5400,3
,673,215.95,1082,5410,3,673,215.95,1082,5410,4,673,215.95,1081,5405,5,673,215.95,1080,5400,6,673,215.95,1088,5440,0,673,215.95,1079,5395,7,673,215.95,1080,5400,4,673,215.95,1084,5420,2,673,215.95,1081,5405,6,673,215.95,1080,5400,3
,674,216.1,1082,5410,3,674,216.1,1082,5410,4,674,216.1,1081,5405,5,674,216.1,1080,5400,6,674,216.1,1088,5440,0,674,216.1,1079,5395,7,674,216.1,1080,5400,4,674,216.1,1084,5420,2,674,216.1,1081,5405,6,674,216.1,1080,5400,3
,675,216.25,1082,5410,3,675,216.25,1082,5410,4,675,216.25,1081,5405,5,675,216.25,1080,5400,6,675,216.25,1088,5440,0,675,216.25,1079,5395,7,675,216.25,1080,5400,4,675,216.25,1084,5420,2,675,216.25,1081,5405,6,675,216.25,1080,5400,3
,676,216.4,1082,5410,3,676,216.4,1082,5410,4,676,216.4,1081,5405,5,676,216.4,1080,5400,6,676,216.4,1088,5440,0,676,216.4,1079,5395,7,676,216.4,1080,5400,4,676,216.4,1084,5420,2,676,216.4,1081,5405,6,676,216.4,1080,5400,3
,677,216.55,1082,5410,3,677,216.55,1082,5410,4,677,216.55,1081,5405,5,677,216.55,1080,5400,6,677,216.55,1088,5440,0,677,216.55,1079,5395,7,677,216.55,1080,5400,4,677,216.55,1084,5420,2,677,216.55,1081,5405,6,677,216.55,1080,5400,3
,678,216.7,1082,5410,3,678,216.7,1082,5410,4,678,216.7,1081,5405,5,678,216.7,1080,5400,6,678,216.7,1088,5440,0,678,216.7,1079,5395,7,678,216.7,1080,5400,4,678,216.7,1084,5420,2,678,216.7,1081,5405,6,678,216.7,1080,5400,3
,679,216.85,1082,5410,3,679,216.85,1082,5410,4,679,216.85,1081,5405,5,679,216.85,1080,5400,6,679,216.85,1088,5440,0,679,216.85,1079,5395,7,679,216.85,1080,5400,4,679,216.85,1084,5420,2,679,216.85,1081,5405,6,679,216.85,1080,5400,3
,680,217,1082,5410,3,680,217,1082,5410,4,680,217,1081,5405,5,680,217,1080,5400,6,680,217,1088,5440,0,680,217,1079,5395,7,680,217,1080,5400,4,680,217,1084,5420,2,680,217,1081,5405,6,680,217,1080,5400,3
,681,217.15,1082,5410,3,681,217.15,1082,5410,4,681,217.15,1081,5405,5,681,217.15,1080,5400,6,681,217.15,1088,5440,0,681,217.15,1079,5395,7,681,217.15,1080,5400,4,681,217.15,1084,5420,2,681,217.15,1081,5405,6,681,217.15,1080,5400,3
,682,217.3,1082,5410,3,682,217.3,1082,5410,4,682,217.3,1081,5405,5,682,217.3,1080,5400,6,682,217.3,1088,5440,0,682,217.3,1079,5395,7,682,217.3,1080,5400,4,682,217.3,1084,5420,2,682,217.3,1081,5405,6,682,217.3,1080,5400,3
,683,217.45,1082,5410,3,683,217.45,1082,5410,4,683,217.45,1081,5405,5,683,217.45,1080,5400,6,683,217.45,1088,5440,0,683,217.45,1079,5395,7,683,217.45,1080,5400,4,683,217.45,1084,5420,2,683,217.45,1081,5405,6,683,217.45,1080,5400,3
,684,217.6,1082,5410,3,684,217.6,1082,5410,4,684,217.6,1081,5405,5,684,217.6,1080,5400,6,684,217.6,1088,5440,0,684,217.6,1079,5395,7,684,217.6,1080,5400,4,684,217.6,1084,5420,2,684,217.6,1081,5405,6,684,217.6,1080,5400,3
,685,217.75,1082,5410,3,685,217.75,1082,5410,4,685,217.75,1081,5405,5,685,217.75,1080,5400,6,685,217.75,1088,5440,0,685,217.75,1079,5395,7,685,217.75,1080,5400,4,685,217.75,1084,5420,2,685,217.75,1081,5405,6,685,217.75,1080,5400,3
,686,217.9,1082,5410,3,686,217.9,1082,5410,4,686,217.9,1081,5405,5,686,217.9,1080,5400,6,686,217.9,1088,5440,0,686,217.9,1079,5395,7,686,217.9,1080,5400,4,686,217.9,1084,5420,2,686,217.9,1081,5405,6,686,217.9,1080,5400,3
,687,218.05,1082,5410,3,687,218.05,1082,5410,4,687,218.05,1081,5405,5,687,218.05,1080,5400,6,687,218.05,1088,5440,0,687,218.05,1079,5395,7,687,218.05,1080,5400,4,687,218.05,1084,5420,2,687,218.05,1081,5405,6,687,218.05,1080,5400,3
,688,218.2,1082,5410,3,688,218.2,1082,5410,4,688,218.2,1081,5405,5,688,218.2,1080,5400,6,688,218.2,1088,5440,0,688,218.2,1079,5395,7,688,218.2,1080,5400,4,688,218.2,1084,5420,2,688,218.2,1081,5405,6,688,218.2,1080,5400,3
,689,218.35,1082,5410,3,689,218.35,1082,5410,4,689,218.35,1081,5405,5,689,218.35,1080,5400,6,689,218.35,1088,5440,0,689,218.35,1079,5395,7,689,218.35,1080,5400,4,689,218.35,1084,5420,2,689,218.35,1081,5405,6,689,218.35,1080,5400,3
,690,218.5,1082,5410,3,690,218.5,1082,5410,4,690,218.5,1081,5405,5,690,218.5,1080,5400,6,690,218.5,1088,5440,0,690,218.5,1079,5395,7,690,218.5,1080,5400,4,690,218.5,1084,5420,2,690,218.5,1081,5405,6,690,218.5,1080,5400,3
,691,218.65,1082,5410,3,691,218.65,1082,5410,4,691,218.65,1081,5405,5,691,218.65,1080,5400,6,691,218.65,1088,5440,0,691,218.65,1079,5395,7,691,218.65,1080,5400,4,691,218.65,1084,5420,2,691,218.65,1081,5405,6,691,218.65,1080,5400,3
,692,218.8,1082,5410,3,692,218.8,1082,5410,4,692,218.8,1081,5405,5,692,218.8,1080,5400,6,692,218.8,1088,5440,0,692,218.8,1079,5395,7,692,218.8,1080,5400,4,692,218.8,1084,5420,2,692,218.8,1081,5405,6,692,218.8,1080,5400,3
,693,218.95,1082,5410,3,693,218.95,1082,5410,4,693,218.95,1081,5405,5,693,218.95,1080,5400,6,693,218.95,1088,5440,0,693,218.95,1079,5395,7,693,218.95,1080,5400,4,693,218.95,1084,5420,2,693,218.95,1081,5405,6,693,218.95,1080,5400,3
,694,219.1,1082,5410,3,694,219.1,1082,5410,4,694,219.1,1081,5405,5,694,219.1,1080,5400,6,694,219.1,1088,5440,0,694,219.1,1079,5395,7,694,219.1,1080,5400,4,694,219.1,1084,5420,2,694,219.1,1081,5405,6,694,219.1,1080,5400,3
,695,219.25,1082,5410,3,695,219.25,1082,5410,4,695,219.25,1081,5405,5,695,219.25,1080,5400,6,695,219.25,1088,5440,0,695,219.25,1079,5395,7,695,219.25,1080,5400,4,695,219.25,1084,5420,2,695,219.25,1081,5405,6,695,219.25,1080,5400,3
,696,219.4,1082,5410,3,696,219.4,1082,5410,4,696,219.4,1081,5405,5,696,219.4,1080,5400,6,696,219.4,1088,5440,0,696,219.4,1079,5395,7,696,219.4,1080,5400,4,696,219.4,1084,5420,2,696,219.4,1081,5405,6,696,219.4,1080,5400,3
,697,219.55,1082,5410,3,697,219.55,1082,5410,4,697,219.55,1081,5405,5,697,219.55,1080,5400,6,697,219.55,1088,5440,0,697,219.55,1079,5395,7,697,219.55,1080,5400,4,697,219.55,1084,5420,2,697,219.55,1081,5405,6,697,219.55,1080,5400,3
,698,219.7,1082,5410,3,698,219.7,1082,5410,4,698,219.7,1081,5405,5,698,219.7,1080,5400,6,698,219.7,1088,5440,0,698,219.7,1079,5395,7,698,219.7,1080,5400,4,698,219.7,1084,5420,2,698,219.7,1081,5405,6,698,219.7,1080,5400,3
,699,219.85,1082,5410,3,699,219.85,1082,5410,4,699,219.85,1081,5405,5,699,219.85,1080,5400,6,699,219.85,1088,5440,0,699,219.85,1079,5395,7,699,219.85,1080,5400,4,699,219.85,1084,5420,2,699,219.85,1081,5405,6,699,219.85,1080,5400,3
,700,220,1082,5410,3,700,220,1082,5410,4,700,220,1081,5405,5,700,220,1080,5400,6,700,220,1088,5440,0,700,220,1079,5395,7,700,220,1080,5400,4,700,220,1084,5420,2,700,220,1081,5405,6,700,220,1080,5400,3
,701,220.15,1082,5410,3,701,220.15,1082,5410,4,701,220.15,1081,5405,5,701,220.15,1080,5400,6,701,220.15,1088,5440,0,701,220.15,1079,5395,7,701,220.15,1080,5400,4,701,220.15,1084,5420,2,701,220.15,1081,5405,6,701,220.15,1080,5400,3
,702,220.3,1082,5410,3,702,220.3,1082,5410,4,702,220.3,1081,5405,5,702,220.3,1080,5400,6,702,220.3,1088,5440,0,702,220.3,1079,5395,7,702,220.3,1080,5400,4,702,220.3,1084,5420,2,702,220.3,1081,5405,6,702,220.3,1080,5400,3
,703,220.45,1082,5410,3,703,220.45,1082,5410,4,703,220.45,1081,5405,5,703,220.45,1080,5400,6,703,220.45,1088,5440,0,703,220.45,1079,5395,7,703,220.45,1080,5400,4,703,220.45,1084,5420,2,703,220.45,1081,5405,6,703,220.45,1080,5400,3
,704,220.6,1082,5410,3,704,220.6,1082,5410,4,704,220.6,1081,5405,5,704,220.6,1080,5400,6,704,220.6,1088,5440,0,704,220.6,1079,5395,7,704,220.6,1080,5400,4,704,220.6,1084,5420,2,704,220.6,1081,5405,6,704,220.6,1080,5400,3
,705,220.75,1082,5410,3,705,220.75,1082,5410,4,705,220.75,1081,5405,5,705,220.75,1080,5400,6,705,220.75,1088,5440,0,705,220.75,1079,5395,7,705,220.75,1080,5400,4,705,220.75,1084,5420,2,705,220.75,1081,5405,6,705,220.75,1080,5400,3
,706,220.9,1082,5410,3,706,220.9,1082,5410,4,706,220.9,1081,5405,5,706,220.9,1080,5400,6,706,220.9,1088,5440,0,706,220.9,1079,5395,7,706,220.9,1080,5400,4,706,220.9,1084,5420,2,706,220.9,1081,5405,6,706,220.9,1080,5400,3
,707,221.05,1082,5410,3,707,221.05,1082,5410,4,707,221.05,1081,5405,5,707,221.05,1080,5400,6,707,221.05,1088,5440,0,707,221.05,1079,5395,7,707,221.05,1080,5400,4,707,221.05,1084,5420,2,707,221.05,1081,5405,6,707,221.05,1080,5400,3
,708,221.2,1082,5410,3,708,221.2,1082,5410,4,708,221.2,1081,5405,5,708,221.2,1080,5400,6,708,221.2,1088,5440,0,708,221.2,1079,5395,7,708,221.2,1080,5400,4,708,221.2,1084,5420,2,708,221.2,1081,5405,6,708,221.2,1080,5400,3
,709,221.35,1082,5410,3,709,221.35,1082,5410,4,709,221.35,1081,5405,5,709,221.35,1080,5400,6,709,221.35,1088,5440,0,709,221.35,1079,5395,7,709,221.35,1080,5400,4,709,221.35,1084,5420,2,709,221.35,1081,5405,6,709,221.35,1080,5400,3
,710,221.5,1082,5410,3,710,221.5,1082,5410,4,710,221.5,1081,5405,5,710,221.5,1080,5400,6,710,221.5,1088,5440,0,710,221.5,1079,5395,7,710,221.5,1080,5400,4,710,221.5,1084,5420,2,710,221.5,1081,5405,6,710,221.5,1080,5400,3
,711,221.65,1082,5410,3,711,221.65,1082,5410,4,711,221.65,1081,5405,5,711,221.65,1080,5400,6,711,221.65,1088,5440,0,711,221.65,1079,5395,7,711,221.65,1080,5400,4,711,221.65,1084,5420,2,711,221.65,1081,5405,6,711,221.65,1080,5400,3
,712,221.8,1082,5410,3,712,221.8,1082,5410,4,712,221.8,1081,5405,5,712,221.8,1080,5400,6,712,221.8,1088,5440,0,712,221.8,1079,5395,7,712,221.8,1080,5400,4,712,221.8,1084,5420,2,712,221.8,1081,5405,6,712,221.8,1080,5400,3
,713,221.95,1082,5410,3,713,221.95,1082,5410,4,713,221.95,1081,5405,5,713,221.95,1080,5400,6,713,221.95,1088,5440,0,713,221.95,1079,5395,7,713,221.95,1080,5400,4,713,221.95,1084,5420,2,713,221.95,1081,5405,6,713,221.95,1080,5400,3
,714,222.1,1082,5410,3,714,222.1,1082,5410,4,714,222.1,1081,5405,5,714,222.1,1080,5400,6,714,222.1,1088,5440,0,714,222.1,1079,5395,7,714,222.1,1080,5400,4,714,222.1,1084,5420,2,714,222.1,1081,5405,6,714,222.1,1080,5400,3
,715,222.25,1082,5410,3,715,222.25,1082,5410,4,715,222.25,1081,5405,5,715,222.25,1080,5400,6,715,222.25,1088,5440,0,715,222.25,1079,5395,7,715,222.25,1080,5400,4,715,222.25,1084,5420,2,715,222.25,1081,5405,6,715,222.25,1080,5400,3
,716,222.4,1082,5410,3,716,222.4,1082,5410,4,716,222.4,1081,5405,5,716,222.4,1080,5400,6,716,222.4,1088,5440,0,716,222.4,1079,5395,7,716,222.4,1080,5400,4,716,222.4,1084,5420,2,716,222.4,1081,5405,6,716,222.4,1080,5400,3
,717,222.55,1082,5410,3,717,222.55,1082,5410,4,717,222.55,1081,5405,5,717,222.55,1080,5400,6,717,222.55,1088,5440,0,717,222.55,1079,5395,7,717,222.55,1080,5400,4,717,222.55,1084,5420,2,717,222.55,1081,5405,6,717,222.55,1080,5400,3
,718,222.7,1082,5410,3,718,222.7,1082,5410,4,718,222.7,1081,5405,5,718,222.7,1080,5400,6,718,222.7,1088,5440,0,718,222.7,1079,5395,7,718,222.7,1080,5400,4,718,222.7,1084,5420,2,718,222.7,1081,5405,6,718,222.7,1080,5400,3
,719,222.85,1082,5410,3,719,222.85,1082,5410,4,719,222.85,1081,5405,5,719,222.85,1080,5400,6,719,222.85,1088,5440,0,719,222.85,1079,5395,7,719,222.85,1080,5400,4,719,222.85,1084,5420,2,719,222.85,1081,5405,6,719,222.85,1080,5400,3
,720,223,1082,5410,3,720,223,1082,5410,4,720,223,1081,5405,5,720,223,1080,5400,6,720,223,1088,5440,0,720,223,1079,5395,7,720,223,1080,5400,4,720,223,1084,5420,2,720,223,1081,5405,6,720,223,1080,5400,3
,721,223.15,1082,5410,3,721,223.15,1082,5410,4,721,223.15,1081,5405,5,721,223.15,1080,5400,6,721,223.15,1088,5440,0,721,223.15,1079,5395,7,721,223.15,1080,5400,4,721,223.15,1084,5420,2,721,223.15,1081,5405,6,721,223.15,1080,5400,3
,722,223.3,1082,5410,3,722,223.3,1082,5410,4,722,223.3,1081,5405,5,722,223.3,1080,5400,6,722,223.3,1088,5440,0,722,223.3,1079,5395,7,722,223.3,1080,5400,4,722,223.3,1084,5420,2,722,223.3,1081,5405,6,722,223.3,1080,5400,3
,723,223.45,1082,5410,3,723,223.45,1082,5410,4,723,223.45,1081,5405,5,723,223.45,1080,5400,6,723,223.45,1088,5440,0,723,223.45,1079,5395,7,723,223.45,1080,5400,4,723,223.45,1084,5420,2,723,223.45,1081,5405,6,723,223.45,1080,5400,3
,724,223.6,1082,5410,3,724,223.6,1082,5410,4,724,223.6,1081,5405,5,724,223.6,1080,5400,6,724,223.6,1088,5440,0,724,223.6,1079,5395,7,724,223.6,1080,5400,4,724,223.6,1084,5420,2,724,223.6,1081,5405,6,724,223.6,1080,5400,3
,725,223.75,1082,5410,3,725,223.75,1082,5410,4,725,223.75,1081,5405,5,725,223.75,1080,5400,6,725,223.75,1088,5440,0,725,223.75,1079,5395,7,725,223.75,1080,5400,4,725,223.75,1084,5420,2,725,223.75,1081,5405,6,725,223.75,1080,5400,3
,726,223.9,1082,5410,3,726,223.9,1082,5410,4,726,223.9,1081,5405,5,726,223.9,1080,5400,6,726,223.9,1088,5440,0,726,223.9,1079,5395,7,726,223.9,1080,5400,4,726,223.9,1084,5420,2,726,223.9,1081,5405,6,726,223.9,1080,5400,3
,727,224.05,1082,5410,3,727,224.05,1082,5410,4,727,224.05,1081,5405,5,727,224.05,1080,5400,6,727,224.05,1088,5440,0,727,224.05,1079,5395,7,727,224.05,1080,5400,4,727,224.05,1084,5420,2,727,224.05,1081,5405,6,727,224.05,1080,5400,3
,728,224.2,1082,5410,3,728,224.2,1082,5410,4,728,224.2,1081,5405,5,728,224.2,1080,5400,6,728,224.2,1088,5440,0,728,224.2,1079,5395,7,728,224.2,1080,5400,4,728,224.2,1084,5420,2,728,224.2,1081,5405,6,728,224.2,1080,5400,3
,729,224.35,1082,5410,3,729,224.35,1082,5410,4,729,224.35,1081,5405,5,729,224.35,1080,5400,6,729,224.35,1088,5440,0,729,224.35,1079,5395,7,729,224.35,1080,5400,4,729,224.35,1084,5420,2,729,224.35,1081,5405,6,729,224.35,1080,5400,3
,730,224.5,1082,5410,3,730,224.5,1082,5410,4,730,224.5,1081,5405,5,730,224.5,1080,5400,6,730,224.5,1088,5440,0,730,224.5,1079,5395,7,730,224.5,1080,5400,4,730,224.5,1084,5420,2,730,224.5,1081,5405,6,730,224.5,1080,5400,3
,731,224.65,1082,5410,3,731,224.65,1082,5410,4,731,224.65,1081,5405,5,731,224.65,1080,5400,6,731,224.65,1088,5440,0,731,224.65,1079,5395,7,731,224.65,1080,5400,4,731,224.65,1084,5420,2,731,224.65,1081,5405,6,731,224.65,1080,5400,3
,732,224.8,1082,5410,3,732,224.8,1082,5410,4,732,224.8,1081,5405,5,732,224.8,1080,5400,6,732,224.8,1088,5440,0,732,224.8,1079,5395,7,732,224.8,1080,5400,4,732,224.8,1084,5420,2,732,224.8,1081,5405,6,732,224.8,1080,5400,3
,733,224.95,1082,5410,3,733,224.95,1082,5410,4,733,224.95,1081,5405,5,733,224.95,1080,5400,6,733,224.95,1088,5440,0,733,224.95,1079,5395,7,733,224.95,1080,5400,4,733,224.95,1084,5420,2,733,224.95,1081,5405,6,733,224.95,1080,5400,3
,734,225.1,1082,5410,3,734,225.1,1082,5410,4,734,225.1,1081,5405,5,734,225.1,1080,5400,6,734,225.1,1088,5440,0,734,225.1,1079,5395,7,734,225.1,1080,5400,4,734,225.1,1084,5420,2,734,225.1,1081,5405,6,734,225.1,1080,5400,3
,735,225.25,1082,5410,3,735,225.25,1082,5410,4,735,225.25,1081,5405,5,735,225.25,1080,5400,6,735,225.25,1088,5440,0,735,225.25,1079,5395,7,735,225.25,1080,5400,4,735,225.25,1084,5420,2,735,225.25,1081,5405,6,735,225.25,1080,5400,3
,736,225.4,1082,5410,3,736,225.4,1082,5410,4,736,225.4,1081,5405,5,736,225.4,1080,5400,6,736,225.4,1088,5440,0,736,225.4,1079,5395,7,736,225.4,1080,5400,4,736,225.4,1084,5420,2,736,225.4,1081,5405,6,736,225.4,1080,5400,3
,737,225.55,1082,5410,3,737,225.55,1082,5410,4,737,225.55,1081,5405,5,737,225.55,1080,5400,6,737,225.55,1088,5440,0,737,225.55,1079,5395,7,737,225.55,1080,5400,4,737,225.55,1084,5420,2,737,225.55,1081,5405,6,737,225.55,1080,5400,3
,738,225.7,1082,5410,3,738,225.7,1082,5410,4,738,225.7,1081,5405,5,738,225.7,1080,5400,6,738,225.7,1088,5440,0,738,225.7,1079,5395,7,738,225.7,1080,5400,4,738,225.7,1084,5420,2,738,225.7,1081,5405,6,738,225.7,1080,5400,3
,739,225.85,1082,5410,3,739,225.85,1082,5410,4,739,225.85,1081,5405,5,739,225.85,1080,5400,6,739,225.85,1088,5440,0,739,225.85,1079,5395,7,739,225.85,1080,5400,4,739,225.85,1084,5420,2,739,225.85,1081,5405,6,739,225.85,1080,5400,3
,740,226,1082,5410,3,740,226,1082,5410,4,740,226,1081,5405,5,740,226,1080,5400,6,740,226,1088,5440,0,740,226,1079,5395,7,740,226,1080,5400,4,740,226,1084,5420,2,740,226,1081,5405,6,740,226,1080,5400,3
,741,226.15,1082,5410,3,741,226.15,1082,5410,4,741,226.15,1081,5405,5,741,226.15,1080,5400,6,741,226.15,1088,5440,0,741,226.15,1079,5395,7,741,226.15,1080,5400,4,741,226.15,1084,5420,2,741,226.15,1081,5405,6,741,226.15,1080,5400,3
,742,226.3,1082,5410,3,742,226.3,1082,5410,4,742,226.3,1081,5405,5,742,226.3,1080,5400,6,742,226.3,1088,5440,0,742,226.3,1079,5395,7,742,226.3,1080,5400,4,742,226.3,1084,5420,2,742,226.3,1081,5405,6,742,226.3,1080,5400,3
,743,226.45,1082,5410,3,743,226.45,1082,5410,4,743,226.45,1081,5405,5,743,226.45,1080,5400,6,743,226.45,1088,5440,0,743,226.45,1079,5395,7,743,226.45,1080,5400,4,743,226.45,1084,5420,2,743,226.45,1081,5405,6,743,226.45,1080,5400,3
,744,226.6,1082,5410,3,744,226.6,1082,5410,4,744,226.6,1081,5405,5,744,226.6,1080,5400,6,744,226.6,1088,5440,0,744,226.6,1079,5395,7,744,226.6,1080,5400,4,744,226.6,1084,5420,2,744,226.6,1081,5405,6,744,226.6,1080,5400,3
,745,226.75,1082,5410,3,745,226.75,1082,5410,4,745,226.75,1081,5405,5,745,226.75,1080,5400,6,745,226.75,1088,5440,0,745,226.75,1079,5395,7,745,226.75,1080,5400,4,745,226.75,1084,5420,2,745,226.75,1081,5405,6,745,226.75,1080,5400,3
,746,226.9,1082,5410,3,746,226.9,1082,5410,4,746,226.9,1081,5405,5,746,226.9,1080,5400,6,746,226.9,1088,5440,0,746,226.9,1079,5395,7,746,226.9,1080,5400,4,746,226.9,1084,5420,2,746,226.9,1081,5405,6,746,226.9,1080,5400,3
,747,227.05,1082,5410,3,747,227.05,1082,5410,4,747,227.05,1081,5405,5,747,227.05,1080,5400,6,747,227.05,1088,5440,0,747,227.05,1079,5395,7,747,227.05,1080,5400,4,747,227.05,1084,5420,2,747,227.05,1081,5405,6,747,227.05,1080,5400,3
,748,227.2,1082,5410,3,748,227.2,1082,5410,4,748,227.2,1081,5405,5,748,227.2,1080,5400,6,748,227.2,1088,5440,0,748,227.2,1079,5395,7,748,227.2,1080,5400,4,748,227.2,1084,5420,2,748,227.2,1081,5405,6,748,227.2,1080,5400,3
,749,227.35,1082,5410,3,749,227.35,1082,5410,4,749,227.35,1081,5405,5,749,227.35,1080,5400,6,749,227.35,1088,5440,0,749,227.35,1079,5395,7,749,227.35,1080,5400,4,749,227.35,1084,5420,2,749,227.35,1081,5405,6,749,227.35,1080,5400,3
,750,227.5,1082,5410,3,750,227.5,1082,5410,4,750,227.5,1081,5405,5,750,227.5,1080,5400,6,750,227.5,1088,5440,0,750,227.5,1079,5395,7,750,227.5,1080,5400,4,750,227.5,1084,5420,2,750,227.5,1081,5405,6,750,227.5,1080,5400,3
,751,227.65,1082,5410,3,751,227.65,1082,5410,4,751,227.65,1081,5405,5,751,227.65,1080,5400,6,751,227.65,1088,5440,0,751,227.65,1079,5395,7,751,227.65,1080,5400,4,751,227.65,1084,5420,2,751,227.65,1081,5405,6,751,227.65,1080,5400,3
,752,227.8,1082,5410,3,752,227.8,1082,5410,4,752,227.8,1081,5405,5,752,227.8,1080,5400,6,752,227.8,1088,5440,0,752,227.8,1079,5395,7,752,227.8,1080,5400,4,752,227.8,1084,5420,2,752,227.8,1081,5405,6,752,227.8,1080,5400,3
,753,227.95,1082,5410,3,753,227.95,1082,5410,4,753,227.95,1081,5405,5,753,227.95,1080,5400,6,753,227.95,1088,5440,0,753,227.95,1079,5395,7,753,227.95,1080,5400,4,753,227.95,1084,5420,2,753,227.95,1081,5405,6,753,227.95,1080,5400,3
,754,228.1,1082,5410,3,754,228.1,1082,5410,4,754,228.1,1081,5405,5,754,228.1,1080,5400,6,754,228.1,1088,5440,0,754,228.1,1079,5395,7,754,228.1,1080,5400,4,754,228.1,1084,5420,2,754,228.1,1081,5405,6,754,228.1,1080,5400,3
,755,228.25,1082,5410,3,755,228.25,1082,5410,4,755,228.25,1081,5405,5,755,228.25,1080,5400,6,755,228.25,1088,5440,0,755,228.25,1079,5395,7,755,228.25,1080,5400,4,755,228.25,1084,5420,2,755,228.25,1081,5405,6,755,228.25,1080,5400,3
,756,228.4,1082,5410,3,756,228.4,1082,5410,4,756,228.4,1081,5405,5,756,228.4,1080,5400,6,756,228.4,1088,5440,0,756,228.4,1079,5395,7,756,228.4,1080,5400,4,756,228.4,1084,5420,2,756,228.4,1081,5405,6,756,228.4,1080,5400,3
,757,228.55,1082,5410,3,757,228.55,1082,5410,4,757,228.55,1081,5405,5,757,228.55,1080,5400,6,757,228.55,1088,5440,0,757,228.55,1079,5395,7,757,228.55,1080,5400,4,757,228.55,1084,5420,2,757,228.55,1081,5405,6,757,228.55,1080,5400,3
,758,228.7,1082,5410,3,758,228.7,1082,5410,4,758,228.7,1081,5405,5,758,228.7,1080,5400,6,758,228.7,1088,5440,0,758,228.7,1079,5395,7,758,228.7,1080,5400,4,758,228.7,1084,5420,2,758,228.7,1081,5405,6,758,228.7,1080,5400,3
,759,228.85,1082,5410,3,759,228.85,1082,5410,4,759,228.85,1081,5405,5,759,228.85,1080,5400,6,759,228.85,1088,5440,0,759,228.85,1079,5395,7,759,228.85,1080,5400,4,759,228.85,1084,5420,2,759,228.85,1081,5405,6,759,228.85,1080,5400,3
,760,229,1082,5410,3,760,229,1082,5410,4,760,229,1081,5405,5,760,229,1080,5400,6,760,229,1088,5440,0,760,229,1079,5395,7,760,229,1080,5400,4,760,229,1084,5420,2,760,229,1081,5405,6,760,229,1080,5400,3
,761,229.15,1082,5410,3,761,229.15,1082,5410,4,761,229.15,1081,5405,5,761,229.15,1080,5400,6,761,229.15,1088,5440,0,761,229.15,1079,5395,7,761,229.15,1080,5400,4,761,229.15,1084,5420,2,761,229.15,1081,5405,6,761,229.15,1080,5400,3
,762,229.3,1082,5410,3,762,229.3,1082,5410,4,762,229.3,1081,5405,5,762,229.3,1080,5400,6,762,229.3,1088,5440,0,762,229.3,1079,5395,7,762,229.3,1080,5400,4,762,229.3,1084,5420,2,762,229.3,1081,5405,6,762,229.3,1080,5400,3
,763,229.45,1082,5410,3,763,229.45,1082,5410,4,763,229.45,1081,5405,5,763,229.45,1080,5400,6,763,229.45,1088,5440,0,763,229.45,1079,5395,7,763,229.45,1080,5400,4,763,229.45,1084,5420,2,763,229.45,1081,5405,6,763,229.45,1080,5400,3
,764,229.6,1082,5410,3,764,229.6,1082,5410,4,764,229.6,1081,5405,5,764,229.6,1080,5400,6,764,229.6,1088,5440,0,764,229.6,1079,5395,7,764,229.6,1080,5400,4,764,229.6,1084,5420,2,764,229.6,1081,5405,6,764,229.6,1080,5400,3
,765,229.75,1082,5410,3,765,229.75,1082,5410,4,765,229.75,1081,5405,5,765,229.75,1080,5400,6,765,229.75,1088,5440,0,765,229.75,1079,5395,7,765,229.75,1080,5400,4,765,229.75,1084,5420,2,765,229.75,1081,5405,6,765,229.75,1080,5400,3
,766,229.9,1082,5410,3,766,229.9,1082,5410,4,766,229.9,1081,5405,5,766,229.9,1080,5400,6,766,229.9,1088,5440,0,766,229.9,1079,5395,7,766,229.9,1080,5400,4,766,229.9,1084,5420,2,766,229.9,1081,5405,6,766,229.9,1080,5400,3
,767,230.05,1082,5410,3,767,230.05,1082,5410,4,767,230.05,1081,5405,5,767,230.05,1080,5400,6,767,230.05,1088,5440,0,767,230.05,1079,5395,7,767,230.05,1080,5400,4,767,230.05,1084,5420,2,767,230.05,1081,5405,6,767,230.05,1080,5400,3
,768,230.2,1082,5410,3,768,230.2,1082,5410,4,768,230.2,1081,5405,5,768,230.2,1080,5400,6,768,230.2,1088,5440,0,768,230.2,1079,5395,7,768,230.2,1080,5400,4,768,230.2,1084,5420,2,768,230.2,1081,5405,6,768,230.2,1080,5400,3
,769,230.35,1082,5410,3,769,230.35,1082,5410,4,769,230.35,1081,5405,5,769,230.35,1080,5400,6,769,230.35,1088,5440,0,769,230.35,1079,5395,7,769,230.35,1080,5400,4,769,230.35,1084,5420,2,769,230.35,1081,5405,6,769,230.35,1080,5400,3
,770,230.5,1082,5410,3,770,230.5,1082,5410,4,770,230.5,1081,5405,5,770,230.5,1080,5400,6,770,230.5,1088,5440,0,770,230.5,1079,5395,7,770,230.5,1080,5400,4,770,230.5,1084,5420,2,770,230.5,1081,5405,6,770,230.5,1080,5400,3
,771,230.65,1082,5410,3,771,230.65,1082,5410,4,771,230.65,1081,5405,5,771,230.65,1080,5400,6,771,230.65,1088,5440,0,771,230.65,1079,5395,7,771,230.65,1080,5400,4,771,230.65,1084,5420,2,771,230.65,1081,5405,6,771,230.65,1080,5400,3
,772,230.8,1082,5410,3,772,230.8,1082,5410,4,772,230.8,1081,5405,5,772,230.8,1080,5400,6,772,230.8,1088,5440,0,772,230.8,1079,5395,7,772,230.8,1080,5400,4,772,230.8,1084,5420,2,772,230.8,1081,5405,6,772,230.8,1080,5400,3
,773,230.95,1082,5410,3,773,230.95,1082,5410,4,773,230.95,1081,5405,5,773,230.95,1080,5400,6,773,230.95,1088,5440,0,773,230.95,1079,5395,7,773,230.95,1080,5400,4,773,230.95,1084,5420,2,773,230.95,1081,5405,6,773,230.95,1080,5400,3
,774,231.1,1082,5410,3,774,231.1,1082,5410,4,774,231.1,1081,5405,5,774,231.1,1080,5400,6,774,231.1,1088,5440,0,774,231.1,1079,5395,7,774,231.1,1080,5400,4,774,231.1,1084,5420,2,774,231.1,1081,5405,6,774,231.1,1080,5400,3
,775,231.25,1082,5410,3,775,231.25,1082,5410,4,775,231.25,1081,5405,5,775,231.25,1080,5400,6,775,231.25,1088,5440,0,775,231.25,1079,5395,7,775,231.25,1080,5400,4,775,231.25,1084,5420,2,775,231.25,1081,5405,6,775,231.25,1080,5400,3
,776,231.4,1082,5410,3,776,231.4,1082,5410,4,776,231.4,1081,5405,5,776,231.4,1080,5400,6,776,231.4,1088,5440,0,776,231.4,1079,5395,7,776,231.4,1080,5400,4,776,231.4,1084,5420,2,776,231.4,1081,5405,6,776,231.4,1080,5400,3
,777,231.55,1082,5410,3,777,231.55,1082,5410,4,777,231.55,1081,5405,5,777,231.55,1080,5400,6,777,231.55,1088,5440,0,777,231.55,1079,5395,7,777,231.55,1080,5400,4,777,231.55,1084,5420,2,777,231.55,1081,5405,6,777,231.55,1080,5400,3
,778,231.7,1082,5410,3,778,231.7,1082,5410,4,778,231.7,1081,5405,5,778,231.7,1080,5400,6,778,231.7,1088,5440,0,778,231.7,1079,5395,7,778,231.7,1080,5400,4,778,231.7,1084,5420,2,778,231.7,1081,5405,6,778,231.7,1080,5400,3
,779,231.85,1082,5410,3,779,231.85,1082,5410,4,779,231.85,1081,5405,5,779,231.85,1080,5400,6,779,231.85,1088,5440,0,779,231.85,1079,5395,7,779,231.85,1080,5400,4,779,231.85,1084,5420,2,779,231.85,1081,5405,6,779,231.85,1080,5400,3
,780,232,1082,5410,3,780,232,1082,5410,4,780,232,1081,5405,5,780,232,1080,5400,6,780,232,1088,5440,0,780,232,1079,5395,7,780,232,1080,5400,4,780,232,1084,5420,2,780,232,1081,5405,6,780,232,1080,5400,3
,781,232.15,1082,5410,3,781,232.15,1082,5410,4,781,232.15,1081,5405,5,781,232.15,1080,5400,6,781,232.15,1088,5440,0,781,232.15,1079,5395,7,781,232.15,1080,5400,4,781,232.15,1084,5420,2,781,232.15,1081,5405,6,781,232.15,1080,5400,3
,782,232.3,1082,5410,3,782,232.3,1082,5410,4,782,232.3,1081,5405,5,782,232.3,1080,5400,6,782,232.3,1088,5440,0,782,232.3,1079,5395,7,782,232.3,1080,5400,4,782,232.3,1084,5420,2,782,232.3,1081,5405,6,782,232.3,1080,5400,3
,783,232.45,1082,5410,3,783,232.45,1082,5410,4,783,232.45,1081,5405,5,783,232.45,1080,5400,6,783,232.45,1088,5440,0,783,232.45,1079,5395,7,783,232.45,1080,5400,4,783,232.45,1084,5420,2,783,232.45,1081,5405,6,783,232.45,1080,5400,3
,784,232.6,1082,5410,3,784,232.6,1082,5410,4,784,232.6,1081,5405,5,784,232.6,1080,5400,6,784,232.6,1088,5440,0,784,232.6,1079,5395,7,784,232.6,1080,5400,4,784,232.6,1084,5420,2,784,232.6,1081,5405,6,784,232.6,1080,5400,3
,785,232.75,1082,5410,3,785,232.75,1082,5410,4,785,232.75,1081,5405,5,785,232.75,1080,5400,6,785,232.75,1088,5440,0,785,232.75,1079,5395,7,785,232.75,1080,5400,4,785,232.75,1084,5420,2,785,232.75,1081,5405,6,785,232.75,1080,5400,3
,786,232.9,1082,5410,3,786,232.9,1082,5410,4,786,232.9,1081,5405,5,786,232.9,1080,5400,6,786,232.9,1088,5440,0,786,232.9,1079,5395,7,786,232.9,1080,5400,4,786,232.9,1084,5420,2,786,232.9,1081,5405,6,786,232.9,1080,5400,3
,787,233.05,1082,5410,3,787,233.05,1082,5410,4,787,233.05,1081,5405,5,787,233.05,1080,5400,6,787,233.05,1088,5440,0,787,233.05,1079,5395,7,787,233.05,1080,5400,4,787,233.05,1084,5420,2,787,233.05,1081,5405,6,787,233.05,1080,5400,3
,788,233.2,1082,5410,3,788,233.2,1082,5410,4,788,233.2,1081,5405,5,788,233.2,1080,5400,6,788,233.2,1088,5440,0,788,233.2,1079,5395,7,788,233.2,1080,5400,4,788,233.2,1084,5420,2,788,233.2,1081,5405,6,788,233.2,1080,5400,3
,789,233.35,1082,5410,3,789,233.35,1082,5410,4,789,233.35,1081,5405,5,789,233.35,1080,5400,6,789,233.35,1088,5440,0,789,233.35,1079,5395,7,789,233.35,1080,5400,4,789,233.35,1084,5420,2,789,233.35,1081,5405,6,789,233.35,1080,5400,3
,790,233.5,1082,5410,3,790,233.5,1082,5410,4,790,233.5,1081,5405,5,790,233.5,1080,5400,6,790,233.5,1088,5440,0,790,233.5,1079,5395,7,790,233.5,1080,5400,4,790,233.5,1084,5420,2,790,233.5,1081,5405,6,790,233.5,1080,5400,3
,791,233.65,1082,5410,3,791,233.65,1082,5410,4,791,233.65,1081,5405,5,791,233.65,1080,5400,6,791,233.65,1088,5440,0,791,233.65,1079,5395,7,791,233.65,1080,5400,4,791,233.65,1084,5420,2,791,233.65,1081,5405,6,791,233.65,1080,5400,3
,792,233.8,1082,5410,3,792,233.8,1082,5410,4,792,233.8,1081,5405,5,792,233.8,1080,5400,6,792,233.8,1088,5440,0,792,233.8,1079,5395,7,792,233.8,1080,5400,4,792,233.8,1084,5420,2,792,233.8,1081,5405,6,792,233.8,1080,5400,3
,793,233.95,1082,5410,3,793,233.95,1082,5410,4,793,233.95,1081,5405,5,793,233.95,1080,5400,6,793,233.95,1088,5440,0,793,233.95,1079,5395,7,793,233.95,1080,5400,4,793,233.95,1084,5420,2,793,233.95,1081,5405,6,793,233.95,1080,5400,3
,794,234.1,1082,5410,3,794,234.1,1082,5410,4,794,234.1,1081,5405,5,794,234.1,1080,5400,6,794,234.1,1088,5440,0,794,234.1,1079,5395,7,794,234.1,1080,5400,4,794,234.1,1084,5420,2,794,234.1,1081,5405,6,794,234.1,1080,5400,3
,795,234.25,1082,5410,3,795,234.25,1082,5410,4,795,234.25,1081,5405,5,795,234.25,1080,5400,6,795,234.25,1088,5440,0,795,234.25,1079,5395,7,795,234.25,1080,5400,4,795,234.25,1084,5420,2,795,234.25,1081,5405,6,795,234.25,1080,5400,3
,796,234.4,1082,5410,3,796,234.4,1082,5410,4,796,234.4,1081,5405,5,796,234.4,1080,5400,6,796,234.4,1088,5440,0,796,234.4,1079,5395,7,796,234.4,1080,5400,4,796,234.4,1084,5420,2,796,234.4,1081,5405,6,796,234.4,1080,5400,3
,797,234.55,1082,5410,3,797,234.55,1082,5410,4,797,234.55,1081,5405,5,797,234.55,1080,5400,6,797,234.55,1088,5440,0,797,234.55,1079,5395,7,797,234.55,1080,5400,4,797,234.55,1084,5420,2,797,234.55,1081,5405,6,797,234.55,1080,5400,3
,798,234.7,1082,5410,3,798,234.7,1082,5410,4,798,234.7,1081,5405,5,798,234.7,1080,5400,6,798,234.7,1088,5440,0,798,234.7,1079,5395,7,798,234.7,1080,5400,4,798,234.7,1084,5420,2,798,234.7,1081,5405,6,798,234.7,1080,5400,3
,799,234.85,1082,5410,3,799,234.85,1082,5410,4,799,234.85,1081,5405,5,799,234.85,1080,5400,6,799,234.85,1088,5440,0,799,234.85,1079,5395,7,799,234.85,1080,5400,4,799,234.85,1084,5420,2,799,234.85,1081,5405,6,799,234.85,1080,5400,3
,800,235,1082,5410,3,800,235,1082,5410,4,800,235,1081,5405,5,800,235,1080,5400,6,800,235,1088,5440,0,800,235,1079,5395,7,800,235,1080,5400,4,800,235,1084,5420,2,800,235,1081,5405,6,800,235,1080,5400,3
,801,235.15,1082,5410,3,801,235.15,1082,5410,4,801,235.15,1081,5405,5,801,235.15,1080,5400,6,801,235.15,1088,5440,0,801,235.15,1079,5395,7,801,235.15,1080,5400,4,801,235.15,1084,5420,2,801,235.15,1081,5405,6,801,235.15,1080,5400,3
,802,235.3,1082,5410,3,802,235.3,1082,5410,4,802,235.3,1081,5405,5,802,235.3,1080,5400,6,802,235.3,1088,5440,0,802,235.3,1079,5395,7,802,235.3,1080,5400,4,802,235.3,1084,5420,2,802,235.3,1081,5405,6,802,235.3,1080,5400,3
,803,235.45,1082,5410,3,803,235.45,1082,5410,4,803,235.45,1081,5405,5,803,235.45,1080,5400,6,803,235.45,1088,5440,0,803,235.45,1079,5395,7,803,235.45,1080,5400,4,803,235.45,1084,5420,2,803,235.45,1081,5405,6,803,235.45,1080,5400,3
,804,235.6,1082,5410,3,804,235.6,1082,5410,4,804,235.6,1081,5405,5,804,235.6,1080,5400,6,804,235.6,1088,5440,0,804,235.6,1079,5395,7,804,235.6,1080,5400,4,804,235.6,1084,5420,2,804,235.6,1081,5405,6,804,235.6,1080,5400,3
,805,235.75,1082,5410,3,805,235.75,1082,5410,4,805,235.75,1081,5405,5,805,235.75,1080,5400,6,805,235.75,1088,5440,0,805,235.75,1079,5395,7,805,235.75,1080,5400,4,805,235.75,1084,5420,2,805,235.75,1081,5405,6,805,235.75,1080,5400,3
,806,235.9,1082,5410,3,806,235.9,1082,5410,4,806,235.9,1081,5405,5,806,235.9,1080,5400,6,806,235.9,1088,5440,0,806,235.9,1079,5395,7,806,235.9,1080,5400,4,806,235.9,1084,5420,2,806,235.9,1081,5405,6,806,235.9,1080,5400,3
,807,236.05,1082,5410,3,807,236.05,1082,5410,4,807,236.05,1081,5405,5,807,236.05,1080,5400,6,807,236.05,1088,5440,0,807,236.05,1079,5395,7,807,236.05,1080,5400,4,807,236.05,1084,5420,2,807,236.05,1081,5405,6,807,236.05,1080,5400,3
,808,236.2,1082,5410,3,808,236.2,1082,5410,4,808,236.2,1081,5405,5,808,236.2,1080,5400,6,808,236.2,1088,5440,0,808,236.2,1079,5395,7,808,236.2,1080,5400,4,808,236.2,1084,5420,2,808,236.2,1081,5405,6,808,236.2,1080,5400,3
,809,236.35,1082,5410,3,809,236.35,1082,5410,4,809,236.35,1081,5405,5,809,236.35,1080,5400,6,809,236.35,1088,5440,0,809,236.35,1079,5395,7,809,236.35,1080,5400,4,809,236.35,1084,5420,2,809,236.35,1081,5405,6,809,236.35,1080,5400,3
,810,236.5,1082,5410,3,810,236.5,1082,5410,4,810,236.5,1081,5405,5,810,236.5,1080,5400,6,810,236.5,1088,5440,0,810,236.5,1079,5395,7,810,236.5,1080,5400,4,810,236.5,1084,5420,2,810,236.5,1081,5405,6,810,236.5,1080,5400,3
,811,236.65,1082,5410,3,811,236.65,1082,5410,4,811,236.65,1081,5405,5,811,236.65,1080,5400,6,811,236.65,1088,5440,0,811,236.65,1079,5395,7,811,236.65,1080,5400,4,811,236.65,1084,5420,2,811,236.65,1081,5405,6,811,236.65,1080,5400,3
,812,236.8,1082,5410,3,812,236.8,1082,5410,4,812,236.8,1081,5405,5,812,236.8,1080,5400,6,812,236.8,1088,5440,0,812,236.8,1079,5395,7,812,236.8,1080,5400,4,812,236.8,1084,5420,2,812,236.8,1081,5405,6,812,236.8,1080,5400,3
,813,236.95,1082,5410,3,813,236.95,1082,5410,4,813,236.95,1081,5405,5,813,236.95,1080,5400,6,813,236.95,1088,5440,0,813,236.95,1079,5395,7,813,236.95,1080,5400,4,813,236.95,1084,5420,2,813,236.95,1081,5405,6,813,236.95,1080,5400,3
,814,237.1,1082,5410,3,814,237.1,1082,5410,4,814,237.1,1081,5405,5,814,237.1,1080,5400,6,814,237.1,1088,5440,0,814,237.1,1079,5395,7,814,237.1,1080,5400,4,814,237.1,1084,5420,2,814,237.1,1081,5405,6,814,237.1,1080,5400,3
,815,237.25,1082,5410,3,815,237.25,1082,5410,4,815,237.25,1081,5405,5,815,237.25,1080,5400,6,815,237.25,1088,5440,0,815,237.25,1079,5395,7,815,237.25,1080,5400,4,815,237.25,1084,5420,2,815,237.25,1081,5405,6,815,237.25,1080,5400,3
,816,237.4,1082,5410,3,816,237.4,1082,5410,4,816,237.4,1081,5405,5,816,237.4,1080,5400,6,816,237.4,1088,5440,0,816,237.4,1079,5395,7,816,237.4,1080,5400,4,816,237.4,1084,5420,2,816,237.4,1081,5405,6,816,237.4,1080,5400,3
,817,237.55,1082,5410,3,817,237.55,1082,5410,4,817,237.55,1081,5405,5,817,237.55,1080,5400,6,817,237.55,1088,5440,0,817,237.55,1079,5395,7,817,237.55,1080,5400,4,817,237.55,1084,5420,2,817,237.55,1081,5405,6,817,237.55,1080,5400,3
,818,237.7,1082,5410,3,818,237.7,1082,5410,4,818,237.7,1081,5405,5,818,237.7,1080,5400,6,818,237.7,1088,5440,0,818,237.7,1079,5395,7,818,237.7,1080,5400,4,818,237.7,1084,5420,2,818,237.7,1081,5405,6,818,237.7,1080,5400,3
,819,237.85,1082,5410,3,819,237.85,1082,5410,4,819,237.85,1081,5405,5,819,237.85,1080,5400,6,819,237.85,1088,5440,0,819,237.85,1079,5395,7,819,237.85,1080,5400,4,819,237.85,1084,5420,2,819,237.85,1081,5405,6,819,237.85,1080,5400,3
,820,238,1082,5410,3,820,238,1082,5410,4,820,238,1081,5405,5,820,238,1080,5400,6,820,238,1088,5440,0,820,238,1079,5395,7,820,238,1080,5400,4,820,238,1084,5420,2,820,238,1081,5405,6,820,238,1080,5400,3
,821,238.15,1082,5410,3,821,238.15,1082,5410,4,821,238.15,1081,5405,5,821,238.15,1080,5400,6,821,238.15,1088,5440,0,821,238.15,1079,5395,7,821,238.15,1080,5400,4,821,238.15,1084,5420,2,821,238.15,1081,5405,6,821,238.15,1080,5400,3
,822,238.3,1082,5410,3,822,238.3,1082,5410,4,822,238.3,1081,5405,5,822,238.3,1080,5400,6,822,238.3,1088,5440,0,822,238.3,1079,5395,7,822,238.3,1080,5400,4,822,238.3,1084,5420,2,822,238.3,1081,5405,6,822,238.3,1080,5400,3
,823,238.45,1082,5410,3,823,238.45,1082,5410,4,823,238.45,1081,5405,5,823,238.45,1080,5400,6,823,238.45,1088,5440,0,823,238.45,1079,5395,7,823,238.45,1080,5400,4,823,238.45,1084,5420,2,823,238.45,1081,5405,6,823,238.45,1080,5400,3
,824,238.6,1082,5410,3,824,238.6,1082,5410,4,824,238.6,1081,5405,5,824,238.6,1080,5400,6,824,238.6,1088,5440,0,824,238.6,1079,5395,7,824,238.6,1080,5400,4,824,238.6,1084,5420,2,824,238.6,1081,5405,6,824,238.6,1080,5400,3
,825,238.75,1082,5410,3,825,238.75,1082,5410,4,825,238.75,1081,5405,5,825,238.75,1080,5400,6,825,238.75,1088,5440,0,825,238.75,1079,5395,7,825,238.75,1080,5400,4,825,238.75,1084,5420,2,825,238.75,1081,5405,6,825,238.75,1080,5400,3
,826,238.9,1082,5410,3,826,238.9,1082,5410,4,826,238.9,1081,5405,5,826,238.9,1080,5400,6,826,238.9,1088,5440,0,826,238.9,1079,5395,7,826,238.9,1080,5400,4,826,238.9,1084,5420,2,826,238.9,1081,5405,6,826,238.9,1080,5400,3
,827,239.05,1082,5410,3,827,239.05,1082,5410,4,827,239.05,1081,5405,5,827,239.05,1080,5400,6,827,239.05,1088,5440,0,827,239.05,1079,5395,7,827,239.05,1080,5400,4,827,239.05,1084,5420,2,827,239.05,1081,5405,6,827,239.05,1080,5400,3
,828,239.2,1082,5410,3,828,239.2,1082,5410,4,828,239.2,1081,5405,5,828,239.2,1080,5400,6,828,239.2,1088,5440,0,828,239.2,1079,5395,7,828,239.2,1080,5400,4,828,239.2,1084,5420,2,828,239.2,1081,5405,6,828,239.2,1080,5400,3
,829,239.35,1082,5410,3,829,239.35,1082,5410,4,829,239.35,1081,5405,5,829,239.35,1080,5400,6,829,239.35,1088,5440,0,829,239.35,1079,5395,7,829,239.35,1080,5400,4,829,239.35,1084,5420,2,829,239.35,1081,5405,6,829,239.35,1080,5400,3
,830,239.5,1082,5410,3,830,239.5,1082,5410,4,830,239.5,1081,5405,5,830,239.5,1080,5400,6,830,239.5,1088,5440,0,830,239.5,1079,5395,7,830,239.5,1080,5400,4,830,239.5,1084,5420,2,830,239.5,1081,5405,6,830,239.5,1080,5400,3
,831,239.65,1082,5410,3,831,239.65,1082,5410,4,831,239.65,1081,5405,5,831,239.65,1080,5400,6,831,239.65,1088,5440,0,831,239.65,1079,5395,7,831,239.65,1080,5400,4,831,239.65,1084,5420,2,831,239.65,1081,5405,6,831,239.65,1080,5400,3
,832,239.8,1082,5410,3,832,239.8,1082,5410,4,832,239.8,1081,5405,5,832,239.8,1080,5400,6,832,239.8,1088,5440,0,832,239.8,1079,5395,7,832,239.8,1080,5400,4,832,239.8,1084,5420,2,832,239.8,1081,5405,6,832,239.8,1080,5400,3
,833,239.95,1082,5410,3,833,239.95,1082,5410,4,833,239.95,1081,5405,5,833,239.95,1080,5400,6,833,239.95,1088,5440,0,833,239.95,1079,5395,7,833,239.95,1080,5400,4,833,239.95,1084,5420,2,833,239.95,1081,5405,6,833,239.95,1080,5400,3
,834,240.1,1082,5410,3,834,240.1,1082,5410,4,834,240.1,1081,5405,5,834,240.1,1080,5400,6,834,240.1,1088,5440,0,834,240.1,1079,5395,7,834,240.1,1080,5400,4,834,240.1,1084,5420,2,834,240.1,1081,5405,6,834,240.1,1080,5400,3
,835,240.25,1082,5410,3,835,240.25,1082,5410,4,835,240.25,1081,5405,5,835,240.25,1080,5400,6,835,240.25,1088,5440,0,835,240.25,1079,5395,7,835,240.25,1080,5400,4,835,240.25,1084,5420,2,835,240.25,1081,5405,6,835,240.25,1080,5400,3
,836,240.4,1082,5410,3,836,240.4,1082,5410,4,836,240.4,1081,5405,5,836,240.4,1080,5400,6,836,240.4,1088,5440,0,836,240.4,1079,5395,7,836,240.4,1080,5400,4,836,240.4,1084,5420,2,836,240.4,1081,5405,6,836,240.4,1080,5400,3
,837,240.55,1082,5410,3,837,240.55,1082,5410,4,837,240.55,1081,5405,5,837,240.55,1080,5400,6,837,240.55,1088,5440,0,837,240.55,1079,5395,7,837,240.55,1080,5400,4,837,240.55,1084,5420,2,837,240.55,1081,5405,6,837,240.55,1080,5400,3
,838,240.7,1082,5410,3,838,240.7,1082,5410,4,838,240.7,1081,5405,5,838,240.7,1080,5400,6,838,240.7,1088,5440,0,838,240.7,1079,5395,7,838,240.7,1080,5400,4,838,240.7,1084,5420,2,838,240.7,1081,5405,6,838,240.7,1080,5400,3
,839,240.85,1082,5410,3,839,240.85,1082,5410,4,839,240.85,1081,5405,5,839,240.85,1080,5400,6,839,240.85,1088,5440,0,839,240.85,1079,5395,7,839,240.85,1080,5400,4,839,240.85,1084,5420,2,839,240.85,1081,5405,6,839,240.85,1080,5400,3
,840,241,1082,5410,3,840,241,1082,5410,4,840,241,1081,5405,5,840,241,1080,5400,6,840,241,1088,5440,0,840,241,1079,5395,7,840,241,1080,5400,4,840,241,1084,5420,2,840,241,1081,5405,6,840,241,1080,5400,3
,841,241.15,1082,5410,3,841,241.15,1082,5410,4,841,241.15,1081,5405,5,841,241.15,1080,5400,6,841,241.15,1088,5440,0,841,241.15,1079,5395,7,841,241.15,1080,5400,4,841,241.15,1084,5420,2,841,241.15,1081,5405,6,841,241.15,1080,5400,3
,842,241.3,1082,5410,3,842,241.3,1082,5410,4,842,241.3,1081,5405,5,842,241.3,1080,5400,6,842,241.3,1088,5440,0,842,241.3,1079,5395,7,842,241.3,1080,5400,4,842,241.3,1084,5420,2,842,241.3,1081,5405,6,842,241.3,1080,5400,3
,843,241.45,1082,5410,3,843,241.45,1082,5410,4,843,241.45,1081,5405,5,843,241.45,1080,5400,6,843,241.45,1088,5440,0,843,241.45,1079,5395,7,843,241.45,1080,5400,4,843,241.45,1084,5420,2,843,241.45,1081,5405,6,843,241.45,1080,5400,3
,844,241.6,1082,5410,3,844,241.6,1082,5410,4,844,241.6,1081,5405,5,844,241.6,1080,5400,6,844,241.6,1088,5440,0,844,241.6,1079,5395,7,844,241.6,1080,5400,4,844,241.6,1084,5420,2,844,241.6,1081,5405,6,844,241.6,1080,5400,3
,845,241.75,1082,5410,3,845,241.75,1082,5410,4,845,241.75,1081,5405,5,845,241.75,1080,5400,6,845,241.75,1088,5440,0,845,241.75,1079,5395,7,845,241.75,1080,5400,4,845,241.75,1084,5420,2,845,241.75,1081,5405,6,845,241.75,1080,5400,3
,846,241.9,1082,5410,3,846,241.9,1082,5410,4,846,241.9,1081,5405,5,846,241.9,1080,5400,6,846,241.9,1088,5440,0,846,241.9,1079,5395,7,846,241.9,1080,5400,4,846,241.9,1084,5420,2,846,241.9,1081,5405,6,846,241.9,1080,5400,3
,847,242.05,1082,5410,3,847,242.05,1082,5410,4,847,242.05,1081,5405,5,847,242.05,1080,5400,6,847,242.05,1088,5440,0,847,242.05,1079,5395,7,847,242.05,1080,5400,4,847,242.05,1084,5420,2,847,242.05,1081,5405,6,847,242.05,1080,5400,3
,848,242.2,1082,5410,3,848,242.2,1082,5410,4,848,242.2,1081,5405,5,848,242.2,1080,5400,6,848,242.2,1088,5440,0,848,242.2,1079,5395,7,848,242.2,1080,5400,4,848,242.2,1084,5420,2,848,242.2,1081,5405,6,848,242.2,1080,5400,3
,849,242.35,1082,5410,3,849,242.35,1082,5410,4,849,242.35,1081,5405,5,849,242.35,1080,5400,6,849,242.35,1088,5440,0,849,242.35,1079,5395,7,849,242.35,1080,5400,4,849,242.35,1084,5420,2,849,242.35,1081,5405,6,849,242.35,1080,5400,3
,850,242.5,1082,5410,3,850,242.5,1082,5410,4,850,242.5,1081,5405,5,850,242.5,1080,5400,6,850,242.5,1088,5440,0,850,242.5,1079,5395,7,850,242.5,1080,5400,4,850,242.5,1084,5420,2,850,242.5,1081,5405,6,850,242.5,1080,5400,3
,851,242.65,1082,5410,3,851,242.65,1082,5410,4,851,242.65,1081,5405,5,851,242.65,1080,5400,6,851,242.65,1088,5440,0,851,242.65,1079,5395,7,851,242.65,1080,5400,4,851,242.65,1084,5420,2,851,242.65,1081,5405,6,851,242.65,1080,5400,3
,852,242.8,1082,5410,3,852,242.8,1082,5410,4,852,242.8,1081,5405,5,852,242.8,1080,5400,6,852,242.8,1088,5440,0,852,242.8,1079,5395,7,852,242.8,1080,5400,4,852,242.8,1084,5420,2,852,242.8,1081,5405,6,852,242.8,1080,5400,3
,853,242.95,1082,5410,3,853,242.95,1082,5410,4,853,242.95,1081,5405,5,853,242.95,1080,5400,6,853,242.95,1088,5440,0,853,242.95,1079,5395,7,853,242.95,1080,5400,4,853,242.95,1084,5420,2,853,242.95,1081,5405,6,853,242.95,1080,5400,3
,854,243.1,1082,5410,3,854,243.1,1082,5410,4,854,243.1,1081,5405,5,854,243.1,1080,5400,6,854,243.1,1088,5440,0,854,243.1,1079,5395,7,854,243.1,1080,5400,4,854,243.1,1084,5420,2,854,243.1,1081,5405,6,854,243.1,1080,5400,3
,855,243.25,1082,5410,3,855,243.25,1082,5410,4,855,243.25,1081,5405,5,855,243.25,1080,5400,6,855,243.25,1088,5440,0,855,243.25,1079,5395,7,855,243.25,1080,5400,4,855,243.25,1084,5420,2,855,243.25,1081,5405,6,855,243.25,1080,5400,3
,856,243.4,1082,5410,3,856,243.4,1082,5410,4,856,243.4,1081,5405,5,856,243.4,1080,5400,6,856,243.4,1088,5440,0,856,243.4,1079,5395,7,856,243.4,1080,5400,4,856,243.4,1084,5420,2,856,243.4,1081,5405,6,856,243.4,1080,5400,3
,857,243.55,1082,5410,3,857,243.55,1082,5410,4,857,243.55,1081,5405,5,857,243.55,1080,5400,6,857,243.55,1088,5440,0,857,243.55,1079,5395,7,857,243.55,1080,5400,4,857,243.55,1084,5420,2,857,243.55,1081,5405,6,857,243.55,1080,5400,3
,858,243.7,1082,5410,3,858,243.7,1082,5410,4,858,243.7,1081,5405,5,858,243.7,1080,5400,6,858,243.7,1088,5440,0,858,243.7,1079,5395,7,858,243.7,1080,5400,4,858,243.7,1084,5420,2,858,243.7,1081,5405,6,858,243.7,1080,5400,3
,859,243.85,1082,5410,3,859,243.85,1082,5410,4,859,243.85,1081,5405,5,859,243.85,1080,5400,6,859,243.85,1088,5440,0,859,243.85,1079,5395,7,859,243.85,1080,5400,4,859,243.85,1084,5420,2,859,243.85,1081,5405,6,859,243.85,1080,5400,3
,860,244,1082,5410,3,860,244,1082,5410,4,860,244,1081,5405,5,860,244,1080,5400,6,860,244,1088,5440,0,860,244,1079,5395,7,860,244,1080,5400,4,860,244,1084,5420,2,860,244,1081,5405,6,860,244,1080,5400,3
,861,244.15,1082,5410,3,861,244.15,1082,5410,4,861,244.15,1081,5405,5,861,244.15,1080,5400,6,861,244.15,1088,5440,0,861,244.15,1079,5395,7,861,244.15,1080,5400,4,861,244.15,1084,5420,2,861,244.15,1081,5405,6,861,244.15,1080,5400,3
,862,244.3,1082,5410,3,862,244.3,1082,5410,4,862,244.3,1081,5405,5,862,244.3,1080,5400,6,862,244.3,1088,5440,0,862,244.3,1079,5395,7,862,244.3,1080,5400,4,862,244.3,1084,5420,2,862,244.3,1081,5405,6,862,244.3,1080,5400,3
,863,244.45,1082,5410,3,863,244.45,1082,5410,4,863,244.45,1081,5405,5,863,244.45,1080,5400,6,863,244.45,1088,5440,0,863,244.45,1079,5395,7,863,244.45,1080,5400,4,863,244.45,1084,5420,2,863,244.45,1081,5405,6,863,244.45,1080,5400,3
,864,244.6,1082,5410,3,864,244.6,1082,5410,4,864,244.6,1081,5405,5,864,244.6,1080,5400,6,864,244.6,1088,5440,0,864,244.6,1079,5395,7,864,244.6,1080,5400,4,864,244.6,1084,5420,2,864,244.6,1081,5405,6,864,244.6,1080,5400,3
,865,244.75,1082,5410,3,865,244.75,1082,5410,4,865,244.75,1081,5405,5,865,244.75,1080,5400,6,865,244.75,1088,5440,0,865,244.75,1079,5395,7,865,244.75,1080,5400,4,865,244.75,1084,5420,2,865,244.75,1081,5405,6,865,244.75,1080,5400,3
,866,244.9,1082,5410,3,866,244.9,1082,5410,4,866,244.9,1081,5405,5,866,244.9,1080,5400,6,866,244.9,1088,5440,0,866,244.9,1079,5395,7,866,244.9,1080,5400,4,866,244.9,1084,5420,2,866,244.9,1081,5405,6,866,244.9,1080,5400,3
,867,245.05,1082,5410,3,867,245.05,1082,5410,4,867,245.05,1081,5405,5,867,245.05,1080,5400,6,867,245.05,1088,5440,0,867,245.05,1079,5395,7,867,245.05,1080,5400,4,867,245.05,1084,5420,2,867,245.05,1081,5405,6,867,245.05,1080,5400,3
,868,245.2,1082,5410,3,868,245.2,1082,5410,4,868,245.2,1081,5405,5,868,245.2,1080,5400,6,868,245.2,1088,5440,0,868,245.2,1079,5395,7,868,245.2,1080,5400,4,868,245.2,1084,5420,2,868,245.2,1081,5405,6,868,245.2,1080,5400,3
,869,245.35,1082,5410,3,869,245.35,1082,5410,4,869,245.35,1081,5405,5,869,245.35,1080,5400,6,869,245.35,1088,5440,0,869,245.35,1079,5395,7,869,245.35,1080,5400,4,869,245.35,1084,5420,2,869,245.35,1081,5405,6,869,245.35,1080,5400,3
,870,245.5,1082,5410,3,870,245.5,1082,5410,4,870,245.5,1081,5405,5,870,245.5,1080,5400,6,870,245.5,1088,5440,0,870,245.5,1079,5395,7,870,245.5,1080,5400,4,870,245.5,1084,5420,2,870,245.5,1081,5405,6,870,245.5,1080,5400,3
,871,245.65,1082,5410,3,871,245.65,1082,5410,4,871,245.65,1081,5405,5,871,245.65,1080,5400,6,871,245.65,1088,5440,0,871,245.65,1079,5395,7,871,245.65,1080,5400,4,871,245.65,1084,5420,2,871,245.65,1081,5405,6,871,245.65,1080,5400,3
,872,245.8,1082,5410,3,872,245.8,1082,5410,4,872,245.8,1081,5405,5,872,245.8,1080,5400,6,872,245.8,1088,5440,0,872,245.8,1079,5395,7,872,245.8,1080,5400,4,872,245.8,1084,5420,2,872,245.8,1081,5405,6,872,245.8,1080,5400,3
,873,245.95,1082,5410,3,873,245.95,1082,5410,4,873,245.95,1081,5405,5,873,245.95,1080,5400,6,873,245.95,1088,5440,0,873,245.95,1079,5395,7,873,245.95,1080,5400,4,873,245.95,1084,5420,2,873,245.95,1081,5405,6,873,245.95,1080,5400,3
,874,246.1,1082,5410,3,874,246.1,1082,5410,4,874,246.1,1081,5405,5,874,246.1,1080,5400,6,874,246.1,1088,5440,0,874,246.1,1079,5395,7,874,246.1,1080,5400,4,874,246.1,1084,5420,2,874,246.1,1081,5405,6,874,246.1,1080,5400,3
,875,246.25,1082,5410,3,875,246.25,1082,5410,4,875,246.25,1081,5405,5,875,246.25,1080,5400,6,875,246.25,1088,5440,0,875,246.25,1079,5395,7,875,246.25,1080,5400,4,875,246.25,1084,5420,2,875,246.25,1081,5405,6,875,246.25,1080,5400,3
,876,246.4,1082,5410,3,876,246.4,1082,5410,4,876,246.4,1081,5405,5,876,246.4,1080,5400,6,876,246.4,1088,5440,0,876,246.4,1079,5395,7,876,246.4,1080,5400,4,876,246.4,1084,5420,2,876,246.4,1081,5405,6,876,246.4,1080,5400,3
,877,246.55,1082,5410,3,877,246.55,1082,5410,4,877,246.55,1081,5405,5,877,246.55,1080,5400,6,877,246.55,1088,5440,0,877,246.55,1079,5395,7,877,246.55,1080,5400,4,877,246.55,1084,5420,2,877,246.55,1081,5405,6,877,246.55,1080,5400,3
,878,246.7,1082,5410,3,878,246.7,1082,5410,4,878,246.7,1081,5405,5,878,246.7,1080,5400,6,878,246.7,1088,5440,0,878,246.7,1079,5395,7,878,246.7,1080,5400,4,878,246.7,1084,5420,2,878,246.7,1081,5405,6,878,246.7,1080,5400,3
,879,246.85,1082,5410,3,879,246.85,1082,5410,4,879,246.85,1081,5405,5,879,246.85,1080,5400,6,879,246.85,1088,5440,0,879,246.85,1079,5395,7,879,246.85,1080,5400,4,879,246.85,1084,5420,2,879,246.85,1081,5405,6,879,246.85,1080,5400,3
,880,247,1082,5410,3,880,247,1082,5410,4,880,247,1081,5405,5,880,247,1080,5400,6,880,247,1088,5440,0,880,247,1079,5395,7,880,247,1080,5400,4,880,247,1084,5420,2,880,247,1081,5405,6,880,247,1080,5400,3
,881,247.15,1082,5410,3,881,247.15,1082,5410,4,881,247.15,1081,5405,5,881,247.15,1080,5400,6,881,247.15,1088,5440,0,881,247.15,1079,5395,7,881,247.15,1080,5400,4,881,247.15,1084,5420,2,881,247.15,1081,5405,6,881,247.15,1080,5400,3
,882,247.3,1082,5410,3,882,247.3,1082,5410,4,882,247.3,1081,5405,5,882,247.3,1080,5400,6,882,247.3,1088,5440,0,882,247.3,1079,5395,7,882,247.3,1080,5400,4,882,247.3,1084,5420,2,882,247.3,1081,5405,6,882,247.3,1080,5400,3
,883,247.45,1082,5410,3,883,247.45,1082,5410,4,883,247.45,1081,5405,5,883,247.45,1080,5400,6,883,247.45,1088,5440,0,883,247.45,1079,5395,7,883,247.45,1080,5400,4,883,247.45,1084,5420,2,883,247.45,1081,5405,6,883,247.45,1080,5400,3
,884,247.6,1082,5410,3,884,247.6,1082,5410,4,884,247.6,1081,5405,5,884,247.6,1080,5400,6,884,247.6,1088,5440,0,884,247.6,1079,5395,7,884,247.6,1080,5400,4,884,247.6,1084,5420,2,884,247.6,1081,5405,6,884,247.6,1080,5400,3
,885,247.75,1082,5410,3,885,247.75,1082,5410,4,885,247.75,1081,5405,5,885,247.75,1080,5400,6,885,247.75,1088,5440,0,885,247.75,1079,5395,7,885,247.75,1080,5400,4,885,247.75,1084,5420,2,885,247.75,1081,5405,6,885,247.75,1080,5400,3
,886,247.9,1082,5410,3,886,247.9,1082,5410,4,886,247.9,1081,5405,5,886,247.9,1080,5400,6,886,247.9,1088,5440,0,886,247.9,1079,5395,7,886,247.9,1080,5400,4,886,247.9,1084,5420,2,886,247.9,1081,5405,6,886,247.9,1080,5400,3
,887,248.05,1082,5410,3,887,248.05,1082,5410,4,887,248.05,1081,5405,5,887,248.05,1080,5400,6,887,248.05,1088,5440,0,887,248.05,1079,5395,7,887,248.05,1080,5400,4,887,248.05,1084,5420,2,887,248.05,1081,5405,6,887,248.05,1080,5400,3
,888,248.2,1082,5410,3,888,248.2,1082,5410,4,888,248.2,1081,5405,5,888,248.2,1080,5400,6,888,248.2,1088,5440,0,888,248.2,1079,5395,7,888,248.2,1080,5400,4,888,248.2,1084,5420,2,888,248.2,1081,5405,6,888,248.2,1080,5400,3
,889,248.35,1082,5410,3,889,248.35,1082,5410,4,889,248.35,1081,5405,5,889,248.35,1080,5400,6,889,248.35,1088,5440,0,889,248.35,1079,5395,7,889,248.35,1080,5400,4,889,248.35,1084,5420,2,889,248.35,1081,5405,6,889,248.35,1080,5400,3
,890,248.5,1082,5410,3,890,248.5,1082,5410,4,890,248.5,1081,5405,5,890,248.5,1080,5400,6,890,248.5,1088,5440,0,890,248.5,1079,5395,7,890,248.5,1080,5400,4,890,248.5,1084,5420,2,890,248.5,1081,5405,6,890,248.5,1080,5400,3
,891,248.65,1082,5410,3,891,248.65,1082,5410,4,891,248.65,1081,5405,5,891,248.65,1080,5400,6,891,248.65,1088,5440,0,891,248.65,1079,5395,7,891,248.65,1080,5400,4,891,248.65,1084,5420,2,891,248.65,1081,5405,6,891,248.65,1080,5400,3
,892,248.8,1082,5410,3,892,248.8,1082,5410,4,892,248.8,1081,5405,5,892,248.8,1080,5400,6,892,248.8,1088,5440,0,892,248.8,1079,5395,7,892,248.8,1080,5400,4,892,248.8,1084,5420,2,892,248.8,1081,5405,6,892,248.8,1080,5400,3
,893,248.95,1082,5410,3,893,248.95,1082,5410,4,893,248.95,1081,5405,5,893,248.95,1080,5400,6,893,248.95,1088,5440,0,893,248.95,1079,5395,7,893,248.95,1080,5400,4,893,248.95,1084,5420,2,893,248.95,1081,5405,6,893,248.95,1080,5400,3
,894,249.1,1082,5410,3,894,249.1,1082,5410,4,894,249.1,1081,5405,5,894,249.1,1080,5400,6,894,249.1,1088,5440,0,894,249.1,1079,5395,7,894,249.1,1080,5400,4,894,249.1,1084,5420,2,894,249.1,1081,5405,6,894,249.1,1080,5400,3
,895,249.25,1082,5410,3,895,249.25,1082,5410,4,895,249.25,1081,5405,5,895,249.25,1080,5400,6,895,249.25,1088,5440,0,895,249.25,1079,5395,7,895,249.25,1080,5400,4,895,249.25,1084,5420,2,895,249.25,1081,5405,6,895,249.25,1080,5400,3
,896,249.4,1082,5410,3,896,249.4,1082,5410,4,896,249.4,1081,5405,5,896,249.4,1080,5400,6,896,249.4,1088,5440,0,896,249.4,1079,5395,7,896,249.4,1080,5400,4,896,249.4,1084,5420,2,896,249.4,1081,5405,6,896,249.4,1080,5400,3
,897,249.55,1082,5410,3,897,249.55,1082,5410,4,897,249.55,1081,5405,5,897,249.55,1080,5400,6,897,249.55,1088,5440,0,897,249.55,1079,5395,7,897,249.55,1080,5400,4,897,249.55,1084,5420,2,897,249.55,1081,5405,6,897,249.55,1080,5400,3
,898,249.7,1082,5410,3,898,249.7,1082,5410,4,898,249.7,1081,5405,5,898,249.7,1080,5400,6,898,249.7,1088,5440,0,898,249.7,1079,5395,7,898,249.7,1080,5400,4,898,249.7,1084,5420,2,898,249.7,1081,5405,6,898,249.7,1080,5400,3
,899,249.85,1082,5410,3,899,249.85,1082,5410,4,899,249.85,1081,5405,5,899,249.85,1080,5400,6,899,249.85,1088,5440,0,899,249.85,1079,5395,7,899,249.85,1080,5400,4,899,249.85,1084,5420,2,899,249.85,1081,5405,6,899,249.85,1080,5400,3
,900,250,1082,5410,3,900,250,1082,5410,4,900,250,1081,5405,5,900,250,1080,5400,6,900,250,1088,5440,0,900,250,1079,5395,7,900,250,1080,5400,4,900,250,1084,5420,2,900,250,1081,5405,6,900,250,1080,5400,3
,901,250.15,1082,5410,3,901,250.15,1082,5410,4,901,250.15,1081,5405,5,901,250.15,1080,5400,6,901,250.15,1088,5440,0,901,250.15,1079,5395,7,901,250.15,1080,5400,4,901,250.15,1084,5420,2,901,250.15,1081,5405,6,901,250.15,1080,5400,3
,902,250.3,1082,5410,3,902,250.3,1082,5410,4,902,250.3,1081,5405,5,902,250.3,1080,5400,6,902,250.3,1088,5440,0,902,250.3,1079,5395,7,902,250.3,1080,5400,4,902,250.3,1084,5420,2,902,250.3,1081,5405,6,902,250.3,1080,5400,3
,903,250.45,1082,5410,3,903,250.45,1082,5410,4,903,250.45,1081,5405,5,903,250.45,1080,5400,6,903,250.45,1088,5440,0,903,250.45,1079,5395,7,903,250.45,1080,5400,4,903,250.45,1084,5420,2,903,250.45,1081,5405,6,903,250.45,1080,5400,3
,904,250.6,1082,5410,3,904,250.6,1082,5410,4,904,250.6,1081,5405,5,904,250.6,1080,5400,6,904,250.6,1088,5440,0,904,250.6,1079,5395,7,904,250.6,1080,5400,4,904,250.6,1084,5420,2,904,250.6,1081,5405,6,904,250.6,1080,5400,3
,905,250.75,1082,5410,3,905,250.75,1082,5410,4,905,250.75,1081,5405,5,905,250.75,1080,5400,6,905,250.75,1088,5440,0,905,250.75,1079,5395,7,905,250.75,1080,5400,4,905,250.75,1084,5420,2,905,250.75,1081,5405,6,905,250.75,1080,5400,3
,906,250.9,1082,5410,3,906,250.9,1082,5410,4,906,250.9,1081,5405,5,906,250.9,1080,5400,6,906,250.9,1088,5440,0,906,250.9,1079,5395,7,906,250.9,1080,5400,4,906,250.9,1084,5420,2,906,250.9,1081,5405,6,906,250.9,1080,5400,3
,907,251.05,1082,5410,3,907,251.05,1082,5410,4,907,251.05,1081,5405,5,907,251.05,1080,5400,6,907,251.05,1088,5440,0,907,251.05,1079,5395,7,907,251.05,1080,5400,4,907,251.05,1084,5420,2,907,251.05,1081,5405,6,907,251.05,1080,5400,3
,908,251.2,1082,5410,3,908,251.2,1082,5410,4,908,251.2,1081,5405,5,908,251.2,1080,5400,6,908,251.2,1088,5440,0,908,251.2,1079,5395,7,908,251.2,1080,5400,4,908,251.2,1084,5420,2,908,251.2,1081,5405,6,908,251.2,1080,5400,3
,909,251.35,1082,5410,3,909,251.35,1082,5410,4,909,251.35,1081,5405,5,909,251.35,1080,5400,6,909,251.35,1088,5440,0,909,251.35,1079,5395,7,909,251.35,1080,5400,4,909,251.35,1084,5420,2,909,251.35,1081,5405,6,909,251.35,1080,5400,3
,910,251.5,1082,5410,3,910,251.5,1082,5410,4,910,251.5,1081,5405,5,910,251.5,1080,5400,6,910,251.5,1088,5440,0,910,251.5,1079,5395,7,910,251.5,1080,5400,4,910,251.5,1084,5420,2,910,251.5,1081,5405,6,910,251.5,1080,5400,3
,911,251.65,1082,5410,3,911,251.65,1082,5410,4,911,251.65,1081,5405,5,911,251.65,1080,5400,6,911,251.65,1088,5440,0,911,251.65,1079,5395,7,911,251.65,1080,5400,4,911,251.65,1084,5420,2,911,251.65,1081,5405,6,911,251.65,1080,5400,3
,912,251.8,1082,5410,3,912,251.8,1082,5410,4,912,251.8,1081,5405,5,912,251.8,1080,5400,6,912,251.8,1088,5440,0,912,251.8,1079,5395,7,912,251.8,1080,5400,4,912,251.8,1084,5420,2,912,251.8,1081,5405,6,912,251.8,1080,5400,3
,913,251.95,1082,5410,3,913,251.95,1082,5410,4,913,251.95,1081,5405,5,913,251.95,1080,5400,6,913,251.95,1088,5440,0,913,251.95,1079,5395,7,913,251.95,1080,5400,4,913,251.95,1084,5420,2,913,251.95,1081,5405,6,913,251.95,1080,5400,3
,914,252.1,1082,5410,3,914,252.1,1082,5410,4,914,252.1,1081,5405,5,914,252.1,1080,5400,6,914,252.1,1088,5440,0,914,252.1,1079,5395,7,914,252.1,1080,5400,4,914,252.1,1084,5420,2,914,252.1,1081,5405,6,914,252.1,1080,5400,3
,915,252.25,1082,5410,3,915,252.25,1082,5410,4,915,252.25,1081,5405,5,915,252.25,1080,5400,6,915,252.25,1088,5440,0,915,252.25,1079,5395,7,915,252.25,1080,5400,4,915,252.25,1084,5420,2,915,252.25,1081,5405,6,915,252.25,1080,5400,3
,916,252.4,1082,5410,3,916,252.4,1082,5410,4,916,252.4,1081,5405,5,916,252.4,1080,5400,6,916,252.4,1088,5440,0,916,252.4,1079,5395,7,916,252.4,1080,5400,4,916,252.4,1084,5420,2,916,252.4,1081,5405,6,916,252.4,1080,5400,3
,917,252.55,1082,5410,3,917,252.55,1082,5410,4,917,252.55,1081,5405,5,917,252.55,1080,5400,6,917,252.55,1088,5440,0,917,252.55,1079,5395,7,917,252.55,1080,5400,4,917,252.55,1084,5420,2,917,252.55,1081,5405,6,917,252.55,1080,5400,3
,918,252.7,1082,5410,3,918,252.7,1082,5410,4,918,252.7,1081,5405,5,918,252.7,1080,5400,6,918,252.7,1088,5440,0,918,252.7,1079,5395,7,918,252.7,1080,5400,4,918,252.7,1084,5420,2,918,252.7,1081,5405,6,918,252.7,1080,5400,3
,919,252.85,1082,5410,3,919,252.85,1082,5410,4,919,252.85,1081,5405,5,919,252.85,1080,5400,6,919,252.85,1088,5440,0,919,252.85,1079,5395,7,919,252.85,1080,5400,4,919,252.85,1084,5420,2,919,252.85,1081,5405,6,919,252.85,1080,5400,3
,920,253,1082,5410,3,920,253,1082,5410,4,920,253,1081,5405,5,920,253,1080,5400,6,920,253,1088,5440,0,920,253,1079,5395,7,920,253,1080,5400,4,920,253,1084,5420,2,920,253,1081,5405,6,920,253,1080,5400,3
,921,253.15,1082,5410,3,921,253.15,1082,5410,4,921,253.15,1081,5405,5,921,253.15,1080,5400,6,921,253.15,1088,5440,0,921,253.15,1079,5395,7,921,253.15,1080,5400,4,921,253.15,1084,5420,2,921,253.15,1081,5405,6,921,253.15,1080,5400,3
,922,253.3,1082,5410,3,922,253.3,1082,5410,4,922,253.3,1081,5405,5,922,253.3,1080,5400,6,922,253.3,1088,5440,0,922,253.3,1079,5395,7,922,253.3,1080,5400,4,922,253.3,1084,5420,2,922,253.3,1081,5405,6,922,253.3,1080,5400,3
,923,253.45,1082,5410,3,923,253.45,1082,5410,4,923,253.45,1081,5405,5,923,253.45,1080,5400,6,923,253.45,1088,5440,0,923,253.45,1079,5395,7,923,253.45,1080,5400,4,923,253.45,1084,5420,2,923,253.45,1081,5405,6,923,253.45,1080,5400,3
,924,253.6,1082,5410,3,924,253.6,1082,5410,4,924,253.6,1081,5405,5,924,253.6,1080,5400,6,924,253.6,1088,5440,0,924,253.6,1079,5395,7,924,253.6,1080,5400,4,924,253.6,1084,5420,2,924,253.6,1081,5405,6,924,253.6,1080,5400,3
,925,253.75,1082,5410,3,925,253.75,1082,5410,4,925,253.75,1081,5405,5,925,253.75,1080,5400,6,925,253.75,1088,5440,0,925,253.75,1079,5395,7,925,253.75,1080,5400,4,925,253.75,1084,5420,2,925,253.75,1081,5405,6,925,253.75,1080,5400,3
,926,253.9,1082,5410,3,926,253.9,1082,5410,4,926,253.9,1081,5405,5,926,253.9,1080,5400,6,926,253.9,1088,5440,0,926,253.9,1079,5395,7,926,253.9,1080,5400,4,926,253.9,1084,5420,2,926,253.9,1081,5405,6,926,253.9,1080,5400,3
,927,254.05,1082,5410,3,927,254.05,1082,5410,4,927,254.05,1081,5405,5,927,254.05,1080,5400,6,927,254.05,1088,5440,0,927,254.05,1079,5395,7,927,254.05,1080,5400,4,927,254.05,1084,5420,2,927,254.05,1081,5405,6,927,254.05,1080,5400,3
,928,254.2,1082,5410,3,928,254.2,1082,5410,4,928,254.2,1081,5405,5,928,254.2,1080,5400,6,928,254.2,1088,5440,0,928,254.2,1079,5395,7,928,254.2,1080,5400,4,928,254.2,1084,5420,2,928,254.2,1081,5405,6,928,254.2,1080,5400,3
,929,254.35,1082,5410,3,929,254.35,1082,5410,4,929,254.35,1081,5405,5,929,254.35,1080,5400,6,929,254.35,1088,5440,0,929,254.35,1079,5395,7,929,254.35,1080,5400,4,929,254.35,1084,5420,2,929,254.35,1081,5405,6,929,254.35,1080,5400,3
,930,254.5,1082,5410,3,930,254.5,1082,5410,4,930,254.5,1081,5405,5,930,254.5,1080,5400,6,930,254.5,1088,5440,0,930,254.5,1079,5395,7,930,254.5,1080,5400,4,930,254.5,1084,5420,2,930,254.5,1081,5405,6,930,254.5,1080,5400,3
,931,254.65,1082,5410,3,931,254.65,1082,5410,4,931,254.65,1081,5405,5,931,254.65,1080,5400,6,931,254.65,1088,5440,0,931,254.65,1079,5395,7,931,254.65,1080,5400,4,931,254.65,1084,5420,2,931,254.65,1081,5405,6,931,254.65,1080,5400,3
,932,254.8,1082,5410,3,932,254.8,1082,5410,4,932,254.8,1081,5405,5,932,254.8,1080,5400,6,932,254.8,1088,5440,0,932,254.8,1079,5395,7,932,254.8,1080,5400,4,932,254.8,1084,5420,2,932,254.8,1081,5405,6,932,254.8,1080,5400,3
,933,254.95,1082,5410,3,933,254.95,1082,5410,4,933,254.95,1081,5405,5,933,254.95,1080,5400,6,933,254.95,1088,5440,0,933,254.95,1079,5395,7,933,254.95,1080,5400,4,933,254.95,1084,5420,2,933,254.95,1081,5405,6,933,254.95,1080,5400,3
,934,255.1,1082,5410,3,934,255.1,1082,5410,4,934,255.1,1081,5405,5,934,255.1,1080,5400,6,934,255.1,1088,5440,0,934,255.1,1079,5395,7,934,255.1,1080,5400,4,934,255.1,1084,5420,2,934,255.1,1081,5405,6,934,255.1,1080,5400,3
,935,255.25,1082,5410,3,935,255.25,1082,5410,4,935,255.25,1081,5405,5,935,255.25,1080,5400,6,935,255.25,1088,5440,0,935,255.25,1079,5395,7,935,255.25,1080,5400,4,935,255.25,1084,5420,2,935,255.25,1081,5405,6,935,255.25,1080,5400,3
,936,255.4,1082,5410,3,936,255.4,1082,5410,4,936,255.4,1081,5405,5,936,255.4,1080,5400,6,936,255.4,1088,5440,0,936,255.4,1079,5395,7,936,255.4,1080,5400,4,936,255.4,1084,5420,2,936,255.4,1081,5405,6,936,255.4,1080,5400,3
,937,255.55,1082,5410,3,937,255.55,1082,5410,4,937,255.55,1081,5405,5,937,255.55,1080,5400,6,937,255.55,1088,5440,0,937,255.55,1079,5395,7,937,255.55,1080,5400,4,937,255.55,1084,5420,2,937,255.55,1081,5405,6,937,255.55,1080,5400,3
,938,255.7,1082,5410,3,938,255.7,1082,5410,4,938,255.7,1081,5405,5,938,255.7,1080,5400,6,938,255.7,1088,5440,0,938,255.7,1079,5395,7,938,255.7,1080,5400,4,938,255.7,1084,5420,2,938,255.7,1081,5405,6,938,255.7,1080,5400,3
,939,255.85,1082,5410,3,939,255.85,1082,5410,4,939,255.85,1081,5405,5,939,255.85,1080,5400,6,939,255.85,1088,5440,0,939,255.85,1079,5395,7,939,255.85,1080,5400,4,939,255.85,1084,5420,2,939,255.85,1081,5405,6,939,255.85,1080,5400,3
,940,256,1082,5410,3,940,256,1082,5410,4,940,256,1081,5405,5,940,256,1080,5400,6,940,256,1088,5440,0,940,256,1079,5395,7,940,256,1080,5400,4,940,256,1084,5420,2,940,256,1081,5405,6,940,256,1080,5400,3
,941,256.15,1082,5410,3,941,256.15,1082,5410,4,941,256.15,1081,5405,5,941,256.15,1080,5400,6,941,256.15,1088,5440,0,941,256.15,1079,5395,7,941,256.15,1080,5400,4,941,256.15,1084,5420,2,941,256.15,1081,5405,6,941,256.15,1080,5400,3
,942,256.3,1082,5410,3,942,256.3,1082,5410,4,942,256.3,1081,5405,5,942,256.3,1080,5400,6,942,256.3,1088,5440,0,942,256.3,1079,5395,7,942,256.3,1080,5400,4,942,256.3,1084,5420,2,942,256.3,1081,5405,6,942,256.3,1080,5400,3
,943,256.45,1082,5410,3,943,256.45,1082,5410,4,943,256.45,1081,5405,5,943,256.45,1080,5400,6,943,256.45,1088,5440,0,943,256.45,1079,5395,7,943,256.45,1080,5400,4,943,256.45,1084,5420,2,943,256.45,1081,5405,6,943,256.45,1080,5400,3
,944,256.6,1082,5410,3,944,256.6,1082,5410,4,944,256.6,1081,5405,5,944,256.6,1080,5400,6,944,256.6,1088,5440,0,944,256.6,1079,5395,7,944,256.6,1080,5400,4,944,256.6,1084,5420,2,944,256.6,1081,5405,6,944,256.6,1080,5400,3
,945,256.75,1082,5410,3,945,256.75,1082,5410,4,945,256.75,1081,5405,5,945,256.75,1080,5400,6,945,256.75,1088,5440,0,945,256.75,1079,5395,7,945,256.75,1080,5400,4,945,256.75,1084,5420,2,945,256.75,1081,5405,6,945,256.75,1080,5400,3
,946,256.9,1082,5410,3,946,256.9,1082,5410,4,946,256.9,1081,5405,5,946,256.9,1080,5400,6,946,256.9,1088,5440,0,946,256.9,1079,5395,7,946,256.9,1080,5400,4,946,256.9,1084,5420,2,946,256.9,1081,5405,6,946,256.9,1080,5400,3
,947,257.05,1082,5410,3,947,257.05,1082,5410,4,947,257.05,1081,5405,5,947,257.05,1080,5400,6,947,257.05,1088,5440,0,947,257.05,1079,5395,7,947,257.05,1080,5400,4,947,257.05,1084,5420,2,947,257.05,1081,5405,6,947,257.05,1080,5400,3
,948,257.2,1082,5410,3,948,257.2,1082,5410,4,948,257.2,1081,5405,5,948,257.2,1080,5400,6,948,257.2,1088,5440,0,948,257.2,1079,5395,7,948,257.2,1080,5400,4,948,257.2,1084,5420,2,948,257.2,1081,5405,6,948,257.2,1080,5400,3
,949,257.35,1082,5410,3,949,257.35,1082,5410,4,949,257.35,1081,5405,5,949,257.35,1080,5400,6,949,257.35,1088,5440,0,949,257.35,1079,5395,7,949,257.35,1080,5400,4,949,257.35,1084,5420,2,949,257.35,1081,5405,6,949,257.35,1080,5400,3
,950,257.5,1082,5410,3,950,257.5,1082,5410,4,950,257.5,1081,5405,5,950,257.5,1080,5400,6,950,257.5,1088,5440,0,950,257.5,1079,5395,7,950,257.5,1080,5400,4,950,257.5,1084,5420,2,950,257.5,1081,5405,6,950,257.5,1080,5400,3
,951,257.65,1082,5410,3,951,257.65,1082,5410,4,951,257.65,1081,5405,5,951,257.65,1080,5400,6,951,257.65,1088,5440,0,951,257.65,1079,5395,7,951,257.65,1080,5400,4,951,257.65,1084,5420,2,951,257.65,1081,5405,6,951,257.65,1080,5400,3
,952,257.8,1082,5410,3,952,257.8,1082,5410,4,952,257.8,1081,5405,5,952,257.8,1080,5400,6,952,257.8,1088,5440,0,952,257.8,1079,5395,7,952,257.8,1080,5400,4,952,257.8,1084,5420,2,952,257.8,1081,5405,6,952,257.8,1080,5400,3
,953,257.95,1082,5410,3,953,257.95,1082,5410,4,953,257.95,1081,5405,5,953,257.95,1080,5400,6,953,257.95,1088,5440,0,953,257.95,1079,5395,7,953,257.95,1080,5400,4,953,257.95,1084,5420,2,953,257.95,1081,5405,6,953,257.95,1080,5400,3
,954,258.1,1082,5410,3,954,258.1,1082,5410,4,954,258.1,1081,5405,5,954,258.1,1080,5400,6,954,258.1,1088,5440,0,954,258.1,1079,5395,7,954,258.1,1080,5400,4,954,258.1,1084,5420,2,954,258.1,1081,5405,6,954,258.1,1080,5400,3
,955,258.25,1082,5410,3,955,258.25,1082,5410,4,955,258.25,1081,5405,5,955,258.25,1080,5400,6,955,258.25,1088,5440,0,955,258.25,1079,5395,7,955,258.25,1080,5400,4,955,258.25,1084,5420,2,955,258.25,1081,5405,6,955,258.25,1080,5400,3
,956,258.4,1082,5410,3,956,258.4,1082,5410,4,956,258.4,1081,5405,5,956,258.4,1080,5400,6,956,258.4,1088,5440,0,956,258.4,1079,5395,7,956,258.4,1080,5400,4,956,258.4,1084,5420,2,956,258.4,1081,5405,6,956,258.4,1080,5400,3
,957,258.55,1082,5410,3,957,258.55,1082,5410,4,957,258.55,1081,5405,5,957,258.55,1080,5400,6,957,258.55,1088,5440,0,957,258.55,1079,5395,7,957,258.55,1080,5400,4,957,258.55,1084,5420,2,957,258.55,1081,5405,6,957,258.55,1080,5400,3
,958,258.7,1082,5410,3,958,258.7,1082,5410,4,958,258.7,1081,5405,5,958,258.7,1080,5400,6,958,258.7,1088,5440,0,958,258.7,1079,5395,7,958,258.7,1080,5400,4,958,258.7,1084,5420,2,958,258.7,1081,5405,6,958,258.7,1080,5400,3
,959,258.85,1082,5410,3,959,258.85,1082,5410,4,959,258.85,1081,5405,5,959,258.85,1080,5400,6,959,258.85,1088,5440,0,959,258.85,1079,5395,7,959,258.85,1080,5400,4,959,258.85,1084,5420,2,959,258.85,1081,5405,6,959,258.85,1080,5400,3
,960,259,1082,5410,3,960,259,1082,5410,4,960,259,1081,5405,5,960,259,1080,5400,6,960,259,1088,5440,0,960,259,1079,5395,7,960,259,1080,5400,4,960,259,1084,5420,2,960,259,1081,5405,6,960,259,1080,5400,3
,961,259.15,1082,5410,3,961,259.15,1082,5410,4,961,259.15,1081,5405,5,961,259.15,1080,5400,6,961,259.15,1088,5440,0,961,259.15,1079,5395,7,961,259.15,1080,5400,4,961,259.15,1084,5420,2,961,259.15,1081,5405,6,961,259.15,1080,5400,3
,962,259.3,1082,5410,3,962,259.3,1082,5410,4,962,259.3,1081,5405,5,962,259.3,1080,5400,6,962,259.3,1088,5440,0,962,259.3,1079,5395,7,962,259.3,1080,5400,4,962,259.3,1084,5420,2,962,259.3,1081,5405,6,962,259.3,1080,5400,3
,963,259.45,1082,5410,3,963,259.45,1082,5410,4,963,259.45,1081,5405,5,963,259.45,1080,5400,6,963,259.45,1088,5440,0,963,259.45,1079,5395,7,963,259.45,1080,5400,4,963,259.45,1084,5420,2,963,259.45,1081,5405,6,963,259.45,1080,5400,3
,964,259.6,1082,5410,3,964,259.6,1082,5410,4,964,259.6,1081,5405,5,964,259.6,1080,5400,6,964,259.6,1088,5440,0,964,259.6,1079,5395,7,964,259.6,1080,5400,4,964,259.6,1084,5420,2,964,259.6,1081,5405,6,964,259.6,1080,5400,3
,965,259.75,1082,5410,3,965,259.75,1082,5410,4,965,259.75,1081,5405,5,965,259.75,1080,5400,6,965,259.75,1088,5440,0,965,259.75,1079,5395,7,965,259.75,1080,5400,4,965,259.75,1084,5420,2,965,259.75,1081,5405,6,965,259.75,1080,5400,3
,966,259.9,1082,5410,3,966,259.9,1082,5410,4,966,259.9,1081,5405,5,966,259.9,1080,5400,6,966,259.9,1088,5440,0,966,259.9,1079,5395,7,966,259.9,1080,5400,4,966,259.9,1084,5420,2,966,259.9,1081,5405,6,966,259.9,1080,5400,3
,967,260.05,1082,5410,3,967,260.05,1082,5410,4,967,260.05,1081,5405,5,967,260.05,1080,5400,6,967,260.05,1088,5440,0,967,260.05,1079,5395,7,967,260.05,1080,5400,4,967,260.05,1084,5420,2,967,260.05,1081,5405,6,967,260.05,1080,5400,3
,968,260.2,1082,5410,3,968,260.2,1082,5410,4,968,260.2,1081,5405,5,968,260.2,1080,5400,6,968,260.2,1088,5440,0,968,260.2,1079,5395,7,968,260.2,1080,5400,4,968,260.2,1084,5420,2,968,260.2,1081,5405,6,968,260.2,1080,5400,3
,969,260.35,1082,5410,3,969,260.35,1082,5410,4,969,260.35,1081,5405,5,969,260.35,1080,5400,6,969,260.35,1088,5440,0,969,260.35,1079,5395,7,969,260.35,1080,5400,4,969,260.35,1084,5420,2,969,260.35,1081,5405,6,969,260.35,1080,5400,3
,970,260.5,1082,5410,3,970,260.5,1082,5410,4,970,260.5,1081,5405,5,970,260.5,1080,5400,6,970,260.5,1088,5440,0,970,260.5,1079,5395,7,970,260.5,1080,5400,4,970,260.5,1084,5420,2,970,260.5,1081,5405,6,970,260.5,1080,5400,3
,971,260.65,1082,5410,3,971,260.65,1082,5410,4,971,260.65,1081,5405,5,971,260.65,1080,5400,6,971,260.65,1088,5440,0,971,260.65,1079,5395,7,971,260.65,1080,5400,4,971,260.65,1084,5420,2,971,260.65,1081,5405,6,971,260.65,1080,5400,3
,972,260.8,1082,5410,3,972,260.8,1082,5410,4,972,260.8,1081,5405,5,972,260.8,1080,5400,6,972,260.8,1088,5440,0,972,260.8,1079,5395,7,972,260.8,1080,5400,4,972,260.8,1084,5420,2,972,260.8,1081,5405,6,972,260.8,1080,5400,3
,973,260.95,1082,5410,3,973,260.95,1082,5410,4,973,260.95,1081,5405,5,973,260.95,1080,5400,6,973,260.95,1088,5440,0,973,260.95,1079,5395,7,973,260.95,1080,5400,4,973,260.95,1084,5420,2,973,260.95,1081,5405,6,973,260.95,1080,5400,3
,974,261.1,1082,5410,3,974,261.1,1082,5410,4,974,261.1,1081,5405,5,974,261.1,1080,5400,6,974,261.1,1088,5440,0,974,261.1,1079,5395,7,974,261.1,1080,5400,4,974,261.1,1084,5420,2,974,261.1,1081,5405,6,974,261.1,1080,5400,3
,975,261.25,1082,5410,3,975,261.25,1082,5410,4,975,261.25,1081,5405,5,975,261.25,1080,5400,6,975,261.25,1088,5440,0,975,261.25,1079,5395,7,975,261.25,1080,5400,4,975,261.25,1084,5420,2,975,261.25,1081,5405,6,975,261.25,1080,5400,3
,976,261.4,1082,5410,3,976,261.4,1082,5410,4,976,261.4,1081,5405,5,976,261.4,1080,5400,6,976,261.4,1088,5440,0,976,261.4,1079,5395,7,976,261.4,1080,5400,4,976,261.4,1084,5420,2,976,261.4,1081,5405,6,976,261.4,1080,5400,3
,977,261.55,1082,5410,3,977,261.55,1082,5410,4,977,261.55,1081,5405,5,977,261.55,1080,5400,6,977,261.55,1088,5440,0,977,261.55,1079,5395,7,977,261.55,1080,5400,4,977,261.55,1084,5420,2,977,261.55,1081,5405,6,977,261.55,1080,5400,3
,978,261.7,1082,5410,3,978,261.7,1082,5410,4,978,261.7,1081,5405,5,978,261.7,1080,5400,6,978,261.7,1088,5440,0,978,261.7,1079,5395,7,978,261.7,1080,5400,4,978,261.7,1084,5420,2,978,261.7,1081,5405,6,978,261.7,1080,5400,3
,979,261.85,1082,5410,3,979,261.85,1082,5410,4,979,261.85,1081,5405,5,979,261.85,1080,5400,6,979,261.85,1088,5440,0,979,261.85,1079,5395,7,979,261.85,1080,5400,4,979,261.85,1084,5420,2,979,261.85,1081,5405,6,979,261.85,1080,5400,3
,980,262,1082,5410,3,980,262,1082,5410,4,980,262,1081,5405,5,980,262,1080,5400,6,980,262,1088,5440,0,980,262,1079,5395,7,980,262,1080,5400,4,980,262,1084,5420,2,980,262,1081,5405,6,980,262,1080,5400,3
,981,262.15,1082,5410,3,981,262.15,1082,5410,4,981,262.15,1081,5405,5,981,262.15,1080,5400,6,981,262.15,1088,5440,0,981,262.15,1079,5395,7,981,262.15,1080,5400,4,981,262.15,1084,5420,2,981,262.15,1081,5405,6,981,262.15,1080,5400,3
,982,262.3,1082,5410,3,982,262.3,1082,5410,4,982,262.3,1081,5405,5,982,262.3,1080,5400,6,982,262.3,1088,5440,0,982,262.3,1079,5395,7,982,262.3,1080,5400,4,982,262.3,1084,5420,2,982,262.3,1081,5405,6,982,262.3,1080,5400,3
,983,262.45,1082,5410,3,983,262.45,1082,5410,4,983,262.45,1081,5405,5,983,262.45,1080,5400,6,983,262.45,1088,5440,0,983,262.45,1079,5395,7,983,262.45,1080,5400,4,983,262.45,1084,5420,2,983,262.45,1081,5405,6,983,262.45,1080,5400,3
,984,262.6,1082,5410,3,984,262.6,1082,5410,4,984,262.6,1081,5405,5,984,262.6,1080,5400,6,984,262.6,1088,5440,0,984,262.6,1079,5395,7,984,262.6,1080,5400,4,984,262.6,1084,5420,2,984,262.6,1081,5405,6,984,262.6,1080,5400,3
,985,262.75,1082,5410,3,985,262.75,1082,5410,4,985,262.75,1081,5405,5,985,262.75,1080,5400,6,985,262.75,1088,5440,0,985,262.75,1079,5395,7,985,262.75,1080,5400,4,985,262.75,1084,5420,2,985,262.75,1081,5405,6,985,262.75,1080,5400,3
,986,262.9,1082,5410,3,986,262.9,1082,5410,4,986,262.9,1081,5405,5,986,262.9,1080,5400,6,986,262.9,1088,5440,0,986,262.9,1079,5395,7,986,262.9,1080,5400,4,986,262.9,1084,5420,2,986,262.9,1081,5405,6,986,262.9,1080,5400,3
,987,263.05,1082,5410,3,987,263.05,1082,5410,4,987,263.05,1081,5405,5,987,263.05,1080,5400,6,987,263.05,1088,5440,0,987,263.05,1079,5395,7,987,263.05,1080,5400,4,987,263.05,1084,5420,2,987,263.05,1081,5405,6,987,263.05,1080,5400,3
,988,263.2,1082,5410,3,988,263.2,1082,5410,4,988,263.2,1081,5405,5,988,263.2,1080,5400,6,988,263.2,1088,5440,0,988,263.2,1079,5395,7,988,263.2,1080,5400,4,988,263.2,1084,5420,2,988,263.2,1081,5405,6,988,263.2,1080,5400,3
,989,263.35,1082,5410,3,989,263.35,1082,5410,4,989,263.35,1081,5405,5,989,263.35,1080,5400,6,989,263.35,1088,5440,0,989,263.35,1079,5395,7,989,263.35,1080,5400,4,989,263.35,1084,5420,2,989,263.35,1081,5405,6,989,263.35,1080,5400,3
,990,263.5,1082,5410,3,990,263.5,1082,5410,4,990,263.5,1081,5405,5,990,263.5,1080,5400,6,990,263.5,1088,5440,0,990,263.5,1079,5395,7,990,263.5,1080,5400,4,990,263.5,1084,5420,2,990,263.5,1081,5405,6,990,263.5,1080,5400,3
,991,263.65,1082,5410,3,991,263.65,1082,5410,4,991,263.65,1081,5405,5,991,263.65,1080,5400,6,991,263.65,1088,5440,0,991,263.65,1079,5395,7,991,263.65,1080,5400,4,991,263.65,1084,5420,2,991,263.65,1081,5405,6,991,263.65,1080,5400,3
,992,263.8,1082,5410,3,992,263.8,1082,5410,4,992,263.8,1081,5405,5,992,263.8,1080,5400,6,992,263.8,1088,5440,0,992,263.8,1079,5395,7,992,263.8,1080,5400,4,992,263.8,1084,5420,2,992,263.8,1081,5405,6,992,263.8,1080,5400,3
,993,263.95,1082,5410,3,993,263.95,1082,5410,4,993,263.95,1081,5405,5,993,263.95,1080,5400,6,993,263.95,1088,5440,0,993,263.95,1079,5395,7,993,263.95,1080,5400,4,993,263.95,1084,5420,2,993,263.95,1081,5405,6,993,263.95,1080,5400,3
,994,264.1,1082,5410,3,994,264.1,1082,5410,4,994,264.1,1081,5405,5,994,264.1,1080,5400,6,994,264.1,1088,5440,0,994,264.1,1079,5395,7,994,264.1,1080,5400,4,994,264.1,1084,5420,2,994,264.1,1081,5405,6,994,264.1,1080,5400,3
,995,264.25,1082,5410,3,995,264.25,1082,5410,4,995,264.25,1081,5405,5,995,264.25,1080,5400,6,995,264.25,1088,5440,0,995,264.25,1079,5395,7,995,264.25,1080,5400,4,995,264.25,1084,5420,2,995,264.25,1081,5405,6,995,264.25,1080,5400,3
,996,264.4,1082,5410,3,996,264.4,1082,5410,4,996,264.4,1081,5405,5,996,264.4,1080,5400,6,996,264.4,1088,5440,0,996,264.4,1079,5395,7,996,264.4,1080,5400,4,996,264.4,1084,5420,2,996,264.4,1081,5405,6,996,264.4,1080,5400,3
,997,264.55,1082,5410,3,997,264.55,1082,5410,4,997,264.55,1081,5405,5,997,264.55,1080,5400,6,997,264.55,1088,5440,0,997,264.55,1079,5395,7,997,264.55,1080,5400,4,997,264.55,1084,5420,2,997,264.55,1081,5405,6,997,264.55,1080,5400,3
,998,264.7,1082,5410,3,998,264.7,1082,5410,4,998,264.7,1081,5405,5,998,264.7,1080,5400,6,998,264.7,1088,5440,0,998,264.7,1079,5395,7,998,264.7,1080,5400,4,998,264.7,1084,5420,2,998,264.7,1081,5405,6,998,264.7,1080,5400,3
,999,264.85,1082,5410,3,999,264.85,1082,5410,4,999,264.85,1081,5405,5,999,264.85,1080,5400,6,999,264.85,1088,5440,0,999,264.85,1079,5395,7,999,264.85,1080,5400,4,999,264.85,1084,5420,2,999,264.85,1081,5405,6,999,264.85,1080,5400,3
,1000,265,1082,5410,3,1000,265,1082,5410,4,1000,265,1081,5405,5,1000,265,1080,5400,6,1000,265,1088,5440,0,1000,265,1079,5395,7,1000,265,1080,5400,4,1000,265,1084,5420,2,1000,265,1081,5405,6,1000,265,1080,5400,3
