"BehaviorSpace results (NetLogo 6.4.0)","Spreadsheet version 2.0"
"landslide.nlogo"
"TreeExperiment"
"08/05/2025 19:53:11:124 +0800"
"min-pxcor","max-pxcor","min-pycor","max-pycor"
"-16","16","-16","16"
"[run number]","1","1","1","1","1","2","2","2","2","2","3","3","3","3","3","4","4","4","4","4","5","5","5","5","5","6","6","6","6","6","7","7","7","7","7","8","8","8","8","8","9","9","9","9","9","10","10","10","10","10","11","11","11","11","11","12","12","12","12","12","13","13","13","13","13","14","14","14","14","14","15","15","15","15","15","16","16","16","16","16","17","17","17","17","17","18","18","18","18","18","19","19","19","19","19","20","20","20","20","20","21","21","21","21","21","22","22","22","22","22","23","23","23","23","23","24","24","24","24","24","25","25","25","25","25","26","26","26","26","26"
"rainfallDuration","200",,,,,"200",,,,,"200",,,,,"200",,,,,"200",,,,,"200",,,,,"200",,,,,"200",,,,,"200",,,,,"200",,,,,"200",,,,,"200",,,,,"200",,,,,"200",,,,,"200",,,,,"200",,,,,"200",,,,,"200",,,,,"200",,,,,"200",,,,,"200",,,,,"200",,,,,"200",,,,,"200",,,,,"200",,,,,"200",,,,
"landslide-threshold","-2.5",,,,,"-2.5",,,,,"-2.5",,,,,"-2.5",,,,,"-2.5",,,,,"-2.5",,,,,"-2.5",,,,,"-2.5",,,,,"-2.5",,,,,"-2.5",,,,,"-2.5",,,,,"-2.5",,,,,"-2.5",,,,,"-2.5",,,,,"-2.5",,,,,"-2.5",,,,,"-2.5",,,,,"-2.5",,,,,"-2.5",,,,,"-2.5",,,,,"-2.5",,,,,"-2.5",,,,,"-2.5",,,,,"-2.5",,,,,"-2.5",,,,,"-2.5",,,,
"rainfall-rate","0.15",,,,,"0.15",,,,,"0.15",,,,,"0.15",,,,,"0.15",,,,,"0.15",,,,,"0.15",,,,,"0.15",,,,,"0.15",,,,,"0.15",,,,,"0.15",,,,,"0.15",,,,,"0.15",,,,,"0.15",,,,,"0.15",,,,,"0.15",,,,,"0.15",,,,,"0.15",,,,,"0.15",,,,,"0.15",,,,,"0.15",,,,,"0.15",,,,,"0.15",,,,,"0.15",,,,,"0.15",,,,,"0.15",,,,
"sediment-flow-rate","0.5",,,,,"0.5",,,,,"0.5",,,,,"0.5",,,,,"0.5",,,,,"0.5",,,,,"0.5",,,,,"0.5",,,,,"0.5",,,,,"0.5",,,,,"0.5",,,,,"0.5",,,,,"0.5",,,,,"0.5",,,,,"0.5",,,,,"0.5",,,,,"0.5",,,,,"0.5",,,,,"0.5",,,,,"0.5",,,,,"0.5",,,,,"0.5",,,,,"0.5",,,,,"0.5",,,,,"0.5",,,,,"0.5",,,,
"number-of-trees","0",,,,,"10",,,,,"20",,,,,"30",,,,,"40",,,,,"50",,,,,"60",,,,,"70",,,,,"80",,,,,"90",,,,,"100",,,,,"110",,,,,"120",,,,,"130",,,,,"140",,,,,"150",,,,,"160",,,,,"170",,,,,"180",,,,,"190",,,,,"200",,,,,"210",,,,,"220",,,,,"230",,,,,"240",,,,,"250",,,,
"[reporter]","[step]","total-landslides","total-sediment","total-rainfall","total-trees","[step]","total-landslides","total-sediment","total-rainfall","total-trees","[step]","total-landslides","total-sediment","total-rainfall","total-trees","[step]","total-landslides","total-sediment","total-rainfall","total-trees","[step]","total-landslides","total-sediment","total-rainfall","total-trees","[step]","total-landslides","total-sediment","total-rainfall","total-trees","[step]","total-landslides","total-sediment","total-rainfall","total-trees","[step]","total-landslides","total-sediment","total-rainfall","total-trees","[step]","total-landslides","total-sediment","total-rainfall","total-trees","[step]","total-landslides","total-sediment","total-rainfall","total-trees","[step]","total-landslides","total-sediment","total-rainfall","total-trees","[step]","total-landslides","total-sediment","total-rainfall","total-trees","[step]","total-landslides","total-sediment","total-rainfall","total-trees","[step]","total-landslides","total-sediment","total-rainfall","total-trees","[step]","total-landslides","total-sediment","total-rainfall","total-trees","[step]","total-landslides","total-sediment","total-rainfall","total-trees","[step]","total-landslides","total-sediment","total-rainfall","total-trees","[step]","total-landslides","total-sediment","total-rainfall","total-trees","[step]","total-landslides","total-sediment","total-rainfall","total-trees","[step]","total-landslides","total-sediment","total-rainfall","total-trees","[step]","total-landslides","total-sediment","total-rainfall","total-trees","[step]","total-landslides","total-sediment","total-rainfall","total-trees","[step]","total-landslides","total-sediment","total-rainfall","total-trees","[step]","total-landslides","total-sediment","total-rainfall","total-trees","[step]","total-landslides","total-sediment","total-rainfall","total-trees","[step]","total-landslides","total-sediment","total-rainfall","total-trees"
"[final]","15","1088","5440","4.5","0","200","1082","5410","59.99999999999961","7","200","1073","5365","59.99999999999961","16","200","1058","5290","59.99999999999961","28","200","1050","5250","59.99999999999961","37","200","1048","5240","59.99999999999961","40","200","1044","5220","59.99999999999961","46","200","1033","5165","59.99999999999961","56","200","1029","5145","59.99999999999961","64","200","1016","5080","59.99999999999961","72","200","1006","5030","59.99999999999961","79","200","994","4970","59.99999999999961","94","200","985","4925","59.99999999999961","95","200","989","4945","59.99999999999961","98","200","979","4895","59.99999999999961","112","200","970","4850","59.99999999999961","117","200","968","4840","59.99999999999961","125","200","957","4785","59.99999999999961","133","200","950","4750","59.99999999999961","148","200","942","4710","59.99999999999961","152","200","940","4700","59.99999999999961","156","200","925","4625","59.99999999999961","171","200","917","4585","59.99999999999961","175","200","924","4620","59.99999999999961","174","200","915","4575","59.99999999999961","185","200","907","4535","59.99999999999961","199"
"[min]","0","0","0","0","0","0","0","0","0","7","0","0","0","0","16","0","0","0","0","28","0","0","0","0","37","0","0","0","0","40","0","0","0","0","46","0","0","0","0","56","0","0","0","0","64","0","0","0","0","72","0","0","0","0","79","0","0","0","0","94","0","0","0","0","95","0","0","0","0","98","0","0","0","0","112","0","0","0","0","117","0","0","0","0","125","0","0","0","0","133","0","0","0","0","148","0","0","0","0","152","0","0","0","0","156","0","0","0","0","171","0","0","0","0","175","0","0","0","0","174","0","0","0","0","185","0","0","0","0","199"
"[max]","15","1088","5440","4.5","0","200","1082","5410","59.99999999999961","10","200","1073","5365","59.99999999999961","20","200","1058","5290","59.99999999999961","30","200","1050","5250","59.99999999999961","40","200","1048","5240","59.99999999999961","50","200","1044","5220","59.99999999999961","60","200","1033","5165","59.99999999999961","70","200","1029","5145","59.99999999999961","80","200","1016","5080","59.99999999999961","90","200","1006","5030","59.99999999999961","100","200","994","4970","59.99999999999961","110","200","985","4925","59.99999999999961","120","200","989","4945","59.99999999999961","130","200","979","4895","59.99999999999961","140","200","970","4850","59.99999999999961","150","200","968","4840","59.99999999999961","160","200","957","4785","59.99999999999961","170","200","950","4750","59.99999999999961","180","200","942","4710","59.99999999999961","190","200","940","4700","59.99999999999961","200","200","925","4625","59.99999999999961","210","200","917","4585","59.99999999999961","220","200","924","4620","59.99999999999961","230","200","915","4575","59.99999999999961","240","200","907","4535","59.99999999999961","250"
"[mean]","7.5","240.625","1203.125","2.2499999999999996","0","100","1012.4029850746268","5062.014925373134","29.999999999999865","8.427860696517413","100","1002.0995024875622","5010.497512437811","29.999999999999865","17.975124378109452","100","985.9850746268656","4929.925373134329","29.999999999999865","29.52238805970149","100","977.1144278606965","4885.572139303483","29.999999999999865","39.059701492537314","100","965.2835820895523","4826.417910447762","29.999999999999865","47.67661691542288","100","956.8009950248756","4784.004975124378","29.999999999999865","56.65174129353234","100","940.4527363184079","4702.26368159204","29.999999999999865","65.54726368159204","100","940.4527363184079","4702.26368159204","29.999999999999865","75.02487562189054","100","919.9154228855722","4599.577114427861","29.999999999999865","83.39800995024876","100","913.1343283582089","4565.671641791045","29.999999999999865","90.6318407960199","100","905.457711442786","4527.28855721393","29.999999999999865","103.44776119402985","100","890.6019900497513","4453.0099502487565","29.999999999999865","108.20398009950249","100","885.0049751243781","4425.024875621891","29.999999999999865","119.00995024875621","100","874.1990049751244","4370.995024875622","29.999999999999865","127.60199004975124","100","865.8656716417911","4329.328358208955","29.999999999999865","136.8407960199005","100","863.8457711442786","4319.228855721393","29.999999999999865","146.77114427860695","100","842.3532338308457","4211.766169154229","29.999999999999865","157.0099502487562","100","839.4228855721393","4197.114427860696","29.999999999999865","166.87562189054725","100","828.363184079602","4141.81592039801","29.999999999999865","176.44776119402985","100","826.3383084577115","4131.691542288557","29.999999999999865","179.3084577114428","100","814.4825870646766","4072.412935323383","29.999999999999865","192.3084577114428","100","793.7562189054727","3968.781094527363","29.999999999999865","206.29353233830847","100","803.8308457711443","4019.1542288557216","29.999999999999865","202.2537313432836","100","799.6218905472637","3998.1094527363184","29.999999999999865","214.726368159204","100","792.2338308457712","3961.169154228856","29.999999999999865","224.80099502487562"
"[total steps]","15","15","15","15","15","200","200","200","200","200","200","200","200","200","200","200","200","200","200","200","200","200","200","200","200","200","200","200","200","200","200","200","200","200","200","200","200","200","200","200","200","200","200","200","200","200","200","200","200","200","200","200","200","200","200","200","200","200","200","200","200","200","200","200","200","200","200","200","200","200","200","200","200","200","200","200","200","200","200","200","200","200","200","200","200","200","200","200","200","200","200","200","200","200","200","200","200","200","200","200","200","200","200","200","200","200","200","200","200","200","200","200","200","200","200","200","200","200","200","200","200","200","200","200","200","200","200","200","200","200"

"[all run data]","[step]","total-landslides","total-sediment","total-rainfall","total-trees","[step]","total-landslides","total-sediment","total-rainfall","total-trees","[step]","total-landslides","total-sediment","total-rainfall","total-trees","[step]","total-landslides","total-sediment","total-rainfall","total-trees","[step]","total-landslides","total-sediment","total-rainfall","total-trees","[step]","total-landslides","total-sediment","total-rainfall","total-trees","[step]","total-landslides","total-sediment","total-rainfall","total-trees","[step]","total-landslides","total-sediment","total-rainfall","total-trees","[step]","total-landslides","total-sediment","total-rainfall","total-trees","[step]","total-landslides","total-sediment","total-rainfall","total-trees","[step]","total-landslides","total-sediment","total-rainfall","total-trees","[step]","total-landslides","total-sediment","total-rainfall","total-trees","[step]","total-landslides","total-sediment","total-rainfall","total-trees","[step]","total-landslides","total-sediment","total-rainfall","total-trees","[step]","total-landslides","total-sediment","total-rainfall","total-trees","[step]","total-landslides","total-sediment","total-rainfall","total-trees","[step]","total-landslides","total-sediment","total-rainfall","total-trees","[step]","total-landslides","total-sediment","total-rainfall","total-trees","[step]","total-landslides","total-sediment","total-rainfall","total-trees","[step]","total-landslides","total-sediment","total-rainfall","total-trees","[step]","total-landslides","total-sediment","total-rainfall","total-trees","[step]","total-landslides","total-sediment","total-rainfall","total-trees","[step]","total-landslides","total-sediment","total-rainfall","total-trees","[step]","total-landslides","total-sediment","total-rainfall","total-trees","[step]","total-landslides","total-sediment","total-rainfall","total-trees","[step]","total-landslides","total-sediment","total-rainfall","total-trees"
,"0","0","0","0","0","0","0","0","0","10","0","0","0","0","20","0","0","0","0","30","0","0","0","0","40","0","0","0","0","50","0","0","0","0","60","0","0","0","0","70","0","0","0","0","80","0","0","0","0","90","0","0","0","0","100","0","0","0","0","110","0","0","0","0","120","0","0","0","0","130","0","0","0","0","140","0","0","0","0","150","0","0","0","0","160","0","0","0","0","170","0","0","0","0","180","0","0","0","0","190","0","0","0","0","200","0","0","0","0","210","0","0","0","0","220","0","0","0","0","230","0","0","0","0","240","0","0","0","0","250"
,"1","0","0","0.3","0","1","0","0","0.3","10","1","0","0","0.3","20","1","0","0","0.3","30","1","0","0","0.3","40","1","0","0","0.3","50","1","0","0","0.3","60","1","0","0","0.3","70","1","0","0","0.3","80","1","0","0","0.3","90","1","0","0","0.3","100","1","0","0","0.3","110","1","0","0","0.3","120","1","0","0","0.3","130","1","0","0","0.3","140","1","0","0","0.3","150","1","0","0","0.3","160","1","0","0","0.3","170","1","0","0","0.3","180","1","0","0","0.3","190","1","0","0","0.3","200","1","0","0","0.3","210","1","0","0","0.3","220","1","0","0","0.3","230","1","0","0","0.3","240","1","0","0","0.3","250"
,"2","0","0","0.6","0","2","0","0","0.6","10","2","0","0","0.6","20","2","0","0","0.6","30","2","0","0","0.6","40","2","0","0","0.6","50","2","0","0","0.6","60","2","0","0","0.6","70","2","0","0","0.6","80","2","0","0","0.6","90","2","0","0","0.6","100","2","0","0","0.6","110","2","0","0","0.6","120","2","0","0","0.6","130","2","0","0","0.6","140","2","0","0","0.6","150","2","0","0","0.6","160","2","0","0","0.6","170","2","0","0","0.6","180","2","0","0","0.6","190","2","0","0","0.6","200","2","0","0","0.6","210","2","0","0","0.6","220","2","0","0","0.6","230","2","0","0","0.6","240","2","0","0","0.6","250"
,"3","0","0","0.9","0","3","0","0","0.9","10","3","0","0","0.9","20","3","0","0","0.9","30","3","0","0","0.9","40","3","0","0","0.9","50","3","0","0","0.9","60","3","0","0","0.9","70","3","0","0","0.9","80","3","0","0","0.9","90","3","0","0","0.9","100","3","0","0","0.9","110","3","0","0","0.9","120","3","0","0","0.9","130","3","0","0","0.9","140","3","0","0","0.9","150","3","0","0","0.9","160","3","0","0","0.9","170","3","0","0","0.9","180","3","0","0","0.9","190","3","0","0","0.9","200","3","0","0","0.9","210","3","0","0","0.9","220","3","0","0","0.9","230","3","0","0","0.9","240","3","0","0","0.9","250"
,"4","0","0","1.2","0","4","0","0","1.2","10","4","0","0","1.2","20","4","0","0","1.2","30","4","0","0","1.2","40","4","0","0","1.2","50","4","0","0","1.2","60","4","0","0","1.2","70","4","0","0","1.2","80","4","0","0","1.2","90","4","0","0","1.2","100","4","0","0","1.2","110","4","0","0","1.2","120","4","0","0","1.2","130","4","0","0","1.2","140","4","0","0","1.2","150","4","0","0","1.2","160","4","0","0","1.2","170","4","0","0","1.2","180","4","0","0","1.2","190","4","0","0","1.2","200","4","0","0","1.2","210","4","0","0","1.2","220","4","0","0","1.2","230","4","0","0","1.2","240","4","0","0","1.2","250"
,"5","0","0","1.4999999999999998","0","5","0","0","1.4999999999999998","10","5","0","0","1.4999999999999998","20","5","0","0","1.4999999999999998","30","5","0","0","1.4999999999999998","40","5","0","0","1.4999999999999998","50","5","0","0","1.4999999999999998","60","5","0","0","1.4999999999999998","70","5","0","0","1.4999999999999998","80","5","0","0","1.4999999999999998","90","5","0","0","1.4999999999999998","100","5","0","0","1.4999999999999998","110","5","0","0","1.4999999999999998","120","5","0","0","1.4999999999999998","130","5","0","0","1.4999999999999998","140","5","0","0","1.4999999999999998","150","5","0","0","1.4999999999999998","160","5","0","0","1.4999999999999998","170","5","0","0","1.4999999999999998","180","5","0","0","1.4999999999999998","190","5","0","0","1.4999999999999998","200","5","0","0","1.4999999999999998","210","5","0","0","1.4999999999999998","220","5","0","0","1.4999999999999998","230","5","0","0","1.4999999999999998","240","5","0","0","1.4999999999999998","250"
,"6","0","0","1.7999999999999996","0","6","0","0","1.7999999999999996","10","6","0","0","1.7999999999999996","20","6","0","0","1.7999999999999996","30","6","0","0","1.7999999999999996","40","6","0","0","1.7999999999999996","50","6","0","0","1.7999999999999996","60","6","0","0","1.7999999999999996","70","6","0","0","1.7999999999999996","80","6","0","0","1.7999999999999996","90","6","0","0","1.7999999999999996","100","6","0","0","1.7999999999999996","110","6","0","0","1.7999999999999996","120","6","0","0","1.7999999999999996","130","6","0","0","1.7999999999999996","140","6","0","0","1.7999999999999996","150","6","0","0","1.7999999999999996","160","6","0","0","1.7999999999999996","170","6","0","0","1.7999999999999996","180","6","0","0","1.7999999999999996","190","6","0","0","1.7999999999999996","200","6","0","0","1.7999999999999996","210","6","0","0","1.7999999999999996","220","6","0","0","1.7999999999999996","230","6","0","0","1.7999999999999996","240","6","0","0","1.7999999999999996","250"
,"7","0","0","2.0999999999999996","0","7","0","0","2.0999999999999996","10","7","0","0","2.0999999999999996","20","7","0","0","2.0999999999999996","30","7","0","0","2.0999999999999996","40","7","0","0","2.0999999999999996","50","7","0","0","2.0999999999999996","60","7","0","0","2.0999999999999996","70","7","0","0","2.0999999999999996","80","7","0","0","2.0999999999999996","90","7","0","0","2.0999999999999996","100","7","0","0","2.0999999999999996","110","7","0","0","2.0999999999999996","120","7","0","0","2.0999999999999996","130","7","0","0","2.0999999999999996","140","7","0","0","2.0999999999999996","150","7","0","0","2.0999999999999996","160","7","0","0","2.0999999999999996","170","7","0","0","2.0999999999999996","180","7","0","0","2.0999999999999996","190","7","0","0","2.0999999999999996","200","7","0","0","2.0999999999999996","210","7","0","0","2.0999999999999996","220","7","0","0","2.0999999999999996","230","7","0","0","2.0999999999999996","240","7","0","0","2.0999999999999996","250"
,"8","0","0","2.3999999999999995","0","8","0","0","2.3999999999999995","10","8","0","0","2.3999999999999995","20","8","0","0","2.3999999999999995","30","8","0","0","2.3999999999999995","40","8","0","0","2.3999999999999995","50","8","0","0","2.3999999999999995","60","8","0","0","2.3999999999999995","70","8","0","0","2.3999999999999995","80","8","0","0","2.3999999999999995","90","8","0","0","2.3999999999999995","100","8","0","0","2.3999999999999995","110","8","0","0","2.3999999999999995","120","8","0","0","2.3999999999999995","130","8","0","0","2.3999999999999995","140","8","0","0","2.3999999999999995","150","8","0","0","2.3999999999999995","160","8","0","0","2.3999999999999995","170","8","0","0","2.3999999999999995","180","8","0","0","2.3999999999999995","190","8","0","0","2.3999999999999995","200","8","0","0","2.3999999999999995","210","8","0","0","2.3999999999999995","220","8","0","0","2.3999999999999995","230","8","0","0","2.3999999999999995","240","8","0","0","2.3999999999999995","250"
,"9","0","0","2.6999999999999993","0","9","0","0","2.6999999999999993","10","9","0","0","2.6999999999999993","20","9","0","0","2.6999999999999993","30","9","0","0","2.6999999999999993","40","9","0","0","2.6999999999999993","50","9","0","0","2.6999999999999993","60","9","0","0","2.6999999999999993","70","9","0","0","2.6999999999999993","80","9","0","0","2.6999999999999993","90","9","0","0","2.6999999999999993","100","9","0","0","2.6999999999999993","110","9","0","0","2.6999999999999993","120","9","0","0","2.6999999999999993","130","9","0","0","2.6999999999999993","140","9","0","0","2.6999999999999993","150","9","0","0","2.6999999999999993","160","9","0","0","2.6999999999999993","170","9","0","0","2.6999999999999993","180","9","0","0","2.6999999999999993","190","9","0","0","2.6999999999999993","200","9","0","0","2.6999999999999993","210","9","0","0","2.6999999999999993","220","9","0","0","2.6999999999999993","230","9","0","0","2.6999999999999993","240","9","0","0","2.6999999999999993","250"
,"10","0","0","2.999999999999999","0","10","0","0","2.999999999999999","10","10","0","0","2.999999999999999","20","10","0","0","2.999999999999999","30","10","0","0","2.999999999999999","40","10","0","0","2.999999999999999","50","10","0","0","2.999999999999999","60","10","0","0","2.999999999999999","70","10","0","0","2.999999999999999","80","10","0","0","2.999999999999999","90","10","0","0","2.999999999999999","100","10","0","0","2.999999999999999","110","10","0","0","2.999999999999999","120","10","0","0","2.999999999999999","130","10","0","0","2.999999999999999","140","10","0","0","2.999999999999999","150","10","0","0","2.999999999999999","160","10","0","0","2.999999999999999","170","10","0","0","2.999999999999999","180","10","0","0","2.999999999999999","190","10","0","0","2.999999999999999","200","10","0","0","2.999999999999999","210","10","0","0","2.999999999999999","220","10","0","0","2.999999999999999","230","10","0","0","2.999999999999999","240","10","0","0","2.999999999999999","250"
,"11","0","0","3.299999999999999","0","11","0","0","3.299999999999999","10","11","0","0","3.299999999999999","20","11","0","0","3.299999999999999","30","11","0","0","3.299999999999999","40","11","0","0","3.299999999999999","50","11","0","0","3.299999999999999","60","11","0","0","3.299999999999999","70","11","0","0","3.299999999999999","80","11","0","0","3.299999999999999","90","11","0","0","3.299999999999999","100","11","0","0","3.299999999999999","110","11","0","0","3.299999999999999","120","11","0","0","3.299999999999999","130","11","0","0","3.299999999999999","140","11","0","0","3.299999999999999","150","11","0","0","3.299999999999999","160","11","0","0","3.299999999999999","170","11","0","0","3.299999999999999","180","11","0","0","3.299999999999999","190","11","0","0","3.299999999999999","200","11","0","0","3.299999999999999","210","11","0","0","3.299999999999999","220","11","0","0","3.299999999999999","230","11","0","0","3.299999999999999","240","11","0","0","3.299999999999999","250"
,"12","694","3470","3.5999999999999988","0","12","693","3465","3.5999999999999988","9","12","713","3565","3.5999999999999988","19","12","663","3315","3.5999999999999988","30","12","670","3350","3.5999999999999988","40","12","680","3400","3.5999999999999988","50","12","658","3290","3.5999999999999988","60","12","636","3180","3.5999999999999988","69","12","643","3215","3.5999999999999988","78","12","642","3210","3.5999999999999988","89","12","616","3080","3.5999999999999988","100","12","609","3045","3.5999999999999988","109","12","603","3015","3.5999999999999988","120","12","601","3005","3.5999999999999988","128","12","572","2860","3.5999999999999988","140","12","563","2815","3.5999999999999988","150","12","600","3000","3.5999999999999988","159","12","592","2960","3.5999999999999988","170","12","575","2875","3.5999999999999988","176","12","543","2715","3.5999999999999988","190","12","559","2795","3.5999999999999988","198","12","554","2770","3.5999999999999988","209","12","542","2710","3.5999999999999988","220","12","515","2575","3.5999999999999988","228","12","518","2590","3.5999999999999988","239","12","513","2565","3.5999999999999988","249"
,"13","996","4980","3.8999999999999986","0","13","1002","5010","3.8999999999999986","9","13","986","4930","3.8999999999999986","18","13","960","4800","3.8999999999999986","30","13","956","4780","3.8999999999999986","40","13","933","4665","3.8999999999999986","50","13","912","4560","3.8999999999999986","60","13","889","4445","3.8999999999999986","69","13","904","4520","3.8999999999999986","78","13","880","4400","3.8999999999999986","89","13","855","4275","3.8999999999999986","99","13","836","4180","3.8999999999999986","108","13","822","4110","3.8999999999999986","120","13","831","4155","3.8999999999999986","128","13","798","3990","3.8999999999999986","139","13","775","3875","3.8999999999999986","148","13","792","3960","3.8999999999999986","158","13","775","3875","3.8999999999999986","170","13","754","3770","3.8999999999999986","176","13","746","3730","3.8999999999999986","190","13","756","3780","3.8999999999999986","196","13","745","3725","3.8999999999999986","209","13","715","3575","3.8999999999999986","220","13","700","3500","3.8999999999999986","227","13","702","3510","3.8999999999999986","237","13","692","3460","3.8999999999999986","249"
,"14","1072","5360","4.199999999999999","0","14","1068","5340","4.199999999999999","9","14","1047","5235","4.199999999999999","18","14","1029","5145","4.199999999999999","30","14","1017","5085","4.199999999999999","40","14","984","4920","4.199999999999999","50","14","971","4855","4.199999999999999","60","14","948","4740","4.199999999999999","69","14","962","4810","4.199999999999999","78","14","925","4625","4.199999999999999","89","14","919","4595","4.199999999999999","98","14","890","4450","4.199999999999999","108","14","868","4340","4.199999999999999","118","14","884","4420","4.199999999999999","128","14","855","4275","4.199999999999999","137","14","829","4145","4.199999999999999","148","14","834","4170","4.199999999999999","158","14","808","4040","4.199999999999999","170","14","803","4015","4.199999999999999","176","14","792","3960","4.199999999999999","190","14","790","3950","4.199999999999999","196","14","778","3890","4.199999999999999","209","14","744","3720","4.199999999999999","220","14","729","3645","4.199999999999999","226","14","746","3730","4.199999999999999","236","14","728","3640","4.199999999999999","248"
,"15","1088","5440","4.5","0","15","1076","5380","4.5","9","15","1061","5305","4.5","18","15","1040","5200","4.5","30","15","1027","5135","4.5","40","15","995","4975","4.5","50","15","985","4925","4.5","60","15","963","4815","4.5","69","15","973","4865","4.5","78","15","936","4680","4.5","89","15","927","4635","4.5","98","15","904","4520","4.5","108","15","878","4390","4.5","118","15","891","4455","4.5","128","15","876","4380","4.5","136","15","838","4190","4.5","148","15","841","4205","4.5","157","15","822","4110","4.5","170","15","813","4065","4.5","175","15","800","4000","4.5","190","15","797","3985","4.5","195","15","785","3925","4.5","209","15","746","3730","4.5","220","15","734","3670","4.5","226","15","755","3775","4.5","236","15","739","3695","4.5","247"
,,,,,,"16","1076","5380","4.800000000000001","9","16","1061","5305","4.800000000000001","18","16","1042","5210","4.800000000000001","30","16","1028","5140","4.800000000000001","40","16","997","4985","4.800000000000001","50","16","986","4930","4.800000000000001","60","16","966","4830","4.800000000000001","69","16","975","4875","4.800000000000001","78","16","938","4690","4.800000000000001","89","16","930","4650","4.800000000000001","98","16","909","4545","4.800000000000001","108","16","881","4405","4.800000000000001","118","16","893","4465","4.800000000000001","128","16","877","4385","4.800000000000001","136","16","840","4200","4.800000000000001","148","16","843","4215","4.800000000000001","157","16","825","4125","4.800000000000001","170","16","817","4085","4.800000000000001","175","16","805","4025","4.800000000000001","190","16","798","3990","4.800000000000001","195","16","787","3935","4.800000000000001","209","16","752","3760","4.800000000000001","220","16","737","3685","4.800000000000001","226","16","759","3795","4.800000000000001","236","16","740","3700","4.800000000000001","247"
,,,,,,"17","1076","5380","5.100000000000001","9","17","1062","5310","5.100000000000001","18","17","1043","5215","5.100000000000001","30","17","1028","5140","5.100000000000001","40","17","998","4990","5.100000000000001","50","17","986","4930","5.100000000000001","60","17","968","4840","5.100000000000001","69","17","977","4885","5.100000000000001","78","17","940","4700","5.100000000000001","89","17","930","4650","5.100000000000001","98","17","909","4545","5.100000000000001","108","17","881","4405","5.100000000000001","118","17","893","4465","5.100000000000001","128","17","878","4390","5.100000000000001","136","17","842","4210","5.100000000000001","148","17","847","4235","5.100000000000001","157","17","825","4125","5.100000000000001","170","17","818","4090","5.100000000000001","175","17","807","4035","5.100000000000001","190","17","799","3995","5.100000000000001","194","17","790","3950","5.100000000000001","208","17","754","3770","5.100000000000001","220","17","742","3710","5.100000000000001","225","17","761","3805","5.100000000000001","236","17","742","3710","5.100000000000001","246"
,,,,,,"18","1076","5380","5.400000000000002","9","18","1062","5310","5.400000000000002","18","18","1043","5215","5.400000000000002","30","18","1028","5140","5.400000000000002","40","18","999","4995","5.400000000000002","50","18","986","4930","5.400000000000002","60","18","969","4845","5.400000000000002","69","18","977","4885","5.400000000000002","78","18","941","4705","5.400000000000002","89","18","930","4650","5.400000000000002","98","18","910","4550","5.400000000000002","108","18","881","4405","5.400000000000002","118","18","895","4475","5.400000000000002","128","18","878","4390","5.400000000000002","136","18","843","4215","5.400000000000002","148","18","849","4245","5.400000000000002","156","18","828","4140","5.400000000000002","170","18","818","4090","5.400000000000002","175","18","810","4050","5.400000000000002","190","18","801","4005","5.400000000000002","194","18","791","3955","5.400000000000002","208","18","755","3775","5.400000000000002","220","18","746","3730","5.400000000000002","225","18","762","3810","5.400000000000002","235","18","745","3725","5.400000000000002","245"
,,,,,,"19","1076","5380","5.700000000000003","9","19","1062","5310","5.700000000000003","18","19","1043","5215","5.700000000000003","30","19","1028","5140","5.700000000000003","40","19","1000","5000","5.700000000000003","50","19","986","4930","5.700000000000003","60","19","969","4845","5.700000000000003","69","19","977","4885","5.700000000000003","78","19","942","4710","5.700000000000003","89","19","932","4660","5.700000000000003","98","19","911","4555","5.700000000000003","108","19","881","4405","5.700000000000003","118","19","896","4480","5.700000000000003","128","19","879","4395","5.700000000000003","136","19","844","4220","5.700000000000003","148","19","850","4250","5.700000000000003","156","19","828","4140","5.700000000000003","170","19","818","4090","5.700000000000003","175","19","811","4055","5.700000000000003","190","19","806","4030","5.700000000000003","192","19","795","3975","5.700000000000003","207","19","760","3800","5.700000000000003","219","19","750","3750","5.700000000000003","224","19","762","3810","5.700000000000003","235","19","750","3750","5.700000000000003","244"
,,,,,,"20","1076","5380","6.0000000000000036","9","20","1062","5310","6.0000000000000036","18","20","1043","5215","6.0000000000000036","30","20","1028","5140","6.0000000000000036","40","20","1000","5000","6.0000000000000036","50","20","986","4930","6.0000000000000036","60","20","969","4845","6.0000000000000036","69","20","977","4885","6.0000000000000036","78","20","943","4715","6.0000000000000036","89","20","934","4670","6.0000000000000036","98","20","912","4560","6.0000000000000036","108","20","884","4420","6.0000000000000036","117","20","897","4485","6.0000000000000036","128","20","881","4405","6.0000000000000036","136","20","847","4235","6.0000000000000036","147","20","851","4255","6.0000000000000036","156","20","829","4145","6.0000000000000036","170","20","819","4095","6.0000000000000036","175","20","812","4060","6.0000000000000036","189","20","812","4060","6.0000000000000036","192","20","796","3980","6.0000000000000036","207","20","761","3805","6.0000000000000036","219","20","753","3765","6.0000000000000036","223","20","763","3815","6.0000000000000036","235","20","751","3755","6.0000000000000036","244"
,,,,,,"21","1076","5380","6.300000000000004","9","21","1062","5310","6.300000000000004","18","21","1043","5215","6.300000000000004","30","21","1028","5140","6.300000000000004","40","21","1000","5000","6.300000000000004","50","21","986","4930","6.300000000000004","60","21","971","4855","6.300000000000004","69","21","977","4885","6.300000000000004","78","21","944","4720","6.300000000000004","89","21","939","4695","6.300000000000004","97","21","916","4580","6.300000000000004","108","21","884","4420","6.300000000000004","117","21","898","4490","6.300000000000004","128","21","885","4425","6.300000000000004","135","21","851","4255","6.300000000000004","146","21","851","4255","6.300000000000004","156","21","831","4155","6.300000000000004","169","21","822","4110","6.300000000000004","175","21","812","4060","6.300000000000004","189","21","812","4060","6.300000000000004","192","21","797","3985","6.300000000000004","207","21","762","3810","6.300000000000004","219","21","754","3770","6.300000000000004","223","21","764","3820","6.300000000000004","234","21","755","3775","6.300000000000004","244"
,,,,,,"22","1076","5380","6.600000000000005","9","22","1062","5310","6.600000000000005","18","22","1043","5215","6.600000000000005","30","22","1028","5140","6.600000000000005","40","22","1002","5010","6.600000000000005","50","22","986","4930","6.600000000000005","60","22","971","4855","6.600000000000005","69","22","978","4890","6.600000000000005","78","22","945","4725","6.600000000000005","89","22","940","4700","6.600000000000005","97","22","916","4580","6.600000000000005","108","22","887","4435","6.600000000000005","117","22","898","4490","6.600000000000005","128","22","886","4430","6.600000000000005","135","22","853","4265","6.600000000000005","146","22","852","4260","6.600000000000005","155","22","831","4155","6.600000000000005","169","22","825","4125","6.600000000000005","174","22","812","4060","6.600000000000005","189","22","813","4065","6.600000000000005","191","22","799","3995","6.600000000000005","207","22","762","3810","6.600000000000005","219","22","759","3795","6.600000000000005","221","22","768","3840","6.600000000000005","234","22","755","3775","6.600000000000005","244"
,,,,,,"23","1076","5380","6.900000000000006","9","23","1062","5310","6.900000000000006","18","23","1044","5220","6.900000000000006","30","23","1028","5140","6.900000000000006","40","23","1002","5010","6.900000000000006","50","23","986","4930","6.900000000000006","60","23","971","4855","6.900000000000006","69","23","980","4900","6.900000000000006","78","23","945","4725","6.900000000000006","89","23","943","4715","6.900000000000006","96","23","916","4580","6.900000000000006","108","23","889","4445","6.900000000000006","116","23","898","4490","6.900000000000006","128","23","886","4430","6.900000000000006","135","23","857","4285","6.900000000000006","145","23","855","4275","6.900000000000006","155","23","834","4170","6.900000000000006","168","23","828","4140","6.900000000000006","174","23","816","4080","6.900000000000006","188","23","813","4065","6.900000000000006","191","23","801","4005","6.900000000000006","207","23","763","3815","6.900000000000006","219","23","760","3800","6.900000000000006","221","23","769","3845","6.900000000000006","234","23","757","3785","6.900000000000006","244"
,,,,,,"24","1076","5380","7.200000000000006","9","24","1062","5310","7.200000000000006","18","24","1045","5225","7.200000000000006","30","24","1028","5140","7.200000000000006","40","24","1002","5010","7.200000000000006","50","24","986","4930","7.200000000000006","60","24","971","4855","7.200000000000006","69","24","980","4900","7.200000000000006","78","24","945","4725","7.200000000000006","89","24","944","4720","7.200000000000006","96","24","916","4580","7.200000000000006","108","24","891","4455","7.200000000000006","115","24","898","4490","7.200000000000006","128","24","886","4430","7.200000000000006","135","24","859","4295","7.200000000000006","145","24","856","4280","7.200000000000006","155","24","836","4180","7.200000000000006","168","24","828","4140","7.200000000000006","174","24","816","4080","7.200000000000006","188","24","816","4080","7.200000000000006","191","24","802","4010","7.200000000000006","206","24","766","3830","7.200000000000006","218","24","760","3800","7.200000000000006","221","24","769","3845","7.200000000000006","234","24","758","3790","7.200000000000006","244"
,,,,,,"25","1076","5380","7.500000000000007","9","25","1062","5310","7.500000000000007","18","25","1046","5230","7.500000000000007","30","25","1028","5140","7.500000000000007","40","25","1002","5010","7.500000000000007","50","25","987","4935","7.500000000000007","60","25","971","4855","7.500000000000007","69","25","980","4900","7.500000000000007","78","25","945","4725","7.500000000000007","89","25","944","4720","7.500000000000007","96","25","918","4590","7.500000000000007","108","25","892","4460","7.500000000000007","115","25","898","4490","7.500000000000007","128","25","886","4430","7.500000000000007","135","25","859","4295","7.500000000000007","145","25","856","4280","7.500000000000007","155","25","836","4180","7.500000000000007","168","25","831","4155","7.500000000000007","174","25","816","4080","7.500000000000007","188","25","816","4080","7.500000000000007","191","25","803","4015","7.500000000000007","206","25","767","3835","7.500000000000007","218","25","762","3810","7.500000000000007","221","25","771","3855","7.500000000000007","234","25","760","3800","7.500000000000007","244"
,,,,,,"26","1076","5380","7.800000000000008","9","26","1062","5310","7.800000000000008","18","26","1046","5230","7.800000000000008","30","26","1028","5140","7.800000000000008","40","26","1002","5010","7.800000000000008","50","26","987","4935","7.800000000000008","60","26","971","4855","7.800000000000008","69","26","980","4900","7.800000000000008","78","26","945","4725","7.800000000000008","89","26","945","4725","7.800000000000008","96","26","920","4600","7.800000000000008","108","26","896","4480","7.800000000000008","114","26","898","4490","7.800000000000008","128","26","886","4430","7.800000000000008","135","26","860","4300","7.800000000000008","145","26","856","4280","7.800000000000008","155","26","836","4180","7.800000000000008","168","26","831","4155","7.800000000000008","174","26","817","4085","7.800000000000008","188","26","820","4100","7.800000000000008","191","26","804","4020","7.800000000000008","206","26","768","3840","7.800000000000008","218","26","762","3810","7.800000000000008","221","26","772","3860","7.800000000000008","234","26","762","3810","7.800000000000008","243"
,,,,,,"27","1076","5380","8.100000000000009","9","27","1062","5310","8.100000000000009","18","27","1047","5235","8.100000000000009","30","27","1030","5150","8.100000000000009","40","27","1002","5010","8.100000000000009","50","27","987","4935","8.100000000000009","60","27","971","4855","8.100000000000009","69","27","980","4900","8.100000000000009","78","27","945","4725","8.100000000000009","89","27","945","4725","8.100000000000009","96","27","922","4610","8.100000000000009","108","27","898","4490","8.100000000000009","114","27","898","4490","8.100000000000009","128","27","888","4440","8.100000000000009","135","27","863","4315","8.100000000000009","145","27","858","4290","8.100000000000009","155","27","838","4190","8.100000000000009","168","27","831","4155","8.100000000000009","174","27","819","4095","8.100000000000009","188","27","820","4100","8.100000000000009","191","27","808","4040","8.100000000000009","206","27","772","3860","8.100000000000009","218","27","764","3820","8.100000000000009","220","27","773","3865","8.100000000000009","234","27","763","3815","8.100000000000009","243"
,,,,,,"28","1076","5380","8.40000000000001","9","28","1062","5310","8.40000000000001","18","28","1047","5235","8.40000000000001","30","28","1030","5150","8.40000000000001","40","28","1003","5015","8.40000000000001","50","28","988","4940","8.40000000000001","60","28","972","4860","8.40000000000001","69","28","980","4900","8.40000000000001","78","28","945","4725","8.40000000000001","89","28","945","4725","8.40000000000001","96","28","927","4635","8.40000000000001","108","28","898","4490","8.40000000000001","114","28","901","4505","8.40000000000001","127","28","889","4445","8.40000000000001","134","28","864","4320","8.40000000000001","145","28","863","4315","8.40000000000001","155","28","840","4200","8.40000000000001","167","28","832","4160","8.40000000000001","174","28","820","4100","8.40000000000001","188","28","820","4100","8.40000000000001","191","28","808","4040","8.40000000000001","206","28","774","3870","8.40000000000001","218","28","765","3825","8.40000000000001","220","28","773","3865","8.40000000000001","234","28","764","3820","8.40000000000001","243"
,,,,,,"29","1076","5380","8.70000000000001","9","29","1062","5310","8.70000000000001","18","29","1047","5235","8.70000000000001","30","29","1030","5150","8.70000000000001","40","29","1003","5015","8.70000000000001","50","29","989","4945","8.70000000000001","60","29","972","4860","8.70000000000001","69","29","980","4900","8.70000000000001","78","29","946","4730","8.70000000000001","89","29","945","4725","8.70000000000001","96","29","927","4635","8.70000000000001","108","29","899","4495","8.70000000000001","114","29","904","4520","8.70000000000001","127","29","889","4445","8.70000000000001","134","29","864","4320","8.70000000000001","145","29","865","4325","8.70000000000001","155","29","843","4215","8.70000000000001","166","29","832","4160","8.70000000000001","174","29","822","4110","8.70000000000001","188","29","823","4115","8.70000000000001","191","29","809","4045","8.70000000000001","205","29","774","3870","8.70000000000001","218","29","766","3830","8.70000000000001","220","29","777","3885","8.70000000000001","233","29","765","3825","8.70000000000001","243"
,,,,,,"30","1076","5380","9.00000000000001","9","30","1062","5310","9.00000000000001","18","30","1047","5235","9.00000000000001","30","30","1030","5150","9.00000000000001","40","30","1003","5015","9.00000000000001","50","30","990","4950","9.00000000000001","60","30","973","4865","9.00000000000001","69","30","980","4900","9.00000000000001","78","30","947","4735","9.00000000000001","89","30","945","4725","9.00000000000001","96","30","927","4635","9.00000000000001","108","30","901","4505","9.00000000000001","114","30","905","4525","9.00000000000001","127","30","891","4455","9.00000000000001","134","30","867","4335","9.00000000000001","144","30","869","4345","9.00000000000001","155","30","843","4215","9.00000000000001","166","30","832","4160","9.00000000000001","174","30","823","4115","9.00000000000001","188","30","825","4125","9.00000000000001","191","30","811","4055","9.00000000000001","205","30","776","3880","9.00000000000001","217","30","769","3845","9.00000000000001","219","30","779","3895","9.00000000000001","233","30","765","3825","9.00000000000001","243"
,,,,,,"31","1076","5380","9.300000000000011","9","31","1062","5310","9.300000000000011","18","31","1047","5235","9.300000000000011","30","31","1030","5150","9.300000000000011","40","31","1004","5020","9.300000000000011","50","31","990","4950","9.300000000000011","60","31","974","4870","9.300000000000011","69","31","980","4900","9.300000000000011","78","31","947","4735","9.300000000000011","89","31","945","4725","9.300000000000011","96","31","930","4650","9.300000000000011","108","31","902","4510","9.300000000000011","114","31","907","4535","9.300000000000011","127","31","891","4455","9.300000000000011","134","31","871","4355","9.300000000000011","144","31","869","4345","9.300000000000011","155","31","843","4215","9.300000000000011","166","31","834","4170","9.300000000000011","174","31","825","4125","9.300000000000011","188","31","826","4130","9.300000000000011","191","31","811","4055","9.300000000000011","205","31","777","3885","9.300000000000011","217","31","770","3850","9.300000000000011","219","31","779","3895","9.300000000000011","233","31","765","3825","9.300000000000011","243"
,,,,,,"32","1076","5380","9.600000000000012","9","32","1062","5310","9.600000000000012","18","32","1047","5235","9.600000000000012","30","32","1030","5150","9.600000000000012","40","32","1005","5025","9.600000000000012","50","32","991","4955","9.600000000000012","60","32","976","4880","9.600000000000012","69","32","980","4900","9.600000000000012","78","32","948","4740","9.600000000000012","89","32","945","4725","9.600000000000012","96","32","930","4650","9.600000000000012","108","32","907","4535","9.600000000000012","114","32","907","4535","9.600000000000012","127","32","891","4455","9.600000000000012","134","32","876","4380","9.600000000000012","143","32","869","4345","9.600000000000012","155","32","843","4215","9.600000000000012","166","32","834","4170","9.600000000000012","174","32","827","4135","9.600000000000012","188","32","827","4135","9.600000000000012","191","32","812","4060","9.600000000000012","204","32","779","3895","9.600000000000012","217","32","770","3850","9.600000000000012","219","32","780","3900","9.600000000000012","232","32","765","3825","9.600000000000012","243"
,,,,,,"33","1076","5380","9.900000000000013","9","33","1062","5310","9.900000000000013","18","33","1047","5235","9.900000000000013","30","33","1030","5150","9.900000000000013","40","33","1006","5030","9.900000000000013","50","33","992","4960","9.900000000000013","60","33","977","4885","9.900000000000013","69","33","980","4900","9.900000000000013","78","33","949","4745","9.900000000000013","89","33","945","4725","9.900000000000013","96","33","930","4650","9.900000000000013","108","33","910","4550","9.900000000000013","114","33","907","4535","9.900000000000013","127","33","892","4460","9.900000000000013","134","33","877","4385","9.900000000000013","143","33","871","4355","9.900000000000013","155","33","843","4215","9.900000000000013","166","33","835","4175","9.900000000000013","174","33","829","4145","9.900000000000013","188","33","827","4135","9.900000000000013","191","33","812","4060","9.900000000000013","204","33","782","3910","9.900000000000013","217","33","772","3860","9.900000000000013","218","33","782","3910","9.900000000000013","232","33","769","3845","9.900000000000013","242"
,,,,,,"34","1076","5380","10.200000000000014","9","34","1062","5310","10.200000000000014","18","34","1047","5235","10.200000000000014","30","34","1030","5150","10.200000000000014","40","34","1007","5035","10.200000000000014","50","34","993","4965","10.200000000000014","60","34","977","4885","10.200000000000014","69","34","980","4900","10.200000000000014","78","34","949","4745","10.200000000000014","89","34","945","4725","10.200000000000014","96","34","930","4650","10.200000000000014","108","34","910","4550","10.200000000000014","114","34","907","4535","10.200000000000014","127","34","894","4470","10.200000000000014","134","34","877","4385","10.200000000000014","143","34","874","4370","10.200000000000014","155","34","844","4220","10.200000000000014","166","34","835","4175","10.200000000000014","174","34","832","4160","10.200000000000014","188","34","827","4135","10.200000000000014","191","34","812","4060","10.200000000000014","204","34","783","3915","10.200000000000014","217","34","775","3875","10.200000000000014","217","34","785","3925","10.200000000000014","232","34","771","3855","10.200000000000014","242"
,,,,,,"35","1076","5380","10.500000000000014","9","35","1062","5310","10.500000000000014","18","35","1047","5235","10.500000000000014","30","35","1030","5150","10.500000000000014","40","35","1007","5035","10.500000000000014","50","35","993","4965","10.500000000000014","60","35","977","4885","10.500000000000014","69","35","980","4900","10.500000000000014","78","35","949","4745","10.500000000000014","89","35","945","4725","10.500000000000014","96","35","931","4655","10.500000000000014","108","35","910","4550","10.500000000000014","114","35","907","4535","10.500000000000014","127","35","894","4470","10.500000000000014","134","35","878","4390","10.500000000000014","143","35","874","4370","10.500000000000014","155","35","844","4220","10.500000000000014","166","35","836","4180","10.500000000000014","174","35","832","4160","10.500000000000014","188","35","827","4135","10.500000000000014","191","35","814","4070","10.500000000000014","204","35","784","3920","10.500000000000014","217","35","775","3875","10.500000000000014","217","35","788","3940","10.500000000000014","232","35","773","3865","10.500000000000014","242"
,,,,,,"36","1076","5380","10.800000000000015","9","36","1062","5310","10.800000000000015","18","36","1047","5235","10.800000000000015","30","36","1030","5150","10.800000000000015","40","36","1008","5040","10.800000000000015","50","36","993","4965","10.800000000000015","60","36","977","4885","10.800000000000015","69","36","980","4900","10.800000000000015","78","36","949","4745","10.800000000000015","89","36","945","4725","10.800000000000015","96","36","931","4655","10.800000000000015","108","36","911","4555","10.800000000000015","114","36","907","4535","10.800000000000015","127","36","896","4480","10.800000000000015","134","36","879","4395","10.800000000000015","143","36","874","4370","10.800000000000015","155","36","844","4220","10.800000000000015","166","36","837","4185","10.800000000000015","174","36","832","4160","10.800000000000015","188","36","827","4135","10.800000000000015","191","36","815","4075","10.800000000000015","204","36","786","3930","10.800000000000015","217","36","778","3890","10.800000000000015","216","36","790","3950","10.800000000000015","232","36","775","3875","10.800000000000015","242"
,,,,,,"37","1076","5380","11.100000000000016","9","37","1062","5310","11.100000000000016","18","37","1047","5235","11.100000000000016","30","37","1030","5150","11.100000000000016","40","37","1010","5050","11.100000000000016","49","37","993","4965","11.100000000000016","60","37","977","4885","11.100000000000016","69","37","980","4900","11.100000000000016","78","37","949","4745","11.100000000000016","89","37","945","4725","11.100000000000016","96","37","933","4665","11.100000000000016","108","37","912","4560","11.100000000000016","114","37","907","4535","11.100000000000016","127","37","897","4485","11.100000000000016","133","37","879","4395","11.100000000000016","143","37","874","4370","11.100000000000016","155","37","844","4220","11.100000000000016","166","37","839","4195","11.100000000000016","174","37","833","4165","11.100000000000016","188","37","827","4135","11.100000000000016","191","37","817","4085","11.100000000000016","204","37","787","3935","11.100000000000016","217","37","784","3920","11.100000000000016","216","37","791","3955","11.100000000000016","232","37","775","3875","11.100000000000016","242"
,,,,,,"38","1076","5380","11.400000000000016","9","38","1062","5310","11.400000000000016","18","38","1047","5235","11.400000000000016","30","38","1030","5150","11.400000000000016","40","38","1011","5055","11.400000000000016","49","38","993","4965","11.400000000000016","60","38","977","4885","11.400000000000016","69","38","980","4900","11.400000000000016","78","38","949","4745","11.400000000000016","89","38","945","4725","11.400000000000016","96","38","934","4670","11.400000000000016","108","38","912","4560","11.400000000000016","114","38","908","4540","11.400000000000016","127","38","897","4485","11.400000000000016","133","38","880","4400","11.400000000000016","143","38","874","4370","11.400000000000016","155","38","844","4220","11.400000000000016","166","38","839","4195","11.400000000000016","174","38","834","4170","11.400000000000016","188","38","827","4135","11.400000000000016","191","38","819","4095","11.400000000000016","204","38","788","3940","11.400000000000016","217","38","785","3925","11.400000000000016","216","38","792","3960","11.400000000000016","232","38","775","3875","11.400000000000016","242"
,,,,,,"39","1076","5380","11.700000000000017","9","39","1062","5310","11.700000000000017","18","39","1047","5235","11.700000000000017","30","39","1030","5150","11.700000000000017","40","39","1012","5060","11.700000000000017","49","39","996","4980","11.700000000000017","60","39","979","4895","11.700000000000017","69","39","980","4900","11.700000000000017","78","39","949","4745","11.700000000000017","89","39","945","4725","11.700000000000017","96","39","936","4680","11.700000000000017","107","39","912","4560","11.700000000000017","114","39","910","4550","11.700000000000017","127","39","897","4485","11.700000000000017","133","39","881","4405","11.700000000000017","143","39","874","4370","11.700000000000017","155","39","848","4240","11.700000000000017","166","39","840","4200","11.700000000000017","174","39","834","4170","11.700000000000017","188","39","827","4135","11.700000000000017","191","39","820","4100","11.700000000000017","204","39","790","3950","11.700000000000017","216","39","785","3925","11.700000000000017","216","39","792","3960","11.700000000000017","232","39","780","3900","11.700000000000017","241"
,,,,,,"40","1076","5380","12.000000000000018","9","40","1064","5320","12.000000000000018","18","40","1047","5235","12.000000000000018","30","40","1030","5150","12.000000000000018","40","40","1012","5060","12.000000000000018","49","40","996","4980","12.000000000000018","60","40","979","4895","12.000000000000018","69","40","981","4905","12.000000000000018","78","40","950","4750","12.000000000000018","89","40","946","4730","12.000000000000018","96","40","937","4685","12.000000000000018","107","40","916","4580","12.000000000000018","114","40","910","4550","12.000000000000018","127","40","898","4490","12.000000000000018","133","40","884","4420","12.000000000000018","143","40","874","4370","12.000000000000018","155","40","849","4245","12.000000000000018","166","40","841","4205","12.000000000000018","174","40","834","4170","12.000000000000018","188","40","827","4135","12.000000000000018","191","40","820","4100","12.000000000000018","204","40","792","3960","12.000000000000018","216","40","789","3945","12.000000000000018","216","40","795","3975","12.000000000000018","231","40","780","3900","12.000000000000018","241"
,,,,,,"41","1076","5380","12.300000000000018","9","41","1065","5325","12.300000000000018","18","41","1047","5235","12.300000000000018","30","41","1031","5155","12.300000000000018","40","41","1012","5060","12.300000000000018","49","41","997","4985","12.300000000000018","60","41","979","4895","12.300000000000018","69","41","982","4910","12.300000000000018","78","41","950","4750","12.300000000000018","89","41","946","4730","12.300000000000018","96","41","938","4690","12.300000000000018","107","41","917","4585","12.300000000000018","114","41","910","4550","12.300000000000018","127","41","898","4490","12.300000000000018","133","41","886","4430","12.300000000000018","143","41","876","4380","12.300000000000018","155","41","851","4255","12.300000000000018","166","41","843","4215","12.300000000000018","174","41","834","4170","12.300000000000018","188","41","829","4145","12.300000000000018","191","41","821","4105","12.300000000000018","204","41","792","3960","12.300000000000018","216","41","793","3965","12.300000000000018","216","41","796","3980","12.300000000000018","231","41","782","3910","12.300000000000018","241"
,,,,,,"42","1076","5380","12.60000000000002","9","42","1066","5330","12.60000000000002","18","42","1047","5235","12.60000000000002","30","42","1032","5160","12.60000000000002","40","42","1012","5060","12.60000000000002","49","42","997","4985","12.60000000000002","60","42","979","4895","12.60000000000002","69","42","984","4920","12.60000000000002","78","42","951","4755","12.60000000000002","89","42","946","4730","12.60000000000002","96","42","941","4705","12.60000000000002","107","42","917","4585","12.60000000000002","114","42","911","4555","12.60000000000002","127","42","900","4500","12.60000000000002","132","42","886","4430","12.60000000000002","143","42","878","4390","12.60000000000002","155","42","853","4265","12.60000000000002","166","42","845","4225","12.60000000000002","174","42","834","4170","12.60000000000002","188","42","829","4145","12.60000000000002","191","42","822","4110","12.60000000000002","204","42","794","3970","12.60000000000002","216","42","794","3970","12.60000000000002","214","42","798","3990","12.60000000000002","231","42","783","3915","12.60000000000002","241"
,,,,,,"43","1076","5380","12.90000000000002","9","43","1066","5330","12.90000000000002","18","43","1047","5235","12.90000000000002","30","43","1033","5165","12.90000000000002","40","43","1012","5060","12.90000000000002","49","43","997","4985","12.90000000000002","60","43","979","4895","12.90000000000002","69","43","985","4925","12.90000000000002","78","43","951","4755","12.90000000000002","89","43","948","4740","12.90000000000002","96","43","941","4705","12.90000000000002","107","43","919","4595","12.90000000000002","114","43","911","4555","12.90000000000002","127","43","901","4505","12.90000000000002","132","43","886","4430","12.90000000000002","143","43","879","4395","12.90000000000002","155","43","853","4265","12.90000000000002","166","43","846","4230","12.90000000000002","174","43","834","4170","12.90000000000002","188","43","829","4145","12.90000000000002","191","43","825","4125","12.90000000000002","203","43","795","3975","12.90000000000002","216","43","799","3995","12.90000000000002","214","43","799","3995","12.90000000000002","231","43","784","3920","12.90000000000002","241"
,,,,,,"44","1076","5380","13.20000000000002","9","44","1066","5330","13.20000000000002","18","44","1047","5235","13.20000000000002","30","44","1033","5165","13.20000000000002","40","44","1013","5065","13.20000000000002","49","44","997","4985","13.20000000000002","60","44","979","4895","13.20000000000002","69","44","986","4930","13.20000000000002","78","44","951","4755","13.20000000000002","89","44","948","4740","13.20000000000002","96","44","941","4705","13.20000000000002","107","44","920","4600","13.20000000000002","114","44","911","4555","13.20000000000002","127","44","902","4510","13.20000000000002","132","44","886","4430","13.20000000000002","143","44","882","4410","13.20000000000002","155","44","853","4265","13.20000000000002","166","44","848","4240","13.20000000000002","174","44","834","4170","13.20000000000002","188","44","830","4150","13.20000000000002","191","44","825","4125","13.20000000000002","203","44","797","3985","13.20000000000002","216","44","800","4000","13.20000000000002","214","44","799","3995","13.20000000000002","231","44","786","3930","13.20000000000002","241"
,,,,,,"45","1076","5380","13.500000000000021","9","45","1066","5330","13.500000000000021","18","45","1047","5235","13.500000000000021","30","45","1033","5165","13.500000000000021","40","45","1013","5065","13.500000000000021","49","45","997","4985","13.500000000000021","60","45","979","4895","13.500000000000021","69","45","986","4930","13.500000000000021","78","45","953","4765","13.500000000000021","89","45","948","4740","13.500000000000021","96","45","941","4705","13.500000000000021","107","45","920","4600","13.500000000000021","114","45","913","4565","13.500000000000021","127","45","902","4510","13.500000000000021","132","45","886","4430","13.500000000000021","143","45","884","4420","13.500000000000021","155","45","853","4265","13.500000000000021","166","45","848","4240","13.500000000000021","174","45","835","4175","13.500000000000021","188","45","830","4150","13.500000000000021","191","45","825","4125","13.500000000000021","203","45","797","3985","13.500000000000021","216","45","801","4005","13.500000000000021","214","45","799","3995","13.500000000000021","231","45","786","3930","13.500000000000021","241"
,,,,,,"46","1076","5380","13.800000000000022","9","46","1066","5330","13.800000000000022","18","46","1047","5235","13.800000000000022","30","46","1033","5165","13.800000000000022","40","46","1013","5065","13.800000000000022","49","46","997","4985","13.800000000000022","60","46","980","4900","13.800000000000022","69","46","986","4930","13.800000000000022","78","46","953","4765","13.800000000000022","89","46","948","4740","13.800000000000022","96","46","943","4715","13.800000000000022","107","46","920","4600","13.800000000000022","114","46","913","4565","13.800000000000022","127","46","903","4515","13.800000000000022","132","46","888","4440","13.800000000000022","142","46","884","4420","13.800000000000022","155","46","853","4265","13.800000000000022","166","46","849","4245","13.800000000000022","174","46","838","4190","13.800000000000022","188","46","830","4150","13.800000000000022","191","46","826","4130","13.800000000000022","203","46","797","3985","13.800000000000022","216","46","802","4010","13.800000000000022","213","46","799","3995","13.800000000000022","231","46","788","3940","13.800000000000022","241"
,,,,,,"47","1076","5380","14.100000000000023","9","47","1066","5330","14.100000000000023","18","47","1047","5235","14.100000000000023","30","47","1034","5170","14.100000000000023","40","47","1013","5065","14.100000000000023","49","47","999","4995","14.100000000000023","60","47","980","4900","14.100000000000023","69","47","986","4930","14.100000000000023","78","47","953","4765","14.100000000000023","89","47","948","4740","14.100000000000023","96","47","945","4725","14.100000000000023","107","47","920","4600","14.100000000000023","114","47","914","4570","14.100000000000023","127","47","903","4515","14.100000000000023","132","47","890","4450","14.100000000000023","142","47","884","4420","14.100000000000023","155","47","856","4280","14.100000000000023","166","47","849","4245","14.100000000000023","174","47","840","4200","14.100000000000023","186","47","830","4150","14.100000000000023","191","47","828","4140","14.100000000000023","202","47","797","3985","14.100000000000023","216","47","803","4015","14.100000000000023","213","47","802","4010","14.100000000000023","231","47","790","3950","14.100000000000023","240"
,,,,,,"48","1076","5380","14.400000000000023","9","48","1066","5330","14.400000000000023","18","48","1047","5235","14.400000000000023","30","48","1034","5170","14.400000000000023","40","48","1015","5075","14.400000000000023","49","48","1000","5000","14.400000000000023","60","48","980","4900","14.400000000000023","69","48","987","4935","14.400000000000023","78","48","953","4765","14.400000000000023","89","48","948","4740","14.400000000000023","96","48","945","4725","14.400000000000023","107","48","921","4605","14.400000000000023","114","48","914","4570","14.400000000000023","127","48","904","4520","14.400000000000023","132","48","892","4460","14.400000000000023","142","48","885","4425","14.400000000000023","155","48","857","4285","14.400000000000023","166","48","850","4250","14.400000000000023","174","48","843","4215","14.400000000000023","185","48","832","4160","14.400000000000023","189","48","828","4140","14.400000000000023","202","48","800","4000","14.400000000000023","215","48","804","4020","14.400000000000023","213","48","802","4010","14.400000000000023","231","48","792","3960","14.400000000000023","240"
,,,,,,"49","1076","5380","14.700000000000024","9","49","1066","5330","14.700000000000024","18","49","1047","5235","14.700000000000024","30","49","1034","5170","14.700000000000024","40","49","1016","5080","14.700000000000024","49","49","1002","5010","14.700000000000024","60","49","980","4900","14.700000000000024","69","49","990","4950","14.700000000000024","78","49","953","4765","14.700000000000024","89","49","948","4740","14.700000000000024","96","49","945","4725","14.700000000000024","107","49","921","4605","14.700000000000024","114","49","914","4570","14.700000000000024","127","49","904","4520","14.700000000000024","132","49","892","4460","14.700000000000024","142","49","885","4425","14.700000000000024","155","49","857","4285","14.700000000000024","166","49","852","4260","14.700000000000024","174","49","845","4225","14.700000000000024","185","49","835","4175","14.700000000000024","189","49","828","4140","14.700000000000024","202","49","802","4010","14.700000000000024","215","49","805","4025","14.700000000000024","213","49","806","4030","14.700000000000024","230","49","793","3965","14.700000000000024","240"
,,,,,,"50","1076","5380","15.000000000000025","9","50","1066","5330","15.000000000000025","18","50","1047","5235","15.000000000000025","30","50","1034","5170","15.000000000000025","40","50","1016","5080","15.000000000000025","49","50","1002","5010","15.000000000000025","60","50","980","4900","15.000000000000025","69","50","990","4950","15.000000000000025","78","50","956","4780","15.000000000000025","89","50","948","4740","15.000000000000025","96","50","945","4725","15.000000000000025","107","50","923","4615","15.000000000000025","114","50","915","4575","15.000000000000025","127","50","904","4520","15.000000000000025","132","50","893","4465","15.000000000000025","141","50","885","4425","15.000000000000025","155","50","858","4290","15.000000000000025","166","50","854","4270","15.000000000000025","174","50","848","4240","15.000000000000025","185","50","837","4185","15.000000000000025","189","50","830","4150","15.000000000000025","202","50","802","4010","15.000000000000025","215","50","805","4025","15.000000000000025","213","50","807","4035","15.000000000000025","230","50","794","3970","15.000000000000025","240"
,,,,,,"51","1076","5380","15.300000000000026","9","51","1066","5330","15.300000000000026","18","51","1047","5235","15.300000000000026","30","51","1034","5170","15.300000000000026","40","51","1016","5080","15.300000000000026","49","51","1003","5015","15.300000000000026","60","51","980","4900","15.300000000000026","69","51","992","4960","15.300000000000026","78","51","957","4785","15.300000000000026","89","51","948","4740","15.300000000000026","96","51","945","4725","15.300000000000026","107","51","923","4615","15.300000000000026","114","51","915","4575","15.300000000000026","127","51","904","4520","15.300000000000026","132","51","895","4475","15.300000000000026","141","51","887","4435","15.300000000000026","155","51","859","4295","15.300000000000026","165","51","855","4275","15.300000000000026","174","51","848","4240","15.300000000000026","185","51","837","4185","15.300000000000026","189","51","831","4155","15.300000000000026","202","51","803","4015","15.300000000000026","215","51","806","4030","15.300000000000026","213","51","809","4045","15.300000000000026","229","51","795","3975","15.300000000000026","239"
,,,,,,"52","1076","5380","15.600000000000026","9","52","1066","5330","15.600000000000026","18","52","1047","5235","15.600000000000026","30","52","1034","5170","15.600000000000026","40","52","1016","5080","15.600000000000026","49","52","1004","5020","15.600000000000026","60","52","981","4905","15.600000000000026","69","52","993","4965","15.600000000000026","78","52","957","4785","15.600000000000026","89","52","949","4745","15.600000000000026","96","52","947","4735","15.600000000000026","107","52","923","4615","15.600000000000026","114","52","915","4575","15.600000000000026","127","52","905","4525","15.600000000000026","132","52","895","4475","15.600000000000026","141","52","888","4440","15.600000000000026","155","52","860","4300","15.600000000000026","164","52","858","4290","15.600000000000026","174","52","848","4240","15.600000000000026","185","52","840","4200","15.600000000000026","189","52","833","4165","15.600000000000026","202","52","803","4015","15.600000000000026","215","52","807","4035","15.600000000000026","212","52","810","4050","15.600000000000026","228","52","796","3980","15.600000000000026","239"
,,,,,,"53","1076","5380","15.900000000000027","9","53","1066","5330","15.900000000000027","18","53","1047","5235","15.900000000000027","30","53","1034","5170","15.900000000000027","40","53","1018","5090","15.900000000000027","49","53","1005","5025","15.900000000000027","60","53","982","4910","15.900000000000027","69","53","993","4965","15.900000000000027","78","53","957","4785","15.900000000000027","89","53","949","4745","15.900000000000027","96","53","952","4760","15.900000000000027","107","53","923","4615","15.900000000000027","114","53","915","4575","15.900000000000027","127","53","905","4525","15.900000000000027","132","53","895","4475","15.900000000000027","141","53","889","4445","15.900000000000027","155","53","862","4310","15.900000000000027","164","53","859","4295","15.900000000000027","174","53","849","4245","15.900000000000027","185","53","842","4210","15.900000000000027","189","53","834","4170","15.900000000000027","201","53","804","4020","15.900000000000027","215","53","809","4045","15.900000000000027","212","53","811","4055","15.900000000000027","228","53","799","3995","15.900000000000027","239"
,,,,,,"54","1076","5380","16.200000000000024","9","54","1067","5335","16.200000000000024","18","54","1047","5235","16.200000000000024","30","54","1037","5185","16.200000000000024","40","54","1023","5115","16.200000000000024","49","54","1005","5025","16.200000000000024","60","54","983","4915","16.200000000000024","69","54","993","4965","16.200000000000024","78","54","957","4785","16.200000000000024","89","54","949","4745","16.200000000000024","96","54","952","4760","16.200000000000024","107","54","925","4625","16.200000000000024","114","54","915","4575","16.200000000000024","127","54","905","4525","16.200000000000024","132","54","897","4485","16.200000000000024","141","54","890","4450","16.200000000000024","155","54","864","4320","16.200000000000024","164","54","859","4295","16.200000000000024","174","54","849","4245","16.200000000000024","185","54","846","4230","16.200000000000024","189","54","835","4175","16.200000000000024","201","54","804","4020","16.200000000000024","215","54","809","4045","16.200000000000024","212","54","811","4055","16.200000000000024","228","54","800","4000","16.200000000000024","239"
,,,,,,"55","1076","5380","16.50000000000002","9","55","1067","5335","16.50000000000002","18","55","1047","5235","16.50000000000002","30","55","1038","5190","16.50000000000002","40","55","1023","5115","16.50000000000002","49","55","1006","5030","16.50000000000002","60","55","984","4920","16.50000000000002","69","55","993","4965","16.50000000000002","78","55","958","4790","16.50000000000002","89","55","949","4745","16.50000000000002","96","55","952","4760","16.50000000000002","107","55","926","4630","16.50000000000002","114","55","915","4575","16.50000000000002","127","55","906","4530","16.50000000000002","131","55","899","4495","16.50000000000002","141","55","891","4455","16.50000000000002","155","55","864","4320","16.50000000000002","164","55","860","4300","16.50000000000002","174","55","850","4250","16.50000000000002","185","55","847","4235","16.50000000000002","189","55","835","4175","16.50000000000002","201","55","804","4020","16.50000000000002","215","55","809","4045","16.50000000000002","212","55","813","4065","16.50000000000002","228","55","803","4015","16.50000000000002","237"
,,,,,,"56","1076","5380","16.80000000000002","9","56","1067","5335","16.80000000000002","18","56","1048","5240","16.80000000000002","30","56","1038","5190","16.80000000000002","40","56","1023","5115","16.80000000000002","49","56","1007","5035","16.80000000000002","60","56","984","4920","16.80000000000002","69","56","993","4965","16.80000000000002","78","56","959","4795","16.80000000000002","89","56","949","4745","16.80000000000002","96","56","952","4760","16.80000000000002","107","56","926","4630","16.80000000000002","114","56","915","4575","16.80000000000002","127","56","906","4530","16.80000000000002","131","56","900","4500","16.80000000000002","141","56","891","4455","16.80000000000002","155","56","865","4325","16.80000000000002","164","56","861","4305","16.80000000000002","174","56","852","4260","16.80000000000002","185","56","848","4240","16.80000000000002","189","56","836","4180","16.80000000000002","201","56","804","4020","16.80000000000002","215","56","812","4060","16.80000000000002","212","56","813","4065","16.80000000000002","228","56","804","4020","16.80000000000002","237"
,,,,,,"57","1076","5380","17.100000000000016","9","57","1067","5335","17.100000000000016","18","57","1048","5240","17.100000000000016","30","57","1038","5190","17.100000000000016","40","57","1023","5115","17.100000000000016","49","57","1007","5035","17.100000000000016","60","57","984","4920","17.100000000000016","69","57","993","4965","17.100000000000016","78","57","959","4795","17.100000000000016","89","57","949","4745","17.100000000000016","96","57","952","4760","17.100000000000016","107","57","932","4660","17.100000000000016","113","57","915","4575","17.100000000000016","127","57","909","4545","17.100000000000016","131","57","900","4500","17.100000000000016","141","57","892","4460","17.100000000000016","154","57","867","4335","17.100000000000016","164","57","862","4310","17.100000000000016","174","57","853","4265","17.100000000000016","184","57","849","4245","17.100000000000016","189","57","836","4180","17.100000000000016","201","57","804","4020","17.100000000000016","215","57","814","4070","17.100000000000016","212","57","813","4065","17.100000000000016","228","57","804","4020","17.100000000000016","237"
,,,,,,"58","1076","5380","17.400000000000013","9","58","1067","5335","17.400000000000013","18","58","1048","5240","17.400000000000013","30","58","1039","5195","17.400000000000013","40","58","1023","5115","17.400000000000013","49","58","1009","5045","17.400000000000013","60","58","984","4920","17.400000000000013","69","58","993","4965","17.400000000000013","78","58","959","4795","17.400000000000013","89","58","949","4745","17.400000000000013","96","58","952","4760","17.400000000000013","107","58","935","4675","17.400000000000013","113","58","916","4580","17.400000000000013","127","58","910","4550","17.400000000000013","131","58","902","4510","17.400000000000013","141","58","895","4475","17.400000000000013","153","58","870","4350","17.400000000000013","164","58","863","4315","17.400000000000013","174","58","855","4275","17.400000000000013","184","58","850","4250","17.400000000000013","189","58","836","4180","17.400000000000013","201","58","805","4025","17.400000000000013","215","58","819","4095","17.400000000000013","211","58","816","4080","17.400000000000013","228","58","805","4025","17.400000000000013","237"
,,,,,,"59","1076","5380","17.70000000000001","9","59","1067","5335","17.70000000000001","18","59","1048","5240","17.70000000000001","30","59","1039","5195","17.70000000000001","40","59","1023","5115","17.70000000000001","49","59","1009","5045","17.70000000000001","60","59","985","4925","17.70000000000001","69","59","993","4965","17.70000000000001","78","59","960","4800","17.70000000000001","89","59","951","4755","17.70000000000001","95","59","952","4760","17.70000000000001","107","59","937","4685","17.70000000000001","113","59","916","4580","17.70000000000001","127","59","910","4550","17.70000000000001","131","59","904","4520","17.70000000000001","141","59","895","4475","17.70000000000001","153","59","870","4350","17.70000000000001","164","59","864","4320","17.70000000000001","174","59","856","4280","17.70000000000001","184","59","852","4260","17.70000000000001","186","59","836","4180","17.70000000000001","201","59","805","4025","17.70000000000001","215","59","823","4115","17.70000000000001","211","59","816","4080","17.70000000000001","228","59","805","4025","17.70000000000001","237"
,,,,,,"60","1076","5380","18.000000000000007","9","60","1067","5335","18.000000000000007","18","60","1048","5240","18.000000000000007","30","60","1039","5195","18.000000000000007","40","60","1023","5115","18.000000000000007","49","60","1010","5050","18.000000000000007","60","60","985","4925","18.000000000000007","69","60","993","4965","18.000000000000007","78","60","961","4805","18.000000000000007","89","60","953","4765","18.000000000000007","95","60","952","4760","18.000000000000007","107","60","937","4685","18.000000000000007","113","60","916","4580","18.000000000000007","127","60","911","4555","18.000000000000007","131","60","904","4520","18.000000000000007","141","60","896","4480","18.000000000000007","153","60","870","4350","18.000000000000007","164","60","864","4320","18.000000000000007","174","60","857","4285","18.000000000000007","184","60","852","4260","18.000000000000007","186","60","836","4180","18.000000000000007","201","60","805","4025","18.000000000000007","215","60","825","4125","18.000000000000007","211","60","816","4080","18.000000000000007","228","60","806","4030","18.000000000000007","237"
,,,,,,"61","1076","5380","18.300000000000004","9","61","1067","5335","18.300000000000004","18","61","1048","5240","18.300000000000004","30","61","1039","5195","18.300000000000004","40","61","1023","5115","18.300000000000004","49","61","1011","5055","18.300000000000004","60","61","985","4925","18.300000000000004","69","61","993","4965","18.300000000000004","78","61","961","4805","18.300000000000004","89","61","954","4770","18.300000000000004","95","61","952","4760","18.300000000000004","107","61","937","4685","18.300000000000004","113","61","916","4580","18.300000000000004","127","61","912","4560","18.300000000000004","131","61","907","4535","18.300000000000004","141","61","897","4485","18.300000000000004","153","61","870","4350","18.300000000000004","164","61","867","4335","18.300000000000004","174","61","857","4285","18.300000000000004","184","61","853","4265","18.300000000000004","186","61","837","4185","18.300000000000004","201","61","807","4035","18.300000000000004","215","61","829","4145","18.300000000000004","210","61","817","4085","18.300000000000004","227","61","810","4050","18.300000000000004","237"
,,,,,,"62","1078","5390","18.6","9","62","1067","5335","18.6","18","62","1048","5240","18.6","30","62","1039","5195","18.6","40","62","1023","5115","18.6","49","62","1012","5060","18.6","60","62","985","4925","18.6","69","62","995","4975","18.6","78","62","961","4805","18.6","89","62","957","4785","18.6","95","62","952","4760","18.6","107","62","937","4685","18.6","113","62","917","4585","18.6","127","62","912","4560","18.6","131","62","908","4540","18.6","141","62","897","4485","18.6","153","62","870","4350","18.6","164","62","868","4340","18.6","174","62","857","4285","18.6","184","62","855","4275","18.6","186","62","839","4195","18.6","201","62","807","4035","18.6","215","62","829","4145","18.6","210","62","817","4085","18.6","227","62","810","4050","18.6","237"
,,,,,,"63","1078","5390","18.9","9","63","1067","5335","18.9","18","63","1048","5240","18.9","30","63","1039","5195","18.9","40","63","1023","5115","18.9","49","63","1013","5065","18.9","60","63","986","4930","18.9","69","63","995","4975","18.9","78","63","961","4805","18.9","89","63","960","4800","18.9","94","63","953","4765","18.9","107","63","937","4685","18.9","113","63","920","4600","18.9","124","63","912","4560","18.9","131","63","908","4540","18.9","141","63","899","4495","18.9","153","63","871","4355","18.9","164","63","869","4345","18.9","174","63","857","4285","18.9","184","63","855","4275","18.9","186","63","840","4200","18.9","201","63","807","4035","18.9","215","63","829","4145","18.9","210","63","817","4085","18.9","227","63","814","4070","18.9","236"
,,,,,,"64","1078","5390","19.199999999999996","9","64","1067","5335","19.199999999999996","18","64","1048","5240","19.199999999999996","30","64","1039","5195","19.199999999999996","40","64","1025","5125","19.199999999999996","49","64","1013","5065","19.199999999999996","60","64","986","4930","19.199999999999996","69","64","995","4975","19.199999999999996","78","64","961","4805","19.199999999999996","89","64","961","4805","19.199999999999996","94","64","953","4765","19.199999999999996","107","64","937","4685","19.199999999999996","113","64","922","4610","19.199999999999996","124","64","912","4560","19.199999999999996","131","64","910","4550","19.199999999999996","141","64","900","4500","19.199999999999996","153","64","871","4355","19.199999999999996","164","64","869","4345","19.199999999999996","174","64","858","4290","19.199999999999996","184","64","855","4275","19.199999999999996","186","64","840","4200","19.199999999999996","201","64","808","4040","19.199999999999996","215","64","830","4150","19.199999999999996","210","64","818","4090","19.199999999999996","227","64","817","4085","19.199999999999996","235"
,,,,,,"65","1079","5395","19.499999999999993","9","65","1067","5335","19.499999999999993","18","65","1048","5240","19.499999999999993","30","65","1039","5195","19.499999999999993","40","65","1025","5125","19.499999999999993","49","65","1013","5065","19.499999999999993","60","65","986","4930","19.499999999999993","69","65","995","4975","19.499999999999993","78","65","961","4805","19.499999999999993","89","65","962","4810","19.499999999999993","94","65","954","4770","19.499999999999993","107","65","937","4685","19.499999999999993","113","65","923","4615","19.499999999999993","124","65","912","4560","19.499999999999993","131","65","911","4555","19.499999999999993","141","65","900","4500","19.499999999999993","153","65","873","4365","19.499999999999993","163","65","871","4355","19.499999999999993","174","65","858","4290","19.499999999999993","184","65","855","4275","19.499999999999993","186","65","841","4205","19.499999999999993","200","65","810","4050","19.499999999999993","215","65","835","4175","19.499999999999993","209","65","819","4095","19.499999999999993","226","65","817","4085","19.499999999999993","235"
,,,,,,"66","1079","5395","19.79999999999999","9","66","1067","5335","19.79999999999999","18","66","1048","5240","19.79999999999999","30","66","1039","5195","19.79999999999999","40","66","1025","5125","19.79999999999999","49","66","1013","5065","19.79999999999999","60","66","986","4930","19.79999999999999","69","66","995","4975","19.79999999999999","78","66","961","4805","19.79999999999999","89","66","964","4820","19.79999999999999","94","66","955","4775","19.79999999999999","107","66","938","4690","19.79999999999999","113","66","926","4630","19.79999999999999","123","66","912","4560","19.79999999999999","131","66","911","4555","19.79999999999999","141","66","901","4505","19.79999999999999","153","66","873","4365","19.79999999999999","163","66","871","4355","19.79999999999999","174","66","858","4290","19.79999999999999","184","66","855","4275","19.79999999999999","186","66","841","4205","19.79999999999999","200","66","812","4060","19.79999999999999","215","66","837","4185","19.79999999999999","209","66","821","4105","19.79999999999999","225","66","819","4095","19.79999999999999","235"
,,,,,,"67","1079","5395","20.099999999999987","9","67","1067","5335","20.099999999999987","18","67","1048","5240","20.099999999999987","30","67","1039","5195","20.099999999999987","40","67","1025","5125","20.099999999999987","49","67","1013","5065","20.099999999999987","60","67","986","4930","20.099999999999987","69","67","995","4975","20.099999999999987","78","67","961","4805","20.099999999999987","89","67","967","4835","20.099999999999987","94","67","955","4775","20.099999999999987","107","67","938","4690","20.099999999999987","113","67","927","4635","20.099999999999987","123","67","913","4565","20.099999999999987","131","67","911","4555","20.099999999999987","141","67","901","4505","20.099999999999987","153","67","874","4370","20.099999999999987","163","67","871","4355","20.099999999999987","174","67","861","4305","20.099999999999987","184","67","857","4285","20.099999999999987","186","67","842","4210","20.099999999999987","199","67","812","4060","20.099999999999987","215","67","838","4190","20.099999999999987","209","67","827","4135","20.099999999999987","225","67","819","4095","20.099999999999987","235"
,,,,,,"68","1079","5395","20.399999999999984","9","68","1067","5335","20.399999999999984","18","68","1048","5240","20.399999999999984","30","68","1039","5195","20.399999999999984","40","68","1025","5125","20.399999999999984","49","68","1013","5065","20.399999999999984","60","68","986","4930","20.399999999999984","69","68","995","4975","20.399999999999984","78","68","961","4805","20.399999999999984","89","68","967","4835","20.399999999999984","94","68","955","4775","20.399999999999984","107","68","938","4690","20.399999999999984","113","68","927","4635","20.399999999999984","123","68","913","4565","20.399999999999984","131","68","912","4560","20.399999999999984","141","68","902","4510","20.399999999999984","153","68","874","4370","20.399999999999984","163","68","873","4365","20.399999999999984","174","68","861","4305","20.399999999999984","184","68","857","4285","20.399999999999984","186","68","843","4215","20.399999999999984","199","68","812","4060","20.399999999999984","215","68","841","4205","20.399999999999984","209","68","829","4145","20.399999999999984","225","68","821","4105","20.399999999999984","234"
,,,,,,"69","1079","5395","20.69999999999998","9","69","1067","5335","20.69999999999998","18","69","1048","5240","20.69999999999998","30","69","1039","5195","20.69999999999998","40","69","1025","5125","20.69999999999998","49","69","1013","5065","20.69999999999998","60","69","989","4945","20.69999999999998","69","69","995","4975","20.69999999999998","78","69","961","4805","20.69999999999998","89","69","967","4835","20.69999999999998","94","69","955","4775","20.69999999999998","107","69","938","4690","20.69999999999998","113","69","927","4635","20.69999999999998","123","69","913","4565","20.69999999999998","131","69","913","4565","20.69999999999998","141","69","905","4525","20.69999999999998","153","69","874","4370","20.69999999999998","163","69","873","4365","20.69999999999998","174","69","861","4305","20.69999999999998","184","69","857","4285","20.69999999999998","186","69","844","4220","20.69999999999998","199","69","812","4060","20.69999999999998","215","69","841","4205","20.69999999999998","209","69","830","4150","20.69999999999998","224","69","822","4110","20.69999999999998","233"
,,,,,,"70","1079","5395","20.99999999999998","9","70","1067","5335","20.99999999999998","18","70","1049","5245","20.99999999999998","30","70","1039","5195","20.99999999999998","40","70","1025","5125","20.99999999999998","49","70","1014","5070","20.99999999999998","60","70","989","4945","20.99999999999998","69","70","995","4975","20.99999999999998","78","70","961","4805","20.99999999999998","89","70","967","4835","20.99999999999998","94","70","955","4775","20.99999999999998","107","70","941","4705","20.99999999999998","113","70","927","4635","20.99999999999998","123","70","913","4565","20.99999999999998","131","70","913","4565","20.99999999999998","141","70","905","4525","20.99999999999998","153","70","874","4370","20.99999999999998","163","70","873","4365","20.99999999999998","174","70","866","4330","20.99999999999998","184","70","858","4290","20.99999999999998","186","70","844","4220","20.99999999999998","199","70","813","4065","20.99999999999998","215","70","841","4205","20.99999999999998","209","70","830","4150","20.99999999999998","224","70","822","4110","20.99999999999998","233"
,,,,,,"71","1079","5395","21.299999999999976","9","71","1067","5335","21.299999999999976","18","71","1050","5250","21.299999999999976","30","71","1039","5195","21.299999999999976","40","71","1025","5125","21.299999999999976","49","71","1014","5070","21.299999999999976","60","71","989","4945","21.299999999999976","69","71","995","4975","21.299999999999976","78","71","961","4805","21.299999999999976","89","71","967","4835","21.299999999999976","94","71","956","4780","21.299999999999976","107","71","941","4705","21.299999999999976","113","71","928","4640","21.299999999999976","123","71","913","4565","21.299999999999976","131","71","914","4570","21.299999999999976","141","71","905","4525","21.299999999999976","153","71","875","4375","21.299999999999976","163","71","878","4390","21.299999999999976","172","71","866","4330","21.299999999999976","184","71","858","4290","21.299999999999976","186","71","845","4225","21.299999999999976","199","71","813","4065","21.299999999999976","215","71","842","4210","21.299999999999976","209","71","831","4155","21.299999999999976","224","71","824","4120","21.299999999999976","233"
,,,,,,"72","1079","5395","21.599999999999973","9","72","1067","5335","21.599999999999973","18","72","1050","5250","21.599999999999973","30","72","1039","5195","21.599999999999973","40","72","1025","5125","21.599999999999973","49","72","1014","5070","21.599999999999973","60","72","989","4945","21.599999999999973","69","72","995","4975","21.599999999999973","78","72","962","4810","21.599999999999973","89","72","967","4835","21.599999999999973","94","72","956","4780","21.599999999999973","107","72","942","4710","21.599999999999973","113","72","930","4650","21.599999999999973","123","72","914","4570","21.599999999999973","131","72","915","4575","21.599999999999973","141","72","907","4535","21.599999999999973","153","72","876","4380","21.599999999999973","163","72","879","4395","21.599999999999973","171","72","867","4335","21.599999999999973","184","72","860","4300","21.599999999999973","184","72","845","4225","21.599999999999973","199","72","813","4065","21.599999999999973","215","72","842","4210","21.599999999999973","209","72","833","4165","21.599999999999973","224","72","826","4130","21.599999999999973","232"
,,,,,,"73","1079","5395","21.89999999999997","9","73","1067","5335","21.89999999999997","18","73","1050","5250","21.89999999999997","30","73","1039","5195","21.89999999999997","40","73","1025","5125","21.89999999999997","49","73","1014","5070","21.89999999999997","60","73","990","4950","21.89999999999997","69","73","995","4975","21.89999999999997","78","73","962","4810","21.89999999999997","89","73","967","4835","21.89999999999997","94","73","957","4785","21.89999999999997","107","73","943","4715","21.89999999999997","112","73","931","4655","21.89999999999997","123","73","916","4580","21.89999999999997","131","73","915","4575","21.89999999999997","141","73","907","4535","21.89999999999997","153","73","876","4380","21.89999999999997","163","73","881","4405","21.89999999999997","171","73","869","4345","21.89999999999997","184","73","861","4305","21.89999999999997","184","73","845","4225","21.89999999999997","199","73","815","4075","21.89999999999997","215","73","843","4215","21.89999999999997","209","73","834","4170","21.89999999999997","224","73","826","4130","21.89999999999997","232"
,,,,,,"74","1079","5395","22.199999999999967","9","74","1067","5335","22.199999999999967","18","74","1050","5250","22.199999999999967","30","74","1039","5195","22.199999999999967","40","74","1025","5125","22.199999999999967","49","74","1014","5070","22.199999999999967","60","74","991","4955","22.199999999999967","69","74","995","4975","22.199999999999967","78","74","963","4815","22.199999999999967","89","74","967","4835","22.199999999999967","94","74","957","4785","22.199999999999967","107","74","943","4715","22.199999999999967","112","74","932","4660","22.199999999999967","122","74","916","4580","22.199999999999967","131","74","915","4575","22.199999999999967","141","74","907","4535","22.199999999999967","153","74","877","4385","22.199999999999967","163","74","881","4405","22.199999999999967","171","74","870","4350","22.199999999999967","184","74","861","4305","22.199999999999967","184","74","845","4225","22.199999999999967","199","74","817","4085","22.199999999999967","215","74","843","4215","22.199999999999967","209","74","834","4170","22.199999999999967","224","74","826","4130","22.199999999999967","232"
,,,,,,"75","1079","5395","22.499999999999964","9","75","1067","5335","22.499999999999964","18","75","1050","5250","22.499999999999964","30","75","1039","5195","22.499999999999964","40","75","1025","5125","22.499999999999964","49","75","1015","5075","22.499999999999964","60","75","992","4960","22.499999999999964","69","75","995","4975","22.499999999999964","78","75","963","4815","22.499999999999964","89","75","967","4835","22.499999999999964","94","75","958","4790","22.499999999999964","107","75","943","4715","22.499999999999964","112","75","932","4660","22.499999999999964","122","75","916","4580","22.499999999999964","131","75","915","4575","22.499999999999964","141","75","908","4540","22.499999999999964","153","75","878","4390","22.499999999999964","163","75","883","4415","22.499999999999964","171","75","871","4355","22.499999999999964","184","75","862","4310","22.499999999999964","183","75","846","4230","22.499999999999964","199","75","821","4105","22.499999999999964","214","75","843","4215","22.499999999999964","209","75","835","4175","22.499999999999964","224","75","829","4145","22.499999999999964","231"
,,,,,,"76","1079","5395","22.79999999999996","9","76","1067","5335","22.79999999999996","18","76","1050","5250","22.79999999999996","30","76","1039","5195","22.79999999999996","40","76","1025","5125","22.79999999999996","49","76","1015","5075","22.79999999999996","60","76","994","4970","22.79999999999996","69","76","995","4975","22.79999999999996","78","76","964","4820","22.79999999999996","88","76","967","4835","22.79999999999996","94","76","959","4795","22.79999999999996","107","76","944","4720","22.79999999999996","112","76","932","4660","22.79999999999996","122","76","916","4580","22.79999999999996","131","76","916","4580","22.79999999999996","141","76","909","4545","22.79999999999996","153","76","878","4390","22.79999999999996","163","76","883","4415","22.79999999999996","171","76","871","4355","22.79999999999996","184","76","863","4315","22.79999999999996","183","76","846","4230","22.79999999999996","199","76","823","4115","22.79999999999996","214","76","843","4215","22.79999999999996","209","76","836","4180","22.79999999999996","224","76","830","4150","22.79999999999996","231"
,,,,,,"77","1079","5395","23.09999999999996","9","77","1067","5335","23.09999999999996","18","77","1050","5250","23.09999999999996","30","77","1040","5200","23.09999999999996","40","77","1026","5130","23.09999999999996","49","77","1015","5075","23.09999999999996","60","77","994","4970","23.09999999999996","69","77","997","4985","23.09999999999996","78","77","966","4830","23.09999999999996","88","77","967","4835","23.09999999999996","94","77","960","4800","23.09999999999996","107","77","944","4720","23.09999999999996","112","77","932","4660","23.09999999999996","122","77","916","4580","23.09999999999996","131","77","916","4580","23.09999999999996","141","77","909","4545","23.09999999999996","153","77","878","4390","23.09999999999996","163","77","883","4415","23.09999999999996","171","77","872","4360","23.09999999999996","184","77","863","4315","23.09999999999996","183","77","846","4230","23.09999999999996","199","77","825","4125","23.09999999999996","214","77","843","4215","23.09999999999996","209","77","838","4190","23.09999999999996","224","77","830","4150","23.09999999999996","231"
,,,,,,"78","1079","5395","23.399999999999956","9","78","1067","5335","23.399999999999956","18","78","1050","5250","23.399999999999956","30","78","1040","5200","23.399999999999956","40","78","1026","5130","23.399999999999956","49","78","1015","5075","23.399999999999956","60","78","994","4970","23.399999999999956","69","78","997","4985","23.399999999999956","78","78","967","4835","23.399999999999956","88","78","968","4840","23.399999999999956","92","78","961","4805","23.399999999999956","106","78","944","4720","23.399999999999956","112","78","932","4660","23.399999999999956","122","78","916","4580","23.399999999999956","131","78","919","4595","23.399999999999956","141","78","910","4550","23.399999999999956","153","78","878","4390","23.399999999999956","163","78","883","4415","23.399999999999956","171","78","872","4360","23.399999999999956","184","78","864","4320","23.399999999999956","182","78","846","4230","23.399999999999956","199","78","826","4130","23.399999999999956","214","78","846","4230","23.399999999999956","208","78","839","4195","23.399999999999956","224","78","830","4150","23.399999999999956","231"
,,,,,,"79","1079","5395","23.699999999999953","9","79","1067","5335","23.699999999999953","18","79","1050","5250","23.699999999999953","30","79","1040","5200","23.699999999999953","40","79","1027","5135","23.699999999999953","49","79","1015","5075","23.699999999999953","60","79","995","4975","23.699999999999953","69","79","997","4985","23.699999999999953","78","79","967","4835","23.699999999999953","88","79","968","4840","23.699999999999953","92","79","961","4805","23.699999999999953","106","79","944","4720","23.699999999999953","112","79","932","4660","23.699999999999953","122","79","916","4580","23.699999999999953","131","79","920","4600","23.699999999999953","140","79","911","4555","23.699999999999953","152","79","878","4390","23.699999999999953","163","79","884","4420","23.699999999999953","171","79","872","4360","23.699999999999953","184","79","864","4320","23.699999999999953","182","79","848","4240","23.699999999999953","198","79","827","4135","23.699999999999953","214","79","846","4230","23.699999999999953","208","79","840","4200","23.699999999999953","224","79","831","4155","23.699999999999953","231"
,,,,,,"80","1079","5395","23.99999999999995","9","80","1067","5335","23.99999999999995","18","80","1050","5250","23.99999999999995","30","80","1040","5200","23.99999999999995","40","80","1027","5135","23.99999999999995","49","80","1016","5080","23.99999999999995","60","80","996","4980","23.99999999999995","69","80","998","4990","23.99999999999995","78","80","967","4835","23.99999999999995","88","80","968","4840","23.99999999999995","92","80","961","4805","23.99999999999995","106","80","945","4725","23.99999999999995","112","80","932","4660","23.99999999999995","122","80","916","4580","23.99999999999995","131","80","920","4600","23.99999999999995","140","80","914","4570","23.99999999999995","152","80","878","4390","23.99999999999995","163","80","885","4425","23.99999999999995","171","80","873","4365","23.99999999999995","184","80","865","4325","23.99999999999995","182","80","852","4260","23.99999999999995","197","80","827","4135","23.99999999999995","214","80","846","4230","23.99999999999995","208","80","840","4200","23.99999999999995","224","80","832","4160","23.99999999999995","231"
,,,,,,"81","1079","5395","24.299999999999947","9","81","1067","5335","24.299999999999947","18","81","1050","5250","24.299999999999947","30","81","1040","5200","24.299999999999947","40","81","1027","5135","24.299999999999947","49","81","1016","5080","24.299999999999947","60","81","996","4980","24.299999999999947","69","81","1000","5000","24.299999999999947","77","81","967","4835","24.299999999999947","88","81","968","4840","24.299999999999947","92","81","961","4805","24.299999999999947","106","81","945","4725","24.299999999999947","112","81","932","4660","24.299999999999947","122","81","918","4590","24.299999999999947","131","81","920","4600","24.299999999999947","140","81","917","4585","24.299999999999947","152","81","878","4390","24.299999999999947","163","81","885","4425","24.299999999999947","171","81","874","4370","24.299999999999947","184","81","865","4325","24.299999999999947","182","81","852","4260","24.299999999999947","197","81","828","4140","24.299999999999947","214","81","846","4230","24.299999999999947","208","81","841","4205","24.299999999999947","223","81","833","4165","24.299999999999947","230"
,,,,,,"82","1079","5395","24.599999999999945","9","82","1067","5335","24.599999999999945","18","82","1050","5250","24.599999999999945","30","82","1040","5200","24.599999999999945","40","82","1027","5135","24.599999999999945","49","82","1016","5080","24.599999999999945","60","82","996","4980","24.599999999999945","69","82","1001","5005","24.599999999999945","77","82","967","4835","24.599999999999945","88","82","968","4840","24.599999999999945","92","82","961","4805","24.599999999999945","106","82","945","4725","24.599999999999945","112","82","932","4660","24.599999999999945","122","82","921","4605","24.599999999999945","131","82","920","4600","24.599999999999945","140","82","917","4585","24.599999999999945","152","82","879","4395","24.599999999999945","163","82","888","4440","24.599999999999945","171","82","875","4375","24.599999999999945","184","82","866","4330","24.599999999999945","182","82","854","4270","24.599999999999945","197","82","830","4150","24.599999999999945","213","82","849","4245","24.599999999999945","207","82","842","4210","24.599999999999945","223","82","833","4165","24.599999999999945","230"
,,,,,,"83","1079","5395","24.89999999999994","9","83","1067","5335","24.89999999999994","18","83","1050","5250","24.89999999999994","30","83","1040","5200","24.89999999999994","40","83","1027","5135","24.89999999999994","49","83","1016","5080","24.89999999999994","60","83","996","4980","24.89999999999994","69","83","1001","5005","24.89999999999994","77","83","968","4840","24.89999999999994","88","83","968","4840","24.89999999999994","92","83","962","4810","24.89999999999994","106","83","945","4725","24.89999999999994","112","83","932","4660","24.89999999999994","122","83","923","4615","24.89999999999994","130","83","921","4605","24.89999999999994","140","83","917","4585","24.89999999999994","152","83","879","4395","24.89999999999994","163","83","889","4445","24.89999999999994","171","83","875","4375","24.89999999999994","184","83","866","4330","24.89999999999994","182","83","855","4275","24.89999999999994","197","83","833","4165","24.89999999999994","213","83","849","4245","24.89999999999994","207","83","842","4210","24.89999999999994","223","83","833","4165","24.89999999999994","230"
,,,,,,"84","1079","5395","25.19999999999994","9","84","1067","5335","25.19999999999994","18","84","1050","5250","25.19999999999994","30","84","1040","5200","25.19999999999994","40","84","1027","5135","25.19999999999994","49","84","1016","5080","25.19999999999994","60","84","996","4980","25.19999999999994","69","84","1001","5005","25.19999999999994","77","84","969","4845","25.19999999999994","88","84","968","4840","25.19999999999994","92","84","962","4810","25.19999999999994","106","84","946","4730","25.19999999999994","112","84","933","4665","25.19999999999994","122","84","924","4620","25.19999999999994","130","84","922","4610","25.19999999999994","140","84","917","4585","25.19999999999994","152","84","880","4400","25.19999999999994","163","84","889","4445","25.19999999999994","171","84","876","4380","25.19999999999994","184","84","866","4330","25.19999999999994","182","84","855","4275","25.19999999999994","197","84","835","4175","25.19999999999994","212","84","849","4245","25.19999999999994","207","84","842","4210","25.19999999999994","223","84","834","4170","25.19999999999994","230"
,,,,,,"85","1079","5395","25.499999999999936","9","85","1067","5335","25.499999999999936","18","85","1050","5250","25.499999999999936","30","85","1040","5200","25.499999999999936","40","85","1027","5135","25.499999999999936","49","85","1016","5080","25.499999999999936","60","85","996","4980","25.499999999999936","69","85","1001","5005","25.499999999999936","77","85","969","4845","25.499999999999936","88","85","970","4850","25.499999999999936","91","85","962","4810","25.499999999999936","106","85","948","4740","25.499999999999936","112","85","934","4670","25.499999999999936","122","85","924","4620","25.499999999999936","130","85","922","4610","25.499999999999936","140","85","917","4585","25.499999999999936","152","85","882","4410","25.499999999999936","163","85","890","4450","25.499999999999936","170","85","876","4380","25.499999999999936","184","85","867","4335","25.499999999999936","182","85","856","4280","25.499999999999936","197","85","836","4180","25.499999999999936","212","85","850","4250","25.499999999999936","207","85","842","4210","25.499999999999936","223","85","835","4175","25.499999999999936","230"
,,,,,,"86","1079","5395","25.799999999999933","9","86","1067","5335","25.799999999999933","18","86","1050","5250","25.799999999999933","30","86","1040","5200","25.799999999999933","40","86","1028","5140","25.799999999999933","49","86","1017","5085","25.799999999999933","60","86","996","4980","25.799999999999933","69","86","1001","5005","25.799999999999933","77","86","969","4845","25.799999999999933","88","86","972","4860","25.799999999999933","91","86","962","4810","25.799999999999933","106","86","948","4740","25.799999999999933","112","86","934","4670","25.799999999999933","122","86","925","4625","25.799999999999933","130","86","923","4615","25.799999999999933","140","86","918","4590","25.799999999999933","152","86","885","4425","25.799999999999933","163","86","890","4450","25.799999999999933","170","86","877","4385","25.799999999999933","184","86","867","4335","25.799999999999933","182","86","858","4290","25.799999999999933","196","86","837","4185","25.799999999999933","212","86","850","4250","25.799999999999933","207","86","843","4215","25.799999999999933","222","86","835","4175","25.799999999999933","230"
,,,,,,"87","1079","5395","26.09999999999993","9","87","1067","5335","26.09999999999993","18","87","1050","5250","26.09999999999993","30","87","1040","5200","26.09999999999993","40","87","1029","5145","26.09999999999993","49","87","1017","5085","26.09999999999993","60","87","996","4980","26.09999999999993","69","87","1001","5005","26.09999999999993","77","87","971","4855","26.09999999999993","88","87","972","4860","26.09999999999993","91","87","962","4810","26.09999999999993","106","87","948","4740","26.09999999999993","112","87","934","4670","26.09999999999993","122","87","925","4625","26.09999999999993","130","87","923","4615","26.09999999999993","140","87","918","4590","26.09999999999993","152","87","885","4425","26.09999999999993","163","87","893","4465","26.09999999999993","170","87","879","4395","26.09999999999993","181","87","868","4340","26.09999999999993","182","87","858","4290","26.09999999999993","196","87","837","4185","26.09999999999993","212","87","851","4255","26.09999999999993","207","87","844","4220","26.09999999999993","222","87","836","4180","26.09999999999993","230"
,,,,,,"88","1079","5395","26.399999999999928","9","88","1067","5335","26.399999999999928","18","88","1050","5250","26.399999999999928","30","88","1040","5200","26.399999999999928","40","88","1029","5145","26.399999999999928","49","88","1017","5085","26.399999999999928","60","88","997","4985","26.399999999999928","69","88","1001","5005","26.399999999999928","77","88","971","4855","26.399999999999928","88","88","972","4860","26.399999999999928","91","88","962","4810","26.399999999999928","106","88","948","4740","26.399999999999928","112","88","936","4680","26.399999999999928","121","88","925","4625","26.399999999999928","130","88","923","4615","26.399999999999928","140","88","919","4595","26.399999999999928","152","88","885","4425","26.399999999999928","163","88","895","4475","26.399999999999928","170","88","881","4405","26.399999999999928","181","88","869","4345","26.399999999999928","182","88","859","4295","26.399999999999928","196","88","839","4195","26.399999999999928","211","88","853","4265","26.399999999999928","207","88","844","4220","26.399999999999928","222","88","836","4180","26.399999999999928","230"
,,,,,,"89","1079","5395","26.699999999999925","9","89","1067","5335","26.699999999999925","18","89","1050","5250","26.699999999999925","30","89","1040","5200","26.699999999999925","40","89","1029","5145","26.699999999999925","49","89","1018","5090","26.699999999999925","60","89","997","4985","26.699999999999925","69","89","1001","5005","26.699999999999925","77","89","971","4855","26.699999999999925","88","89","972","4860","26.699999999999925","91","89","962","4810","26.699999999999925","106","89","949","4745","26.699999999999925","112","89","938","4690","26.699999999999925","121","89","925","4625","26.699999999999925","130","89","923","4615","26.699999999999925","140","89","919","4595","26.699999999999925","152","89","885","4425","26.699999999999925","163","89","895","4475","26.699999999999925","170","89","882","4410","26.699999999999925","181","89","869","4345","26.699999999999925","182","89","859","4295","26.699999999999925","196","89","841","4205","26.699999999999925","211","89","853","4265","26.699999999999925","207","89","844","4220","26.699999999999925","222","89","837","4185","26.699999999999925","230"
,,,,,,"90","1079","5395","26.999999999999922","9","90","1067","5335","26.999999999999922","18","90","1050","5250","26.999999999999922","30","90","1040","5200","26.999999999999922","40","90","1029","5145","26.999999999999922","49","90","1019","5095","26.999999999999922","59","90","997","4985","26.999999999999922","69","90","1001","5005","26.999999999999922","77","90","972","4860","26.999999999999922","88","90","972","4860","26.999999999999922","91","90","962","4810","26.999999999999922","106","90","951","4755","26.999999999999922","112","90","938","4690","26.999999999999922","121","90","925","4625","26.999999999999922","130","90","924","4620","26.999999999999922","140","90","919","4595","26.999999999999922","152","90","885","4425","26.999999999999922","163","90","895","4475","26.999999999999922","170","90","882","4410","26.999999999999922","181","90","869","4345","26.999999999999922","182","90","861","4305","26.999999999999922","196","90","841","4205","26.999999999999922","211","90","856","4280","26.999999999999922","206","90","846","4230","26.999999999999922","222","90","840","4200","26.999999999999922","227"
,,,,,,"91","1079","5395","27.29999999999992","9","91","1067","5335","27.29999999999992","18","91","1050","5250","27.29999999999992","30","91","1040","5200","27.29999999999992","40","91","1031","5155","27.29999999999992","49","91","1020","5100","27.29999999999992","59","91","997","4985","27.29999999999992","69","91","1001","5005","27.29999999999992","77","91","972","4860","27.29999999999992","88","91","972","4860","27.29999999999992","91","91","963","4815","27.29999999999992","105","91","951","4755","27.29999999999992","112","91","938","4690","27.29999999999992","121","91","925","4625","27.29999999999992","130","91","925","4625","27.29999999999992","140","91","920","4600","27.29999999999992","152","91","887","4435","27.29999999999992","161","91","896","4480","27.29999999999992","170","91","882","4410","27.29999999999992","181","91","870","4350","27.29999999999992","182","91","861","4305","27.29999999999992","196","91","841","4205","27.29999999999992","211","91","856","4280","27.29999999999992","206","91","846","4230","27.29999999999992","222","91","842","4210","27.29999999999992","226"
,,,,,,"92","1079","5395","27.599999999999916","9","92","1067","5335","27.599999999999916","18","92","1050","5250","27.599999999999916","30","92","1042","5210","27.599999999999916","40","92","1031","5155","27.599999999999916","49","92","1020","5100","27.599999999999916","59","92","997","4985","27.599999999999916","69","92","1001","5005","27.599999999999916","77","92","972","4860","27.599999999999916","88","92","974","4870","27.599999999999916","90","92","965","4825","27.599999999999916","105","92","951","4755","27.599999999999916","112","92","938","4690","27.599999999999916","121","92","926","4630","27.599999999999916","130","92","925","4625","27.599999999999916","140","92","920","4600","27.599999999999916","152","92","888","4440","27.599999999999916","161","92","896","4480","27.599999999999916","170","92","883","4415","27.599999999999916","179","92","871","4355","27.599999999999916","182","92","861","4305","27.599999999999916","196","92","842","4210","27.599999999999916","211","92","856","4280","27.599999999999916","206","92","847","4235","27.599999999999916","222","92","844","4220","27.599999999999916","226"
,,,,,,"93","1079","5395","27.899999999999913","9","93","1067","5335","27.899999999999913","18","93","1050","5250","27.899999999999913","30","93","1042","5210","27.899999999999913","40","93","1031","5155","27.899999999999913","49","93","1020","5100","27.899999999999913","59","93","997","4985","27.899999999999913","69","93","1001","5005","27.899999999999913","77","93","972","4860","27.899999999999913","88","93","975","4875","27.899999999999913","90","93","965","4825","27.899999999999913","105","93","951","4755","27.899999999999913","112","93","938","4690","27.899999999999913","121","93","926","4630","27.899999999999913","130","93","925","4625","27.899999999999913","140","93","920","4600","27.899999999999913","152","93","889","4445","27.899999999999913","161","93","897","4485","27.899999999999913","170","93","884","4420","27.899999999999913","179","93","872","4360","27.899999999999913","182","93","862","4310","27.899999999999913","196","93","843","4215","27.899999999999913","211","93","858","4290","27.899999999999913","205","93","847","4235","27.899999999999913","222","93","845","4225","27.899999999999913","226"
,,,,,,"94","1079","5395","28.19999999999991","9","94","1067","5335","28.19999999999991","18","94","1050","5250","28.19999999999991","30","94","1042","5210","28.19999999999991","40","94","1031","5155","28.19999999999991","49","94","1020","5100","28.19999999999991","59","94","997","4985","28.19999999999991","69","94","1001","5005","28.19999999999991","77","94","972","4860","28.19999999999991","88","94","975","4875","28.19999999999991","90","94","965","4825","28.19999999999991","105","94","951","4755","28.19999999999991","112","94","941","4705","28.19999999999991","121","94","926","4630","28.19999999999991","130","94","926","4630","28.19999999999991","139","94","920","4600","28.19999999999991","152","94","889","4445","28.19999999999991","161","94","897","4485","28.19999999999991","170","94","884","4420","28.19999999999991","179","94","873","4365","28.19999999999991","182","94","862","4310","28.19999999999991","196","94","843","4215","28.19999999999991","211","94","858","4290","28.19999999999991","205","94","847","4235","28.19999999999991","222","94","845","4225","28.19999999999991","226"
,,,,,,"95","1079","5395","28.499999999999908","9","95","1067","5335","28.499999999999908","18","95","1050","5250","28.499999999999908","30","95","1042","5210","28.499999999999908","40","95","1031","5155","28.499999999999908","49","95","1023","5115","28.499999999999908","57","95","997","4985","28.499999999999908","69","95","1001","5005","28.499999999999908","77","95","972","4860","28.499999999999908","88","95","975","4875","28.499999999999908","90","95","965","4825","28.499999999999908","105","95","951","4755","28.499999999999908","112","95","941","4705","28.499999999999908","121","95","926","4630","28.499999999999908","130","95","929","4645","28.499999999999908","139","95","920","4600","28.499999999999908","152","95","889","4445","28.499999999999908","161","95","897","4485","28.499999999999908","170","95","884","4420","28.499999999999908","179","95","874","4370","28.499999999999908","182","95","863","4315","28.499999999999908","196","95","844","4220","28.499999999999908","211","95","858","4290","28.499999999999908","205","95","848","4240","28.499999999999908","222","95","845","4225","28.499999999999908","226"
,,,,,,"96","1079","5395","28.799999999999905","9","96","1067","5335","28.799999999999905","18","96","1050","5250","28.799999999999905","30","96","1042","5210","28.799999999999905","40","96","1031","5155","28.799999999999905","49","96","1023","5115","28.799999999999905","57","96","997","4985","28.799999999999905","69","96","1001","5005","28.799999999999905","77","96","972","4860","28.799999999999905","88","96","975","4875","28.799999999999905","90","96","965","4825","28.799999999999905","105","96","951","4755","28.799999999999905","112","96","942","4710","28.799999999999905","121","96","927","4635","28.799999999999905","130","96","929","4645","28.799999999999905","139","96","923","4615","28.799999999999905","152","96","889","4445","28.799999999999905","161","96","897","4485","28.799999999999905","170","96","884","4420","28.799999999999905","179","96","875","4375","28.799999999999905","181","96","863","4315","28.799999999999905","196","96","845","4225","28.799999999999905","211","96","859","4295","28.799999999999905","205","96","849","4245","28.799999999999905","222","96","845","4225","28.799999999999905","226"
,,,,,,"97","1079","5395","29.099999999999902","9","97","1067","5335","29.099999999999902","18","97","1050","5250","29.099999999999902","30","97","1042","5210","29.099999999999902","40","97","1031","5155","29.099999999999902","49","97","1023","5115","29.099999999999902","57","97","997","4985","29.099999999999902","69","97","1001","5005","29.099999999999902","77","97","973","4865","29.099999999999902","88","97","975","4875","29.099999999999902","90","97","965","4825","29.099999999999902","105","97","951","4755","29.099999999999902","112","97","942","4710","29.099999999999902","121","97","927","4635","29.099999999999902","130","97","929","4645","29.099999999999902","139","97","923","4615","29.099999999999902","152","97","890","4450","29.099999999999902","161","97","897","4485","29.099999999999902","170","97","884","4420","29.099999999999902","179","97","877","4385","29.099999999999902","181","97","864","4320","29.099999999999902","196","97","845","4225","29.099999999999902","211","97","859","4295","29.099999999999902","205","97","850","4250","29.099999999999902","222","97","846","4230","29.099999999999902","226"
,,,,,,"98","1079","5395","29.3999999999999","9","98","1067","5335","29.3999999999999","18","98","1050","5250","29.3999999999999","30","98","1042","5210","29.3999999999999","40","98","1031","5155","29.3999999999999","49","98","1023","5115","29.3999999999999","57","98","997","4985","29.3999999999999","69","98","1001","5005","29.3999999999999","77","98","973","4865","29.3999999999999","88","98","975","4875","29.3999999999999","90","98","965","4825","29.3999999999999","105","98","951","4755","29.3999999999999","112","98","943","4715","29.3999999999999","121","98","927","4635","29.3999999999999","130","98","930","4650","29.3999999999999","139","98","923","4615","29.3999999999999","152","98","890","4450","29.3999999999999","161","98","897","4485","29.3999999999999","170","98","884","4420","29.3999999999999","179","98","878","4390","29.3999999999999","181","98","864","4320","29.3999999999999","196","98","846","4230","29.3999999999999","211","98","860","4300","29.3999999999999","205","98","852","4260","29.3999999999999","221","98","847","4235","29.3999999999999","226"
,,,,,,"99","1079","5395","29.699999999999896","9","99","1067","5335","29.699999999999896","18","99","1050","5250","29.699999999999896","30","99","1042","5210","29.699999999999896","40","99","1031","5155","29.699999999999896","49","99","1023","5115","29.699999999999896","57","99","997","4985","29.699999999999896","69","99","1001","5005","29.699999999999896","77","99","973","4865","29.699999999999896","88","99","975","4875","29.699999999999896","90","99","965","4825","29.699999999999896","105","99","952","4760","29.699999999999896","112","99","944","4720","29.699999999999896","121","99","927","4635","29.699999999999896","130","99","930","4650","29.699999999999896","139","99","923","4615","29.699999999999896","152","99","890","4450","29.699999999999896","161","99","898","4490","29.699999999999896","170","99","885","4425","29.699999999999896","179","99","878","4390","29.699999999999896","181","99","864","4320","29.699999999999896","196","99","847","4235","29.699999999999896","211","99","863","4315","29.699999999999896","203","99","855","4275","29.699999999999896","219","99","849","4245","29.699999999999896","225"
,,,,,,"100","1079","5395","29.999999999999893","9","100","1067","5335","29.999999999999893","18","100","1050","5250","29.999999999999893","30","100","1042","5210","29.999999999999893","40","100","1031","5155","29.999999999999893","49","100","1024","5120","29.999999999999893","57","100","999","4995","29.999999999999893","69","100","1001","5005","29.999999999999893","77","100","973","4865","29.999999999999893","88","100","975","4875","29.999999999999893","90","100","965","4825","29.999999999999893","105","100","953","4765","29.999999999999893","112","100","944","4720","29.999999999999893","121","100","927","4635","29.999999999999893","130","100","931","4655","29.999999999999893","139","100","923","4615","29.999999999999893","152","100","891","4455","29.999999999999893","161","100","898","4490","29.999999999999893","170","100","886","4430","29.999999999999893","179","100","878","4390","29.999999999999893","181","100","866","4330","29.999999999999893","195","100","848","4240","29.999999999999893","211","100","864","4320","29.999999999999893","203","100","857","4285","29.999999999999893","219","100","853","4265","29.999999999999893","224"
,,,,,,"101","1079","5395","30.29999999999989","9","101","1067","5335","30.29999999999989","18","101","1050","5250","30.29999999999989","30","101","1042","5210","30.29999999999989","40","101","1031","5155","30.29999999999989","49","101","1024","5120","30.29999999999989","57","101","1001","5005","30.29999999999989","69","101","1001","5005","30.29999999999989","77","101","974","4870","30.29999999999989","87","101","975","4875","30.29999999999989","90","101","965","4825","30.29999999999989","105","101","953","4765","30.29999999999989","112","101","944","4720","30.29999999999989","121","101","929","4645","30.29999999999989","130","101","932","4660","30.29999999999989","139","101","926","4630","30.29999999999989","152","101","892","4460","30.29999999999989","160","101","899","4495","30.29999999999989","169","101","888","4440","30.29999999999989","179","101","878","4390","30.29999999999989","181","101","867","4335","30.29999999999989","195","101","849","4245","30.29999999999989","211","101","864","4320","30.29999999999989","203","101","859","4295","30.29999999999989","217","101","855","4275","30.29999999999989","223"
,,,,,,"102","1079","5395","30.599999999999888","9","102","1068","5340","30.599999999999888","18","102","1050","5250","30.599999999999888","30","102","1042","5210","30.599999999999888","40","102","1031","5155","30.599999999999888","49","102","1024","5120","30.599999999999888","57","102","1001","5005","30.599999999999888","69","102","1001","5005","30.599999999999888","77","102","975","4875","30.599999999999888","87","102","975","4875","30.599999999999888","90","102","966","4830","30.599999999999888","104","102","953","4765","30.599999999999888","112","102","946","4730","30.599999999999888","121","102","930","4650","30.599999999999888","130","102","932","4660","30.599999999999888","139","102","927","4635","30.599999999999888","151","102","892","4460","30.599999999999888","160","102","900","4500","30.599999999999888","168","102","889","4445","30.599999999999888","179","102","880","4400","30.599999999999888","181","102","867","4335","30.599999999999888","195","102","849","4245","30.599999999999888","211","102","865","4325","30.599999999999888","203","102","861","4305","30.599999999999888","215","102","856","4280","30.599999999999888","223"
,,,,,,"103","1079","5395","30.899999999999885","9","103","1068","5340","30.899999999999885","18","103","1050","5250","30.899999999999885","30","103","1042","5210","30.899999999999885","40","103","1031","5155","30.899999999999885","49","103","1024","5120","30.899999999999885","57","103","1002","5010","30.899999999999885","69","103","1001","5005","30.899999999999885","77","103","977","4885","30.899999999999885","87","103","975","4875","30.899999999999885","90","103","967","4835","30.899999999999885","104","103","953","4765","30.899999999999885","112","103","947","4735","30.899999999999885","121","103","931","4655","30.899999999999885","130","103","932","4660","30.899999999999885","139","103","928","4640","30.899999999999885","151","103","893","4465","30.899999999999885","160","103","901","4505","30.899999999999885","168","103","890","4450","30.899999999999885","179","103","880","4400","30.899999999999885","181","103","867","4335","30.899999999999885","195","103","851","4255","30.899999999999885","211","103","867","4335","30.899999999999885","203","103","862","4310","30.899999999999885","215","103","857","4285","30.899999999999885","222"
,,,,,,"104","1079","5395","31.199999999999882","9","104","1068","5340","31.199999999999882","18","104","1050","5250","31.199999999999882","30","104","1042","5210","31.199999999999882","40","104","1031","5155","31.199999999999882","49","104","1024","5120","31.199999999999882","57","104","1002","5010","31.199999999999882","69","104","1001","5005","31.199999999999882","77","104","979","4895","31.199999999999882","86","104","975","4875","31.199999999999882","90","104","967","4835","31.199999999999882","104","104","954","4770","31.199999999999882","111","104","948","4740","31.199999999999882","120","104","933","4665","31.199999999999882","129","104","933","4665","31.199999999999882","138","104","929","4645","31.199999999999882","150","104","893","4465","31.199999999999882","160","104","902","4510","31.199999999999882","167","104","891","4455","31.199999999999882","179","104","882","4410","31.199999999999882","181","104","869","4345","31.199999999999882","194","104","852","4260","31.199999999999882","211","104","868","4340","31.199999999999882","203","104","862","4310","31.199999999999882","215","104","857","4285","31.199999999999882","222"
,,,,,,"105","1079","5395","31.49999999999988","9","105","1068","5340","31.49999999999988","18","105","1050","5250","31.49999999999988","30","105","1042","5210","31.49999999999988","40","105","1031","5155","31.49999999999988","49","105","1024","5120","31.49999999999988","57","105","1003","5015","31.49999999999988","69","105","1002","5010","31.49999999999988","77","105","979","4895","31.49999999999988","86","105","975","4875","31.49999999999988","90","105","968","4840","31.49999999999988","104","105","954","4770","31.49999999999988","111","105","948","4740","31.49999999999988","120","105","934","4670","31.49999999999988","129","105","933","4665","31.49999999999988","138","105","929","4645","31.49999999999988","150","105","896","4480","31.49999999999988","159","105","902","4510","31.49999999999988","167","105","891","4455","31.49999999999988","179","105","883","4415","31.49999999999988","181","105","871","4355","31.49999999999988","194","105","853","4265","31.49999999999988","211","105","871","4355","31.49999999999988","203","105","862","4310","31.49999999999988","215","105","858","4290","31.49999999999988","221"
,,,,,,"106","1079","5395","31.799999999999876","9","106","1068","5340","31.799999999999876","18","106","1050","5250","31.799999999999876","30","106","1042","5210","31.799999999999876","40","106","1031","5155","31.799999999999876","49","106","1024","5120","31.799999999999876","57","106","1004","5020","31.799999999999876","69","106","1002","5010","31.799999999999876","77","106","979","4895","31.799999999999876","86","106","975","4875","31.799999999999876","90","106","968","4840","31.799999999999876","104","106","955","4775","31.799999999999876","110","106","948","4740","31.799999999999876","120","106","934","4670","31.799999999999876","129","106","933","4665","31.799999999999876","138","106","931","4655","31.799999999999876","149","106","899","4495","31.799999999999876","157","106","902","4510","31.799999999999876","167","106","892","4460","31.799999999999876","178","106","883","4415","31.799999999999876","181","106","871","4355","31.799999999999876","194","106","854","4270","31.799999999999876","210","106","871","4355","31.799999999999876","203","106","864","4320","31.799999999999876","214","106","859","4295","31.799999999999876","221"
,,,,,,"107","1079","5395","32.09999999999987","9","107","1068","5340","32.09999999999987","18","107","1050","5250","32.09999999999987","30","107","1042","5210","32.09999999999987","40","107","1031","5155","32.09999999999987","49","107","1024","5120","32.09999999999987","57","107","1004","5020","32.09999999999987","69","107","1002","5010","32.09999999999987","77","107","981","4905","32.09999999999987","85","107","976","4880","32.09999999999987","90","107","968","4840","32.09999999999987","104","107","955","4775","32.09999999999987","110","107","948","4740","32.09999999999987","120","107","935","4675","32.09999999999987","129","107","933","4665","32.09999999999987","138","107","931","4655","32.09999999999987","149","107","899","4495","32.09999999999987","157","107","902","4510","32.09999999999987","167","107","892","4460","32.09999999999987","178","107","883","4415","32.09999999999987","181","107","872","4360","32.09999999999987","194","107","856","4280","32.09999999999987","210","107","871","4355","32.09999999999987","203","107","864","4320","32.09999999999987","214","107","860","4300","32.09999999999987","220"
,,,,,,"108","1079","5395","32.39999999999987","9","108","1068","5340","32.39999999999987","18","108","1050","5250","32.39999999999987","30","108","1043","5215","32.39999999999987","40","108","1031","5155","32.39999999999987","49","108","1024","5120","32.39999999999987","57","108","1005","5025","32.39999999999987","68","108","1002","5010","32.39999999999987","77","108","981","4905","32.39999999999987","85","108","976","4880","32.39999999999987","90","108","968","4840","32.39999999999987","104","108","957","4785","32.39999999999987","110","108","948","4740","32.39999999999987","120","108","936","4680","32.39999999999987","129","108","933","4665","32.39999999999987","138","108","931","4655","32.39999999999987","149","108","899","4495","32.39999999999987","157","108","902","4510","32.39999999999987","167","108","893","4465","32.39999999999987","177","108","884","4420","32.39999999999987","181","108","872","4360","32.39999999999987","194","108","856","4280","32.39999999999987","210","108","873","4365","32.39999999999987","202","108","865","4325","32.39999999999987","213","108","860","4300","32.39999999999987","220"
,,,,,,"109","1079","5395","32.69999999999987","9","109","1069","5345","32.69999999999987","18","109","1050","5250","32.69999999999987","30","109","1043","5215","32.69999999999987","40","109","1031","5155","32.69999999999987","49","109","1024","5120","32.69999999999987","57","109","1007","5035","32.69999999999987","67","109","1002","5010","32.69999999999987","77","109","981","4905","32.69999999999987","85","109","976","4880","32.69999999999987","90","109","968","4840","32.69999999999987","104","109","957","4785","32.69999999999987","110","109","948","4740","32.69999999999987","120","109","936","4680","32.69999999999987","129","109","934","4670","32.69999999999987","138","109","932","4660","32.69999999999987","148","109","899","4495","32.69999999999987","157","109","902","4510","32.69999999999987","167","109","893","4465","32.69999999999987","177","109","884","4420","32.69999999999987","181","109","873","4365","32.69999999999987","193","109","856","4280","32.69999999999987","210","109","875","4375","32.69999999999987","201","109","866","4330","32.69999999999987","212","109","860","4300","32.69999999999987","220"
,,,,,,"110","1079","5395","32.999999999999865","9","110","1069","5345","32.999999999999865","18","110","1050","5250","32.999999999999865","30","110","1043","5215","32.999999999999865","40","110","1031","5155","32.999999999999865","49","110","1024","5120","32.999999999999865","57","110","1007","5035","32.999999999999865","67","110","1002","5010","32.999999999999865","77","110","982","4910","32.999999999999865","85","110","976","4880","32.999999999999865","90","110","970","4850","32.999999999999865","103","110","957","4785","32.999999999999865","110","110","949","4745","32.999999999999865","120","110","937","4685","32.999999999999865","128","110","935","4675","32.999999999999865","138","110","933","4665","32.999999999999865","148","110","901","4505","32.999999999999865","157","110","903","4515","32.999999999999865","166","110","893","4465","32.999999999999865","177","110","884","4420","32.999999999999865","181","110","874","4370","32.999999999999865","193","110","857","4285","32.999999999999865","210","110","875","4375","32.999999999999865","201","110","866","4330","32.999999999999865","212","110","860","4300","32.999999999999865","220"
,,,,,,"111","1079","5395","33.29999999999986","9","111","1069","5345","33.29999999999986","18","111","1050","5250","33.29999999999986","30","111","1043","5215","33.29999999999986","40","111","1031","5155","33.29999999999986","49","111","1024","5120","33.29999999999986","57","111","1007","5035","33.29999999999986","67","111","1002","5010","33.29999999999986","77","111","984","4920","33.29999999999986","84","111","976","4880","33.29999999999986","90","111","972","4860","33.29999999999986","103","111","958","4790","33.29999999999986","110","111","949","4745","33.29999999999986","120","111","937","4685","33.29999999999986","128","111","935","4675","33.29999999999986","138","111","933","4665","33.29999999999986","148","111","901","4505","33.29999999999986","157","111","904","4520","33.29999999999986","166","111","893","4465","33.29999999999986","177","111","884","4420","33.29999999999986","181","111","876","4380","33.29999999999986","192","111","857","4285","33.29999999999986","210","111","877","4385","33.29999999999986","200","111","867","4335","33.29999999999986","212","111","860","4300","33.29999999999986","220"
,,,,,,"112","1079","5395","33.59999999999986","9","112","1070","5350","33.59999999999986","18","112","1050","5250","33.59999999999986","30","112","1043","5215","33.59999999999986","40","112","1031","5155","33.59999999999986","49","112","1024","5120","33.59999999999986","57","112","1007","5035","33.59999999999986","67","112","1002","5010","33.59999999999986","77","112","984","4920","33.59999999999986","84","112","976","4880","33.59999999999986","90","112","974","4870","33.59999999999986","103","112","958","4790","33.59999999999986","110","112","950","4750","33.59999999999986","119","112","937","4685","33.59999999999986","128","112","935","4675","33.59999999999986","138","112","933","4665","33.59999999999986","148","112","901","4505","33.59999999999986","157","112","904","4520","33.59999999999986","166","112","893","4465","33.59999999999986","177","112","885","4425","33.59999999999986","180","112","876","4380","33.59999999999986","192","112","857","4285","33.59999999999986","210","112","877","4385","33.59999999999986","200","112","867","4335","33.59999999999986","212","112","861","4305","33.59999999999986","220"
,,,,,,"113","1079","5395","33.89999999999986","9","113","1070","5350","33.89999999999986","18","113","1050","5250","33.89999999999986","30","113","1043","5215","33.89999999999986","40","113","1031","5155","33.89999999999986","49","113","1024","5120","33.89999999999986","57","113","1007","5035","33.89999999999986","67","113","1003","5015","33.89999999999986","77","113","986","4930","33.89999999999986","83","113","976","4880","33.89999999999986","90","113","975","4875","33.89999999999986","103","113","958","4790","33.89999999999986","110","113","950","4750","33.89999999999986","119","113","938","4690","33.89999999999986","128","113","935","4675","33.89999999999986","138","113","933","4665","33.89999999999986","148","113","905","4525","33.89999999999986","157","113","904","4520","33.89999999999986","166","113","893","4465","33.89999999999986","177","113","888","4440","33.89999999999986","180","113","877","4385","33.89999999999986","191","113","858","4290","33.89999999999986","209","113","877","4385","33.89999999999986","200","113","868","4340","33.89999999999986","212","113","861","4305","33.89999999999986","220"
,,,,,,"114","1079","5395","34.199999999999854","9","114","1070","5350","34.199999999999854","18","114","1050","5250","34.199999999999854","30","114","1043","5215","34.199999999999854","40","114","1031","5155","34.199999999999854","49","114","1025","5125","34.199999999999854","57","114","1007","5035","34.199999999999854","67","114","1004","5020","34.199999999999854","77","114","987","4935","34.199999999999854","83","114","977","4885","34.199999999999854","90","114","975","4875","34.199999999999854","103","114","959","4795","34.199999999999854","110","114","950","4750","34.199999999999854","119","114","938","4690","34.199999999999854","128","114","936","4680","34.199999999999854","138","114","933","4665","34.199999999999854","148","114","905","4525","34.199999999999854","157","114","906","4530","34.199999999999854","166","114","893","4465","34.199999999999854","177","114","888","4440","34.199999999999854","180","114","878","4390","34.199999999999854","191","114","858","4290","34.199999999999854","209","114","878","4390","34.199999999999854","200","114","869","4345","34.199999999999854","211","114","861","4305","34.199999999999854","220"
,,,,,,"115","1079","5395","34.49999999999985","9","115","1070","5350","34.49999999999985","18","115","1050","5250","34.49999999999985","30","115","1043","5215","34.49999999999985","40","115","1032","5160","34.49999999999985","49","115","1026","5130","34.49999999999985","57","115","1007","5035","34.49999999999985","67","115","1004","5020","34.49999999999985","77","115","988","4940","34.49999999999985","83","115","977","4885","34.49999999999985","90","115","975","4875","34.49999999999985","103","115","959","4795","34.49999999999985","110","115","950","4750","34.49999999999985","119","115","938","4690","34.49999999999985","128","115","938","4690","34.49999999999985","136","115","933","4665","34.49999999999985","148","115","906","4530","34.49999999999985","157","115","907","4535","34.49999999999985","166","115","893","4465","34.49999999999985","177","115","891","4455","34.49999999999985","179","115","879","4395","34.49999999999985","191","115","859","4295","34.49999999999985","209","115","878","4390","34.49999999999985","200","115","869","4345","34.49999999999985","211","115","861","4305","34.49999999999985","220"
,,,,,,"116","1079","5395","34.79999999999985","9","116","1070","5350","34.79999999999985","18","116","1050","5250","34.79999999999985","30","116","1044","5220","34.79999999999985","40","116","1032","5160","34.79999999999985","49","116","1026","5130","34.79999999999985","57","116","1007","5035","34.79999999999985","67","116","1004","5020","34.79999999999985","77","116","990","4950","34.79999999999985","82","116","977","4885","34.79999999999985","90","116","975","4875","34.79999999999985","103","116","959","4795","34.79999999999985","110","116","951","4755","34.79999999999985","118","116","938","4690","34.79999999999985","128","116","938","4690","34.79999999999985","136","116","933","4665","34.79999999999985","148","116","906","4530","34.79999999999985","157","116","909","4545","34.79999999999985","166","116","893","4465","34.79999999999985","177","116","893","4465","34.79999999999985","179","116","879","4395","34.79999999999985","191","116","859","4295","34.79999999999985","209","116","878","4390","34.79999999999985","200","116","871","4355","34.79999999999985","210","116","863","4315","34.79999999999985","218"
,,,,,,"117","1079","5395","35.099999999999845","9","117","1070","5350","35.099999999999845","18","117","1050","5250","35.099999999999845","30","117","1044","5220","35.099999999999845","40","117","1032","5160","35.099999999999845","49","117","1026","5130","35.099999999999845","57","117","1007","5035","35.099999999999845","67","117","1004","5020","35.099999999999845","77","117","990","4950","35.099999999999845","82","117","978","4890","35.099999999999845","90","117","976","4880","35.099999999999845","102","117","959","4795","35.099999999999845","110","117","953","4765","35.099999999999845","118","117","940","4700","35.099999999999845","127","117","938","4690","35.099999999999845","136","117","933","4665","35.099999999999845","148","117","907","4535","35.099999999999845","156","117","909","4545","35.099999999999845","166","117","893","4465","35.099999999999845","177","117","894","4470","35.099999999999845","178","117","880","4400","35.099999999999845","190","117","859","4295","35.099999999999845","209","117","878","4390","35.099999999999845","200","117","871","4355","35.099999999999845","210","117","863","4315","35.099999999999845","218"
,,,,,,"118","1079","5395","35.39999999999984","9","118","1070","5350","35.39999999999984","18","118","1050","5250","35.39999999999984","30","118","1044","5220","35.39999999999984","40","118","1032","5160","35.39999999999984","49","118","1026","5130","35.39999999999984","57","118","1007","5035","35.39999999999984","67","118","1004","5020","35.39999999999984","77","118","990","4950","35.39999999999984","82","118","979","4895","35.39999999999984","90","118","977","4885","35.39999999999984","102","118","959","4795","35.39999999999984","110","118","953","4765","35.39999999999984","118","118","940","4700","35.39999999999984","127","118","938","4690","35.39999999999984","136","118","933","4665","35.39999999999984","148","118","907","4535","35.39999999999984","156","118","911","4555","35.39999999999984","165","118","894","4470","35.39999999999984","177","118","894","4470","35.39999999999984","178","118","880","4400","35.39999999999984","190","118","859","4295","35.39999999999984","209","118","878","4390","35.39999999999984","200","118","871","4355","35.39999999999984","210","118","863","4315","35.39999999999984","218"
,,,,,,"119","1079","5395","35.69999999999984","9","119","1070","5350","35.69999999999984","18","119","1050","5250","35.69999999999984","30","119","1044","5220","35.69999999999984","40","119","1032","5160","35.69999999999984","49","119","1026","5130","35.69999999999984","57","119","1007","5035","35.69999999999984","67","119","1004","5020","35.69999999999984","77","119","990","4950","35.69999999999984","82","119","979","4895","35.69999999999984","90","119","978","4890","35.69999999999984","102","119","959","4795","35.69999999999984","110","119","953","4765","35.69999999999984","118","119","940","4700","35.69999999999984","127","119","938","4690","35.69999999999984","136","119","934","4670","35.69999999999984","148","119","907","4535","35.69999999999984","156","119","913","4565","35.69999999999984","165","119","894","4470","35.69999999999984","177","119","894","4470","35.69999999999984","178","119","883","4415","35.69999999999984","189","119","861","4305","35.69999999999984","207","119","878","4390","35.69999999999984","200","119","874","4370","35.69999999999984","209","119","864","4320","35.69999999999984","218"
,,,,,,"120","1079","5395","35.99999999999984","9","120","1070","5350","35.99999999999984","18","120","1050","5250","35.99999999999984","30","120","1044","5220","35.99999999999984","40","120","1032","5160","35.99999999999984","49","120","1027","5135","35.99999999999984","57","120","1007","5035","35.99999999999984","67","120","1004","5020","35.99999999999984","77","120","990","4950","35.99999999999984","82","120","979","4895","35.99999999999984","90","120","978","4890","35.99999999999984","102","120","960","4800","35.99999999999984","109","120","955","4775","35.99999999999984","117","120","942","4710","35.99999999999984","127","120","938","4690","35.99999999999984","136","120","935","4675","35.99999999999984","148","120","909","4545","35.99999999999984","155","120","913","4565","35.99999999999984","165","120","895","4475","35.99999999999984","177","120","894","4470","35.99999999999984","178","120","883","4415","35.99999999999984","189","120","862","4310","35.99999999999984","207","120","878","4390","35.99999999999984","200","120","874","4370","35.99999999999984","209","120","866","4330","35.99999999999984","217"
,,,,,,"121","1079","5395","36.299999999999834","9","121","1070","5350","36.299999999999834","18","121","1050","5250","36.299999999999834","30","121","1044","5220","36.299999999999834","40","121","1032","5160","36.299999999999834","49","121","1027","5135","36.299999999999834","57","121","1007","5035","36.299999999999834","67","121","1004","5020","36.299999999999834","77","121","992","4960","36.299999999999834","82","121","979","4895","36.299999999999834","90","121","979","4895","36.299999999999834","102","121","961","4805","36.299999999999834","109","121","957","4785","36.299999999999834","117","121","942","4710","36.299999999999834","127","121","938","4690","36.299999999999834","136","121","935","4675","36.299999999999834","148","121","909","4545","36.299999999999834","155","121","913","4565","36.299999999999834","165","121","895","4475","36.299999999999834","177","121","894","4470","36.299999999999834","178","121","885","4425","36.299999999999834","189","121","863","4315","36.299999999999834","206","121","879","4395","36.299999999999834","200","121","874","4370","36.299999999999834","209","121","866","4330","36.299999999999834","217"
,,,,,,"122","1079","5395","36.59999999999983","9","122","1070","5350","36.59999999999983","18","122","1050","5250","36.59999999999983","30","122","1044","5220","36.59999999999983","40","122","1032","5160","36.59999999999983","49","122","1027","5135","36.59999999999983","57","122","1007","5035","36.59999999999983","67","122","1005","5025","36.59999999999983","76","122","994","4970","36.59999999999983","82","122","979","4895","36.59999999999983","90","122","979","4895","36.59999999999983","102","122","961","4805","36.59999999999983","109","122","957","4785","36.59999999999983","117","122","944","4720","36.59999999999983","125","122","938","4690","36.59999999999983","136","122","935","4675","36.59999999999983","148","122","910","4550","36.59999999999983","155","122","913","4565","36.59999999999983","165","122","895","4475","36.59999999999983","177","122","894","4470","36.59999999999983","178","122","885","4425","36.59999999999983","189","122","866","4330","36.59999999999983","204","122","880","4400","36.59999999999983","199","122","874","4370","36.59999999999983","209","122","866","4330","36.59999999999983","217"
,,,,,,"123","1079","5395","36.89999999999983","9","123","1070","5350","36.89999999999983","18","123","1051","5255","36.89999999999983","30","123","1045","5225","36.89999999999983","40","123","1034","5170","36.89999999999983","49","123","1027","5135","36.89999999999983","57","123","1007","5035","36.89999999999983","67","123","1005","5025","36.89999999999983","76","123","995","4975","36.89999999999983","82","123","979","4895","36.89999999999983","90","123","981","4905","36.89999999999983","101","123","961","4805","36.89999999999983","109","123","958","4790","36.89999999999983","116","123","944","4720","36.89999999999983","125","123","938","4690","36.89999999999983","136","123","935","4675","36.89999999999983","148","123","912","4560","36.89999999999983","155","123","913","4565","36.89999999999983","165","123","895","4475","36.89999999999983","177","123","895","4475","36.89999999999983","178","123","886","4430","36.89999999999983","189","123","868","4340","36.89999999999983","204","123","880","4400","36.89999999999983","199","123","874","4370","36.89999999999983","209","123","867","4335","36.89999999999983","217"
,,,,,,"124","1079","5395","37.199999999999825","9","124","1070","5350","37.199999999999825","18","124","1051","5255","37.199999999999825","30","124","1045","5225","37.199999999999825","40","124","1034","5170","37.199999999999825","49","124","1027","5135","37.199999999999825","57","124","1009","5045","37.199999999999825","66","124","1005","5025","37.199999999999825","76","124","995","4975","37.199999999999825","82","124","980","4900","37.199999999999825","90","124","981","4905","37.199999999999825","101","124","962","4810","37.199999999999825","108","124","958","4790","37.199999999999825","116","124","946","4730","37.199999999999825","124","124","938","4690","37.199999999999825","136","124","935","4675","37.199999999999825","148","124","913","4565","37.199999999999825","155","124","913","4565","37.199999999999825","165","124","895","4475","37.199999999999825","177","124","895","4475","37.199999999999825","178","124","886","4430","37.199999999999825","189","124","868","4340","37.199999999999825","204","124","880","4400","37.199999999999825","199","124","874","4370","37.199999999999825","209","124","867","4335","37.199999999999825","217"
,,,,,,"125","1079","5395","37.49999999999982","9","125","1070","5350","37.49999999999982","18","125","1051","5255","37.49999999999982","30","125","1045","5225","37.49999999999982","40","125","1034","5170","37.49999999999982","49","125","1027","5135","37.49999999999982","57","125","1010","5050","37.49999999999982","65","125","1006","5030","37.49999999999982","76","125","995","4975","37.49999999999982","82","125","980","4900","37.49999999999982","90","125","981","4905","37.49999999999982","101","125","962","4810","37.49999999999982","108","125","959","4795","37.49999999999982","116","125","946","4730","37.49999999999982","124","125","940","4700","37.49999999999982","135","125","935","4675","37.49999999999982","148","125","914","4570","37.49999999999982","155","125","913","4565","37.49999999999982","165","125","895","4475","37.49999999999982","177","125","896","4480","37.49999999999982","178","125","887","4435","37.49999999999982","189","125","868","4340","37.49999999999982","204","125","881","4405","37.49999999999982","197","125","875","4375","37.49999999999982","208","125","869","4345","37.49999999999982","216"
,,,,,,"126","1079","5395","37.79999999999982","9","126","1070","5350","37.79999999999982","18","126","1051","5255","37.79999999999982","30","126","1045","5225","37.79999999999982","40","126","1034","5170","37.79999999999982","49","126","1027","5135","37.79999999999982","57","126","1010","5050","37.79999999999982","65","126","1006","5030","37.79999999999982","76","126","996","4980","37.79999999999982","81","126","983","4915","37.79999999999982","89","126","981","4905","37.79999999999982","101","126","962","4810","37.79999999999982","108","126","960","4800","37.79999999999982","115","126","946","4730","37.79999999999982","124","126","940","4700","37.79999999999982","135","126","936","4680","37.79999999999982","147","126","914","4570","37.79999999999982","155","126","913","4565","37.79999999999982","165","126","895","4475","37.79999999999982","177","126","896","4480","37.79999999999982","178","126","887","4435","37.79999999999982","189","126","869","4345","37.79999999999982","204","126","881","4405","37.79999999999982","197","126","877","4385","37.79999999999982","207","126","870","4350","37.79999999999982","216"
,,,,,,"127","1079","5395","38.09999999999982","9","127","1070","5350","38.09999999999982","18","127","1051","5255","38.09999999999982","30","127","1045","5225","38.09999999999982","40","127","1035","5175","38.09999999999982","48","127","1028","5140","38.09999999999982","56","127","1012","5060","38.09999999999982","63","127","1006","5030","38.09999999999982","76","127","996","4980","38.09999999999982","81","127","984","4920","38.09999999999982","89","127","981","4905","38.09999999999982","101","127","962","4810","38.09999999999982","108","127","960","4800","38.09999999999982","115","127","946","4730","38.09999999999982","124","127","940","4700","38.09999999999982","135","127","937","4685","38.09999999999982","147","127","916","4580","38.09999999999982","155","127","913","4565","38.09999999999982","165","127","897","4485","38.09999999999982","176","127","897","4485","38.09999999999982","178","127","887","4435","38.09999999999982","189","127","872","4360","38.09999999999982","202","127","882","4410","38.09999999999982","196","127","877","4385","38.09999999999982","207","127","870","4350","38.09999999999982","216"
,,,,,,"128","1079","5395","38.399999999999814","9","128","1070","5350","38.399999999999814","18","128","1051","5255","38.399999999999814","30","128","1045","5225","38.399999999999814","40","128","1036","5180","38.399999999999814","48","128","1029","5145","38.399999999999814","56","128","1014","5070","38.399999999999814","63","128","1006","5030","38.399999999999814","76","128","996","4980","38.399999999999814","81","128","984","4920","38.399999999999814","89","128","981","4905","38.399999999999814","101","128","962","4810","38.399999999999814","108","128","960","4800","38.399999999999814","115","128","946","4730","38.399999999999814","124","128","940","4700","38.399999999999814","135","128","937","4685","38.399999999999814","147","128","919","4595","38.399999999999814","154","128","913","4565","38.399999999999814","165","128","898","4490","38.399999999999814","175","128","898","4490","38.399999999999814","178","128","887","4435","38.399999999999814","189","128","872","4360","38.399999999999814","202","128","882","4410","38.399999999999814","196","128","877","4385","38.399999999999814","207","128","870","4350","38.399999999999814","216"
,,,,,,"129","1079","5395","38.69999999999981","9","129","1070","5350","38.69999999999981","18","129","1051","5255","38.69999999999981","30","129","1045","5225","38.69999999999981","40","129","1036","5180","38.69999999999981","48","129","1029","5145","38.69999999999981","56","129","1014","5070","38.69999999999981","63","129","1008","5040","38.69999999999981","75","129","996","4980","38.69999999999981","81","129","984","4920","38.69999999999981","89","129","981","4905","38.69999999999981","101","129","963","4815","38.69999999999981","107","129","960","4800","38.69999999999981","115","129","946","4730","38.69999999999981","124","129","940","4700","38.69999999999981","135","129","937","4685","38.69999999999981","147","129","919","4595","38.69999999999981","154","129","913","4565","38.69999999999981","165","129","899","4495","38.69999999999981","174","129","898","4490","38.69999999999981","178","129","888","4440","38.69999999999981","189","129","873","4365","38.69999999999981","201","129","884","4420","38.69999999999981","196","129","878","4390","38.69999999999981","206","129","870","4350","38.69999999999981","216"
,,,,,,"130","1079","5395","38.99999999999981","9","130","1070","5350","38.99999999999981","18","130","1051","5255","38.99999999999981","30","130","1045","5225","38.99999999999981","40","130","1036","5180","38.99999999999981","48","130","1029","5145","38.99999999999981","56","130","1014","5070","38.99999999999981","63","130","1008","5040","38.99999999999981","75","130","996","4980","38.99999999999981","81","130","985","4925","38.99999999999981","88","130","982","4910","38.99999999999981","101","130","963","4815","38.99999999999981","107","130","960","4800","38.99999999999981","115","130","946","4730","38.99999999999981","124","130","941","4705","38.99999999999981","134","130","937","4685","38.99999999999981","147","130","919","4595","38.99999999999981","154","130","913","4565","38.99999999999981","165","130","899","4495","38.99999999999981","174","130","899","4495","38.99999999999981","177","130","891","4455","38.99999999999981","187","130","874","4370","38.99999999999981","201","130","886","4430","38.99999999999981","196","130","879","4395","38.99999999999981","205","130","871","4355","38.99999999999981","215"
,,,,,,"131","1079","5395","39.299999999999805","9","131","1070","5350","39.299999999999805","18","131","1051","5255","39.299999999999805","30","131","1046","5230","39.299999999999805","38","131","1036","5180","39.299999999999805","48","131","1029","5145","39.299999999999805","56","131","1014","5070","39.299999999999805","63","131","1008","5040","39.299999999999805","75","131","997","4985","39.299999999999805","81","131","985","4925","39.299999999999805","88","131","982","4910","39.299999999999805","101","131","963","4815","39.299999999999805","107","131","960","4800","39.299999999999805","115","131","947","4735","39.299999999999805","124","131","941","4705","39.299999999999805","134","131","937","4685","39.299999999999805","147","131","919","4595","39.299999999999805","154","131","913","4565","39.299999999999805","165","131","899","4495","39.299999999999805","174","131","899","4495","39.299999999999805","177","131","891","4455","39.299999999999805","187","131","874","4370","39.299999999999805","201","131","886","4430","39.299999999999805","196","131","881","4405","39.299999999999805","204","131","872","4360","39.299999999999805","215"
,,,,,,"132","1079","5395","39.5999999999998","9","132","1070","5350","39.5999999999998","18","132","1051","5255","39.5999999999998","30","132","1046","5230","39.5999999999998","38","132","1036","5180","39.5999999999998","48","132","1029","5145","39.5999999999998","56","132","1014","5070","39.5999999999998","63","132","1008","5040","39.5999999999998","75","132","999","4995","39.5999999999998","79","132","985","4925","39.5999999999998","88","132","982","4910","39.5999999999998","101","132","963","4815","39.5999999999998","107","132","960","4800","39.5999999999998","115","132","947","4735","39.5999999999998","124","132","941","4705","39.5999999999998","134","132","938","4690","39.5999999999998","147","132","919","4595","39.5999999999998","154","132","914","4570","39.5999999999998","164","132","899","4495","39.5999999999998","174","132","901","4505","39.5999999999998","177","132","891","4455","39.5999999999998","187","132","875","4375","39.5999999999998","201","132","886","4430","39.5999999999998","196","132","882","4410","39.5999999999998","204","132","873","4365","39.5999999999998","215"
,,,,,,"133","1079","5395","39.8999999999998","9","133","1070","5350","39.8999999999998","18","133","1051","5255","39.8999999999998","30","133","1046","5230","39.8999999999998","38","133","1036","5180","39.8999999999998","48","133","1029","5145","39.8999999999998","56","133","1014","5070","39.8999999999998","63","133","1008","5040","39.8999999999998","75","133","1000","5000","39.8999999999998","78","133","985","4925","39.8999999999998","88","133","982","4910","39.8999999999998","101","133","966","4830","39.8999999999998","105","133","960","4800","39.8999999999998","115","133","947","4735","39.8999999999998","124","133","941","4705","39.8999999999998","134","133","938","4690","39.8999999999998","147","133","919","4595","39.8999999999998","154","133","914","4570","39.8999999999998","164","133","899","4495","39.8999999999998","174","133","903","4515","39.8999999999998","176","133","891","4455","39.8999999999998","187","133","875","4375","39.8999999999998","201","133","887","4435","39.8999999999998","195","133","882","4410","39.8999999999998","204","133","873","4365","39.8999999999998","215"
,,,,,,"134","1079","5395","40.1999999999998","9","134","1070","5350","40.1999999999998","18","134","1051","5255","40.1999999999998","30","134","1046","5230","40.1999999999998","38","134","1036","5180","40.1999999999998","48","134","1029","5145","40.1999999999998","56","134","1014","5070","40.1999999999998","63","134","1008","5040","40.1999999999998","75","134","1000","5000","40.1999999999998","78","134","985","4925","40.1999999999998","88","134","982","4910","40.1999999999998","101","134","966","4830","40.1999999999998","105","134","960","4800","40.1999999999998","115","134","947","4735","40.1999999999998","124","134","941","4705","40.1999999999998","134","134","938","4690","40.1999999999998","147","134","920","4600","40.1999999999998","154","134","914","4570","40.1999999999998","164","134","899","4495","40.1999999999998","174","134","903","4515","40.1999999999998","176","134","891","4455","40.1999999999998","187","134","876","4380","40.1999999999998","200","134","888","4440","40.1999999999998","195","134","883","4415","40.1999999999998","203","134","875","4375","40.1999999999998","214"
,,,,,,"135","1079","5395","40.499999999999794","9","135","1070","5350","40.499999999999794","18","135","1051","5255","40.499999999999794","30","135","1046","5230","40.499999999999794","38","135","1036","5180","40.499999999999794","48","135","1029","5145","40.499999999999794","56","135","1015","5075","40.499999999999794","63","135","1008","5040","40.499999999999794","75","135","1000","5000","40.499999999999794","78","135","985","4925","40.499999999999794","88","135","982","4910","40.499999999999794","101","135","966","4830","40.499999999999794","105","135","960","4800","40.499999999999794","115","135","947","4735","40.499999999999794","124","135","941","4705","40.499999999999794","134","135","940","4700","40.499999999999794","146","135","921","4605","40.499999999999794","152","135","914","4570","40.499999999999794","164","135","899","4495","40.499999999999794","174","135","903","4515","40.499999999999794","176","135","893","4465","40.499999999999794","186","135","876","4380","40.499999999999794","200","135","889","4445","40.499999999999794","194","135","885","4425","40.499999999999794","202","135","876","4380","40.499999999999794","214"
,,,,,,"136","1080","5400","40.79999999999979","8","136","1070","5350","40.79999999999979","18","136","1051","5255","40.79999999999979","30","136","1046","5230","40.79999999999979","38","136","1037","5185","40.79999999999979","48","136","1029","5145","40.79999999999979","56","136","1016","5080","40.79999999999979","63","136","1010","5050","40.79999999999979","74","136","1000","5000","40.79999999999979","78","136","985","4925","40.79999999999979","88","136","982","4910","40.79999999999979","101","136","966","4830","40.79999999999979","105","136","960","4800","40.79999999999979","115","136","947","4735","40.79999999999979","124","136","941","4705","40.79999999999979","134","136","940","4700","40.79999999999979","146","136","923","4615","40.79999999999979","152","136","914","4570","40.79999999999979","164","136","900","4500","40.79999999999979","174","136","904","4520","40.79999999999979","176","136","893","4465","40.79999999999979","186","136","877","4385","40.79999999999979","200","136","890","4450","40.79999999999979","193","136","887","4435","40.79999999999979","201","136","877","4385","40.79999999999979","214"
,,,,,,"137","1080","5400","41.09999999999979","8","137","1070","5350","41.09999999999979","18","137","1051","5255","41.09999999999979","30","137","1046","5230","41.09999999999979","38","137","1038","5190","41.09999999999979","47","137","1029","5145","41.09999999999979","56","137","1017","5085","41.09999999999979","63","137","1011","5055","41.09999999999979","74","137","1000","5000","41.09999999999979","78","137","985","4925","41.09999999999979","88","137","983","4915","41.09999999999979","100","137","967","4835","41.09999999999979","105","137","960","4800","41.09999999999979","115","137","948","4740","41.09999999999979","124","137","941","4705","41.09999999999979","134","137","940","4700","41.09999999999979","146","137","923","4615","41.09999999999979","152","137","915","4575","41.09999999999979","164","137","900","4500","41.09999999999979","174","137","905","4525","41.09999999999979","175","137","894","4470","41.09999999999979","186","137","878","4390","41.09999999999979","200","137","890","4450","41.09999999999979","193","137","888","4440","41.09999999999979","200","137","877","4385","41.09999999999979","214"
,,,,,,"138","1080","5400","41.399999999999785","8","138","1070","5350","41.399999999999785","18","138","1051","5255","41.399999999999785","30","138","1046","5230","41.399999999999785","38","138","1038","5190","41.399999999999785","47","138","1029","5145","41.399999999999785","56","138","1018","5090","41.399999999999785","63","138","1011","5055","41.399999999999785","74","138","1002","5010","41.399999999999785","78","138","985","4925","41.399999999999785","88","138","983","4915","41.399999999999785","100","138","967","4835","41.399999999999785","105","138","960","4800","41.399999999999785","115","138","948","4740","41.399999999999785","124","138","941","4705","41.399999999999785","134","138","940","4700","41.399999999999785","146","138","924","4620","41.399999999999785","151","138","916","4580","41.399999999999785","164","138","900","4500","41.399999999999785","174","138","909","4545","41.399999999999785","174","138","895","4475","41.399999999999785","186","138","878","4390","41.399999999999785","200","138","890","4450","41.399999999999785","193","138","889","4445","41.399999999999785","200","138","877","4385","41.399999999999785","214"
,,,,,,"139","1081","5405","41.69999999999978","7","139","1070","5350","41.69999999999978","18","139","1051","5255","41.69999999999978","30","139","1046","5230","41.69999999999978","38","139","1038","5190","41.69999999999978","47","139","1029","5145","41.69999999999978","56","139","1018","5090","41.69999999999978","63","139","1011","5055","41.69999999999978","74","139","1002","5010","41.69999999999978","78","139","985","4925","41.69999999999978","88","139","983","4915","41.69999999999978","100","139","967","4835","41.69999999999978","105","139","960","4800","41.69999999999978","115","139","948","4740","41.69999999999978","124","139","942","4710","41.69999999999978","133","139","942","4710","41.69999999999978","145","139","925","4625","41.69999999999978","151","139","916","4580","41.69999999999978","164","139","902","4510","41.69999999999978","173","139","910","4550","41.69999999999978","174","139","895","4475","41.69999999999978","186","139","879","4395","41.69999999999978","200","139","890","4450","41.69999999999978","193","139","889","4445","41.69999999999978","200","139","878","4390","41.69999999999978","214"
,,,,,,"140","1081","5405","41.99999999999978","7","140","1070","5350","41.99999999999978","18","140","1051","5255","41.99999999999978","30","140","1046","5230","41.99999999999978","38","140","1039","5195","41.99999999999978","46","140","1030","5150","41.99999999999978","56","140","1018","5090","41.99999999999978","63","140","1011","5055","41.99999999999978","74","140","1002","5010","41.99999999999978","78","140","986","4930","41.99999999999978","88","140","983","4915","41.99999999999978","100","140","967","4835","41.99999999999978","105","140","962","4810","41.99999999999978","114","140","949","4745","41.99999999999978","124","140","944","4720","41.99999999999978","132","140","942","4710","41.99999999999978","145","140","926","4630","41.99999999999978","151","140","916","4580","41.99999999999978","164","140","902","4510","41.99999999999978","173","140","911","4555","41.99999999999978","174","140","896","4480","41.99999999999978","186","140","879","4395","41.99999999999978","200","140","891","4455","41.99999999999978","192","140","889","4445","41.99999999999978","200","140","878","4390","41.99999999999978","214"
,,,,,,"141","1081","5405","42.29999999999978","7","141","1070","5350","42.29999999999978","18","141","1053","5265","42.29999999999978","30","141","1046","5230","42.29999999999978","38","141","1040","5200","42.29999999999978","46","141","1030","5150","42.29999999999978","56","141","1018","5090","42.29999999999978","63","141","1011","5055","42.29999999999978","74","141","1002","5010","42.29999999999978","78","141","986","4930","42.29999999999978","88","141","983","4915","42.29999999999978","100","141","967","4835","42.29999999999978","105","141","962","4810","42.29999999999978","114","141","951","4755","42.29999999999978","124","141","944","4720","42.29999999999978","132","141","943","4715","42.29999999999978","143","141","927","4635","42.29999999999978","151","141","916","4580","42.29999999999978","164","141","904","4520","42.29999999999978","172","141","912","4560","42.29999999999978","174","141","896","4480","42.29999999999978","186","141","879","4395","42.29999999999978","200","141","892","4460","42.29999999999978","192","141","889","4445","42.29999999999978","200","141","878","4390","42.29999999999978","214"
,,,,,,"142","1081","5405","42.599999999999774","7","142","1070","5350","42.599999999999774","18","142","1054","5270","42.599999999999774","29","142","1046","5230","42.599999999999774","38","142","1040","5200","42.599999999999774","46","142","1030","5150","42.599999999999774","56","142","1019","5095","42.599999999999774","63","142","1011","5055","42.599999999999774","74","142","1002","5010","42.599999999999774","78","142","986","4930","42.599999999999774","88","142","983","4915","42.599999999999774","100","142","970","4850","42.599999999999774","102","142","963","4815","42.599999999999774","114","142","952","4760","42.599999999999774","124","142","944","4720","42.599999999999774","132","142","944","4720","42.599999999999774","142","142","928","4640","42.599999999999774","150","142","916","4580","42.599999999999774","164","142","904","4520","42.599999999999774","172","142","912","4560","42.599999999999774","174","142","897","4485","42.599999999999774","186","142","880","4400","42.599999999999774","200","142","894","4470","42.599999999999774","192","142","889","4445","42.599999999999774","200","142","878","4390","42.599999999999774","214"
,,,,,,"143","1081","5405","42.89999999999977","7","143","1070","5350","42.89999999999977","18","143","1055","5275","42.89999999999977","29","143","1046","5230","42.89999999999977","38","143","1040","5200","42.89999999999977","46","143","1031","5155","42.89999999999977","56","143","1019","5095","42.89999999999977","63","143","1011","5055","42.89999999999977","74","143","1002","5010","42.89999999999977","78","143","986","4930","42.89999999999977","88","143","983","4915","42.89999999999977","100","143","971","4855","42.89999999999977","101","143","963","4815","42.89999999999977","114","143","953","4765","42.89999999999977","124","143","944","4720","42.89999999999977","132","143","945","4725","42.89999999999977","142","143","928","4640","42.89999999999977","150","143","916","4580","42.89999999999977","164","143","904","4520","42.89999999999977","172","143","912","4560","42.89999999999977","174","143","900","4500","42.89999999999977","184","143","880","4400","42.89999999999977","200","143","894","4470","42.89999999999977","192","143","889","4445","42.89999999999977","200","143","879","4395","42.89999999999977","214"
,,,,,,"144","1081","5405","43.19999999999977","7","144","1070","5350","43.19999999999977","18","144","1055","5275","43.19999999999977","29","144","1046","5230","43.19999999999977","38","144","1040","5200","43.19999999999977","46","144","1032","5160","43.19999999999977","56","144","1019","5095","43.19999999999977","63","144","1011","5055","43.19999999999977","74","144","1002","5010","43.19999999999977","78","144","986","4930","43.19999999999977","88","144","983","4915","43.19999999999977","100","144","971","4855","43.19999999999977","101","144","963","4815","43.19999999999977","114","144","953","4765","43.19999999999977","124","144","944","4720","43.19999999999977","132","144","946","4730","43.19999999999977","142","144","928","4640","43.19999999999977","150","144","919","4595","43.19999999999977","163","144","904","4520","43.19999999999977","172","144","912","4560","43.19999999999977","174","144","900","4500","43.19999999999977","184","144","880","4400","43.19999999999977","200","144","894","4470","43.19999999999977","192","144","889","4445","43.19999999999977","200","144","880","4400","43.19999999999977","213"
,,,,,,"145","1081","5405","43.499999999999766","7","145","1070","5350","43.499999999999766","18","145","1055","5275","43.499999999999766","29","145","1046","5230","43.499999999999766","38","145","1040","5200","43.499999999999766","46","145","1033","5165","43.499999999999766","55","145","1019","5095","43.499999999999766","63","145","1011","5055","43.499999999999766","74","145","1002","5010","43.499999999999766","78","145","986","4930","43.499999999999766","88","145","983","4915","43.499999999999766","100","145","973","4865","43.499999999999766","101","145","964","4820","43.499999999999766","114","145","954","4770","43.499999999999766","123","145","944","4720","43.499999999999766","132","145","947","4735","43.499999999999766","141","145","930","4650","43.499999999999766","150","145","921","4605","43.499999999999766","163","145","904","4520","43.499999999999766","172","145","914","4570","43.499999999999766","173","145","900","4500","43.499999999999766","184","145","881","4405","43.499999999999766","200","145","896","4480","43.499999999999766","190","145","889","4445","43.499999999999766","200","145","881","4405","43.499999999999766","213"
,,,,,,"146","1081","5405","43.79999999999976","7","146","1070","5350","43.79999999999976","18","146","1055","5275","43.79999999999976","29","146","1046","5230","43.79999999999976","38","146","1040","5200","43.79999999999976","46","146","1033","5165","43.79999999999976","55","146","1019","5095","43.79999999999976","63","146","1011","5055","43.79999999999976","74","146","1002","5010","43.79999999999976","78","146","987","4935","43.79999999999976","87","146","983","4915","43.79999999999976","100","146","973","4865","43.79999999999976","101","146","964","4820","43.79999999999976","114","146","955","4775","43.79999999999976","123","146","944","4720","43.79999999999976","132","146","948","4740","43.79999999999976","141","146","930","4650","43.79999999999976","150","146","923","4615","43.79999999999976","162","146","907","4535","43.79999999999976","170","146","918","4590","43.79999999999976","170","146","901","4505","43.79999999999976","183","146","881","4405","43.79999999999976","200","146","897","4485","43.79999999999976","190","146","889","4445","43.79999999999976","200","146","881","4405","43.79999999999976","213"
,,,,,,"147","1081","5405","44.09999999999976","7","147","1070","5350","44.09999999999976","18","147","1055","5275","44.09999999999976","29","147","1046","5230","44.09999999999976","38","147","1040","5200","44.09999999999976","46","147","1033","5165","44.09999999999976","55","147","1019","5095","44.09999999999976","63","147","1012","5060","44.09999999999976","73","147","1003","5015","44.09999999999976","77","147","987","4935","44.09999999999976","87","147","984","4920","44.09999999999976","99","147","974","4870","44.09999999999976","100","147","964","4820","44.09999999999976","114","147","955","4775","44.09999999999976","123","147","944","4720","44.09999999999976","132","147","948","4740","44.09999999999976","141","147","930","4650","44.09999999999976","150","147","926","4630","44.09999999999976","160","147","908","4540","44.09999999999976","170","147","919","4595","44.09999999999976","169","147","903","4515","44.09999999999976","181","147","883","4415","44.09999999999976","200","147","901","4505","44.09999999999976","188","147","890","4450","44.09999999999976","200","147","883","4415","44.09999999999976","212"
,,,,,,"148","1082","5410","44.39999999999976","7","148","1070","5350","44.39999999999976","18","148","1055","5275","44.39999999999976","29","148","1048","5240","44.39999999999976","38","148","1040","5200","44.39999999999976","46","148","1033","5165","44.39999999999976","55","148","1020","5100","44.39999999999976","63","148","1013","5065","44.39999999999976","73","148","1004","5020","44.39999999999976","77","148","988","4940","44.39999999999976","87","148","985","4925","44.39999999999976","99","148","974","4870","44.39999999999976","100","148","964","4820","44.39999999999976","114","148","955","4775","44.39999999999976","123","148","944","4720","44.39999999999976","132","148","948","4740","44.39999999999976","141","148","930","4650","44.39999999999976","150","148","928","4640","44.39999999999976","159","148","908","4540","44.39999999999976","170","148","919","4595","44.39999999999976","169","148","905","4525","44.39999999999976","181","148","883","4415","44.39999999999976","200","148","901","4505","44.39999999999976","188","148","890","4450","44.39999999999976","200","148","884","4420","44.39999999999976","212"
,,,,,,"149","1082","5410","44.699999999999754","7","149","1070","5350","44.699999999999754","18","149","1055","5275","44.699999999999754","29","149","1048","5240","44.699999999999754","38","149","1040","5200","44.699999999999754","46","149","1033","5165","44.699999999999754","55","149","1020","5100","44.699999999999754","63","149","1013","5065","44.699999999999754","73","149","1004","5020","44.699999999999754","77","149","989","4945","44.699999999999754","87","149","985","4925","44.699999999999754","99","149","974","4870","44.699999999999754","100","149","964","4820","44.699999999999754","114","149","957","4785","44.699999999999754","123","149","945","4725","44.699999999999754","132","149","949","4745","44.699999999999754","140","149","930","4650","44.699999999999754","150","149","928","4640","44.699999999999754","159","149","910","4550","44.699999999999754","168","149","919","4595","44.699999999999754","169","149","905","4525","44.699999999999754","181","149","884","4420","44.699999999999754","200","149","902","4510","44.699999999999754","187","149","890","4450","44.699999999999754","200","149","884","4420","44.699999999999754","212"
,,,,,,"150","1082","5410","44.99999999999975","7","150","1070","5350","44.99999999999975","18","150","1055","5275","44.99999999999975","29","150","1048","5240","44.99999999999975","38","150","1040","5200","44.99999999999975","46","150","1033","5165","44.99999999999975","55","150","1020","5100","44.99999999999975","63","150","1013","5065","44.99999999999975","73","150","1004","5020","44.99999999999975","77","150","989","4945","44.99999999999975","87","150","986","4930","44.99999999999975","99","150","975","4875","44.99999999999975","99","150","964","4820","44.99999999999975","114","150","957","4785","44.99999999999975","123","150","947","4735","44.99999999999975","132","150","949","4745","44.99999999999975","140","150","931","4655","44.99999999999975","150","150","928","4640","44.99999999999975","159","150","910","4550","44.99999999999975","168","150","919","4595","44.99999999999975","169","150","905","4525","44.99999999999975","181","150","884","4420","44.99999999999975","200","150","903","4515","44.99999999999975","187","150","891","4455","44.99999999999975","200","150","884","4420","44.99999999999975","212"
,,,,,,"151","1082","5410","45.29999999999975","7","151","1070","5350","45.29999999999975","18","151","1055","5275","45.29999999999975","29","151","1048","5240","45.29999999999975","38","151","1040","5200","45.29999999999975","46","151","1033","5165","45.29999999999975","55","151","1020","5100","45.29999999999975","63","151","1013","5065","45.29999999999975","73","151","1005","5025","45.29999999999975","77","151","989","4945","45.29999999999975","87","151","986","4930","45.29999999999975","99","151","975","4875","45.29999999999975","99","151","964","4820","45.29999999999975","114","151","958","4790","45.29999999999975","123","151","947","4735","45.29999999999975","132","151","949","4745","45.29999999999975","140","151","933","4665","45.29999999999975","150","151","928","4640","45.29999999999975","159","151","910","4550","45.29999999999975","168","151","919","4595","45.29999999999975","169","151","906","4530","45.29999999999975","180","151","884","4420","45.29999999999975","200","151","904","4520","45.29999999999975","187","151","891","4455","45.29999999999975","200","151","884","4420","45.29999999999975","212"
,,,,,,"152","1082","5410","45.599999999999746","7","152","1070","5350","45.599999999999746","18","152","1056","5280","45.599999999999746","29","152","1049","5245","45.599999999999746","37","152","1040","5200","45.599999999999746","46","152","1035","5175","45.599999999999746","54","152","1021","5105","45.599999999999746","63","152","1013","5065","45.599999999999746","73","152","1005","5025","45.599999999999746","77","152","989","4945","45.599999999999746","87","152","986","4930","45.599999999999746","99","152","975","4875","45.599999999999746","99","152","964","4820","45.599999999999746","114","152","958","4790","45.599999999999746","123","152","947","4735","45.599999999999746","132","152","950","4750","45.599999999999746","139","152","933","4665","45.599999999999746","150","152","929","4645","45.599999999999746","159","152","911","4555","45.599999999999746","168","152","920","4600","45.599999999999746","167","152","908","4540","45.599999999999746","179","152","884","4420","45.599999999999746","200","152","904","4520","45.599999999999746","187","152","892","4460","45.599999999999746","198","152","886","4430","45.599999999999746","211"
,,,,,,"153","1082","5410","45.89999999999974","7","153","1071","5355","45.89999999999974","18","153","1056","5280","45.89999999999974","29","153","1049","5245","45.89999999999974","37","153","1040","5200","45.89999999999974","46","153","1035","5175","45.89999999999974","54","153","1022","5110","45.89999999999974","62","153","1015","5075","45.89999999999974","72","153","1005","5025","45.89999999999974","77","153","989","4945","45.89999999999974","87","153","986","4930","45.89999999999974","99","153","975","4875","45.89999999999974","99","153","964","4820","45.89999999999974","114","153","958","4790","45.89999999999974","123","153","949","4745","45.89999999999974","130","153","950","4750","45.89999999999974","139","153","934","4670","45.89999999999974","149","153","929","4645","45.89999999999974","159","153","913","4565","45.89999999999974","166","153","920","4600","45.89999999999974","167","153","908","4540","45.89999999999974","179","153","884","4420","45.89999999999974","200","153","904","4520","45.89999999999974","187","153","893","4465","45.89999999999974","198","153","887","4435","45.89999999999974","211"
,,,,,,"154","1082","5410","46.19999999999974","7","154","1071","5355","46.19999999999974","18","154","1056","5280","46.19999999999974","29","154","1049","5245","46.19999999999974","37","154","1040","5200","46.19999999999974","46","154","1035","5175","46.19999999999974","54","154","1022","5110","46.19999999999974","62","154","1016","5080","46.19999999999974","71","154","1005","5025","46.19999999999974","77","154","989","4945","46.19999999999974","87","154","986","4930","46.19999999999974","99","154","975","4875","46.19999999999974","99","154","965","4825","46.19999999999974","114","154","958","4790","46.19999999999974","123","154","950","4750","46.19999999999974","130","154","950","4750","46.19999999999974","139","154","934","4670","46.19999999999974","149","154","929","4645","46.19999999999974","159","154","915","4575","46.19999999999974","166","154","920","4600","46.19999999999974","167","154","908","4540","46.19999999999974","179","154","884","4420","46.19999999999974","200","154","904","4520","46.19999999999974","187","154","894","4470","46.19999999999974","198","154","887","4435","46.19999999999974","211"
,,,,,,"155","1082","5410","46.49999999999974","7","155","1071","5355","46.49999999999974","18","155","1056","5280","46.49999999999974","29","155","1049","5245","46.49999999999974","37","155","1040","5200","46.49999999999974","46","155","1035","5175","46.49999999999974","54","155","1022","5110","46.49999999999974","62","155","1016","5080","46.49999999999974","71","155","1006","5030","46.49999999999974","76","155","989","4945","46.49999999999974","87","155","987","4935","46.49999999999974","98","155","975","4875","46.49999999999974","99","155","965","4825","46.49999999999974","114","155","959","4795","46.49999999999974","123","155","950","4750","46.49999999999974","130","155","951","4755","46.49999999999974","138","155","936","4680","46.49999999999974","148","155","929","4645","46.49999999999974","159","155","916","4580","46.49999999999974","166","155","920","4600","46.49999999999974","167","155","908","4540","46.49999999999974","179","155","884","4420","46.49999999999974","200","155","904","4520","46.49999999999974","187","155","894","4470","46.49999999999974","198","155","888","4440","46.49999999999974","211"
,,,,,,"156","1082","5410","46.799999999999734","7","156","1071","5355","46.799999999999734","18","156","1056","5280","46.799999999999734","29","156","1049","5245","46.799999999999734","37","156","1040","5200","46.799999999999734","46","156","1036","5180","46.799999999999734","54","156","1022","5110","46.799999999999734","62","156","1016","5080","46.799999999999734","71","156","1006","5030","46.799999999999734","76","156","991","4955","46.799999999999734","86","156","987","4935","46.799999999999734","98","156","975","4875","46.799999999999734","99","156","965","4825","46.799999999999734","114","156","959","4795","46.799999999999734","123","156","950","4750","46.799999999999734","130","156","952","4760","46.799999999999734","137","156","936","4680","46.799999999999734","148","156","929","4645","46.799999999999734","159","156","916","4580","46.799999999999734","166","156","920","4600","46.799999999999734","167","156","908","4540","46.799999999999734","179","156","884","4420","46.799999999999734","200","156","904","4520","46.799999999999734","187","156","894","4470","46.799999999999734","198","156","888","4440","46.799999999999734","211"
,,,,,,"157","1082","5410","47.09999999999973","7","157","1071","5355","47.09999999999973","18","157","1056","5280","47.09999999999973","29","157","1049","5245","47.09999999999973","37","157","1040","5200","47.09999999999973","46","157","1036","5180","47.09999999999973","54","157","1022","5110","47.09999999999973","62","157","1016","5080","47.09999999999973","71","157","1006","5030","47.09999999999973","76","157","991","4955","47.09999999999973","86","157","988","4940","47.09999999999973","98","157","975","4875","47.09999999999973","99","157","965","4825","47.09999999999973","114","157","959","4795","47.09999999999973","123","157","950","4750","47.09999999999973","130","157","952","4760","47.09999999999973","137","157","937","4685","47.09999999999973","148","157","930","4650","47.09999999999973","159","157","916","4580","47.09999999999973","166","157","920","4600","47.09999999999973","167","157","908","4540","47.09999999999973","179","157","884","4420","47.09999999999973","200","157","904","4520","47.09999999999973","187","157","894","4470","47.09999999999973","198","157","888","4440","47.09999999999973","211"
,,,,,,"158","1082","5410","47.39999999999973","7","158","1071","5355","47.39999999999973","18","158","1056","5280","47.39999999999973","29","158","1049","5245","47.39999999999973","37","158","1040","5200","47.39999999999973","46","158","1036","5180","47.39999999999973","54","158","1023","5115","47.39999999999973","61","158","1016","5080","47.39999999999973","71","158","1006","5030","47.39999999999973","76","158","991","4955","47.39999999999973","86","158","988","4940","47.39999999999973","98","158","975","4875","47.39999999999973","99","158","965","4825","47.39999999999973","114","158","959","4795","47.39999999999973","123","158","950","4750","47.39999999999973","130","158","952","4760","47.39999999999973","137","158","937","4685","47.39999999999973","148","158","930","4650","47.39999999999973","159","158","919","4595","47.39999999999973","164","158","921","4605","47.39999999999973","166","158","908","4540","47.39999999999973","179","158","884","4420","47.39999999999973","200","158","906","4530","47.39999999999973","186","158","894","4470","47.39999999999973","198","158","888","4440","47.39999999999973","211"
,,,,,,"159","1082","5410","47.699999999999726","7","159","1071","5355","47.699999999999726","18","159","1056","5280","47.699999999999726","29","159","1049","5245","47.699999999999726","37","159","1040","5200","47.699999999999726","46","159","1036","5180","47.699999999999726","54","159","1023","5115","47.699999999999726","61","159","1016","5080","47.699999999999726","71","159","1006","5030","47.699999999999726","76","159","994","4970","47.699999999999726","85","159","988","4940","47.699999999999726","98","159","975","4875","47.699999999999726","99","159","966","4830","47.699999999999726","114","159","959","4795","47.699999999999726","123","159","950","4750","47.699999999999726","130","159","953","4765","47.699999999999726","136","159","938","4690","47.699999999999726","147","159","930","4650","47.699999999999726","159","159","921","4605","47.699999999999726","163","159","921","4605","47.699999999999726","166","159","908","4540","47.699999999999726","179","159","884","4420","47.699999999999726","200","159","906","4530","47.699999999999726","186","159","894","4470","47.699999999999726","198","159","889","4445","47.699999999999726","211"
,,,,,,"160","1082","5410","47.99999999999972","7","160","1071","5355","47.99999999999972","18","160","1056","5280","47.99999999999972","29","160","1049","5245","47.99999999999972","37","160","1041","5205","47.99999999999972","46","160","1036","5180","47.99999999999972","54","160","1023","5115","47.99999999999972","61","160","1018","5090","47.99999999999972","71","160","1006","5030","47.99999999999972","76","160","994","4970","47.99999999999972","85","160","988","4940","47.99999999999972","98","160","975","4875","47.99999999999972","99","160","966","4830","47.99999999999972","114","160","960","4800","47.99999999999972","122","160","950","4750","47.99999999999972","130","160","953","4765","47.99999999999972","136","160","939","4695","47.99999999999972","147","160","930","4650","47.99999999999972","159","160","922","4610","47.99999999999972","162","160","922","4610","47.99999999999972","165","160","909","4545","47.99999999999972","178","160","884","4420","47.99999999999972","200","160","907","4535","47.99999999999972","185","160","895","4475","47.99999999999972","197","160","889","4445","47.99999999999972","211"
,,,,,,"161","1082","5410","48.29999999999972","7","161","1071","5355","48.29999999999972","18","161","1056","5280","48.29999999999972","29","161","1049","5245","48.29999999999972","37","161","1041","5205","48.29999999999972","46","161","1036","5180","48.29999999999972","54","161","1024","5120","48.29999999999972","60","161","1018","5090","48.29999999999972","71","161","1006","5030","48.29999999999972","76","161","994","4970","48.29999999999972","85","161","988","4940","48.29999999999972","98","161","976","4880","48.29999999999972","99","161","966","4830","48.29999999999972","114","161","961","4805","48.29999999999972","121","161","950","4750","48.29999999999972","130","161","953","4765","48.29999999999972","136","161","939","4695","48.29999999999972","147","161","930","4650","48.29999999999972","159","161","922","4610","48.29999999999972","162","161","923","4615","48.29999999999972","165","161","909","4545","48.29999999999972","178","161","885","4425","48.29999999999972","199","161","907","4535","48.29999999999972","185","161","896","4480","48.29999999999972","197","161","889","4445","48.29999999999972","211"
,,,,,,"162","1082","5410","48.59999999999972","7","162","1071","5355","48.59999999999972","18","162","1056","5280","48.59999999999972","29","162","1049","5245","48.59999999999972","37","162","1041","5205","48.59999999999972","46","162","1036","5180","48.59999999999972","54","162","1024","5120","48.59999999999972","60","162","1018","5090","48.59999999999972","71","162","1006","5030","48.59999999999972","76","162","995","4975","48.59999999999972","84","162","988","4940","48.59999999999972","98","162","976","4880","48.59999999999972","99","162","966","4830","48.59999999999972","114","162","961","4805","48.59999999999972","121","162","950","4750","48.59999999999972","130","162","954","4770","48.59999999999972","134","162","941","4705","48.59999999999972","146","162","930","4650","48.59999999999972","159","162","922","4610","48.59999999999972","162","162","923","4615","48.59999999999972","165","162","909","4545","48.59999999999972","178","162","885","4425","48.59999999999972","199","162","907","4535","48.59999999999972","185","162","896","4480","48.59999999999972","197","162","891","4455","48.59999999999972","210"
,,,,,,"163","1082","5410","48.899999999999714","7","163","1071","5355","48.899999999999714","18","163","1056","5280","48.899999999999714","29","163","1049","5245","48.899999999999714","37","163","1041","5205","48.899999999999714","46","163","1036","5180","48.899999999999714","54","163","1025","5125","48.899999999999714","59","163","1018","5090","48.899999999999714","71","163","1006","5030","48.899999999999714","76","163","995","4975","48.899999999999714","84","163","988","4940","48.899999999999714","98","163","976","4880","48.899999999999714","99","163","967","4835","48.899999999999714","112","163","961","4805","48.899999999999714","121","163","951","4755","48.899999999999714","129","163","954","4770","48.899999999999714","134","163","941","4705","48.899999999999714","146","163","930","4650","48.899999999999714","159","163","922","4610","48.899999999999714","162","163","923","4615","48.899999999999714","165","163","909","4545","48.899999999999714","178","163","885","4425","48.899999999999714","199","163","907","4535","48.899999999999714","185","163","898","4490","48.899999999999714","195","163","892","4460","48.899999999999714","209"
,,,,,,"164","1082","5410","49.19999999999971","7","164","1071","5355","49.19999999999971","18","164","1057","5285","49.19999999999971","28","164","1049","5245","49.19999999999971","37","164","1042","5210","49.19999999999971","45","164","1036","5180","49.19999999999971","54","164","1025","5125","49.19999999999971","59","164","1018","5090","49.19999999999971","71","164","1007","5035","49.19999999999971","75","164","995","4975","49.19999999999971","84","164","988","4940","49.19999999999971","98","164","976","4880","49.19999999999971","99","164","969","4845","49.19999999999971","111","164","961","4805","49.19999999999971","121","164","951","4755","49.19999999999971","129","164","954","4770","49.19999999999971","134","164","942","4710","49.19999999999971","146","164","932","4660","49.19999999999971","159","164","924","4620","49.19999999999971","161","164","923","4615","49.19999999999971","165","164","909","4545","49.19999999999971","178","164","887","4435","49.19999999999971","197","164","908","4540","49.19999999999971","184","164","898","4490","49.19999999999971","195","164","892","4460","49.19999999999971","209"
,,,,,,"165","1082","5410","49.49999999999971","7","165","1071","5355","49.49999999999971","18","165","1057","5285","49.49999999999971","28","165","1049","5245","49.49999999999971","37","165","1043","5215","49.49999999999971","44","165","1036","5180","49.49999999999971","54","165","1025","5125","49.49999999999971","59","165","1018","5090","49.49999999999971","71","165","1007","5035","49.49999999999971","75","165","995","4975","49.49999999999971","84","165","988","4940","49.49999999999971","98","165","979","4895","49.49999999999971","96","165","969","4845","49.49999999999971","111","165","961","4805","49.49999999999971","121","165","951","4755","49.49999999999971","129","165","954","4770","49.49999999999971","134","165","942","4710","49.49999999999971","146","165","932","4660","49.49999999999971","159","165","924","4620","49.49999999999971","161","165","923","4615","49.49999999999971","165","165","909","4545","49.49999999999971","178","165","889","4445","49.49999999999971","196","165","908","4540","49.49999999999971","184","165","898","4490","49.49999999999971","195","165","892","4460","49.49999999999971","209"
,,,,,,"166","1082","5410","49.799999999999706","7","166","1071","5355","49.799999999999706","18","166","1057","5285","49.799999999999706","28","166","1049","5245","49.799999999999706","37","166","1043","5215","49.799999999999706","44","166","1036","5180","49.799999999999706","54","166","1025","5125","49.799999999999706","59","166","1018","5090","49.799999999999706","71","166","1007","5035","49.799999999999706","75","166","995","4975","49.799999999999706","84","166","988","4940","49.799999999999706","98","166","979","4895","49.799999999999706","96","166","970","4850","49.799999999999706","111","166","962","4810","49.799999999999706","120","166","951","4755","49.799999999999706","129","166","955","4775","49.799999999999706","133","166","942","4710","49.799999999999706","146","166","932","4660","49.799999999999706","159","166","924","4620","49.799999999999706","161","166","923","4615","49.799999999999706","165","166","909","4545","49.799999999999706","178","166","889","4445","49.799999999999706","196","166","908","4540","49.799999999999706","184","166","898","4490","49.799999999999706","195","166","892","4460","49.799999999999706","209"
,,,,,,"167","1082","5410","50.0999999999997","7","167","1071","5355","50.0999999999997","18","167","1057","5285","50.0999999999997","28","167","1049","5245","50.0999999999997","37","167","1043","5215","50.0999999999997","44","167","1036","5180","50.0999999999997","54","167","1025","5125","50.0999999999997","59","167","1018","5090","50.0999999999997","71","167","1007","5035","50.0999999999997","75","167","995","4975","50.0999999999997","84","167","988","4940","50.0999999999997","98","167","979","4895","50.0999999999997","96","167","970","4850","50.0999999999997","111","167","964","4820","50.0999999999997","119","167","953","4765","50.0999999999997","128","167","955","4775","50.0999999999997","133","167","942","4710","50.0999999999997","146","167","934","4670","50.0999999999997","158","167","924","4620","50.0999999999997","161","167","923","4615","50.0999999999997","165","167","909","4545","50.0999999999997","178","167","889","4445","50.0999999999997","196","167","908","4540","50.0999999999997","184","167","898","4490","50.0999999999997","195","167","894","4470","50.0999999999997","208"
,,,,,,"168","1082","5410","50.3999999999997","7","168","1071","5355","50.3999999999997","18","168","1057","5285","50.3999999999997","28","168","1049","5245","50.3999999999997","37","168","1043","5215","50.3999999999997","44","168","1038","5190","50.3999999999997","52","168","1026","5130","50.3999999999997","59","168","1019","5095","50.3999999999997","70","168","1007","5035","50.3999999999997","75","168","995","4975","50.3999999999997","84","168","988","4940","50.3999999999997","98","168","979","4895","50.3999999999997","96","168","970","4850","50.3999999999997","111","168","964","4820","50.3999999999997","119","168","953","4765","50.3999999999997","128","168","955","4775","50.3999999999997","133","168","942","4710","50.3999999999997","146","168","934","4670","50.3999999999997","158","168","924","4620","50.3999999999997","161","168","923","4615","50.3999999999997","165","168","909","4545","50.3999999999997","178","168","889","4445","50.3999999999997","196","168","908","4540","50.3999999999997","184","168","898","4490","50.3999999999997","195","168","895","4475","50.3999999999997","208"
,,,,,,"169","1082","5410","50.6999999999997","7","169","1071","5355","50.6999999999997","18","169","1057","5285","50.6999999999997","28","169","1049","5245","50.6999999999997","37","169","1043","5215","50.6999999999997","44","169","1038","5190","50.6999999999997","52","169","1026","5130","50.6999999999997","59","169","1019","5095","50.6999999999997","70","169","1007","5035","50.6999999999997","75","169","995","4975","50.6999999999997","84","169","988","4940","50.6999999999997","98","169","979","4895","50.6999999999997","96","169","971","4855","50.6999999999997","110","169","964","4820","50.6999999999997","119","169","953","4765","50.6999999999997","128","169","955","4775","50.6999999999997","133","169","942","4710","50.6999999999997","146","169","935","4675","50.6999999999997","158","169","924","4620","50.6999999999997","161","169","924","4620","50.6999999999997","165","169","909","4545","50.6999999999997","178","169","890","4450","50.6999999999997","195","169","908","4540","50.6999999999997","184","169","898","4490","50.6999999999997","195","169","895","4475","50.6999999999997","208"
,,,,,,"170","1082","5410","50.999999999999694","7","170","1071","5355","50.999999999999694","18","170","1057","5285","50.999999999999694","28","170","1049","5245","50.999999999999694","37","170","1043","5215","50.999999999999694","44","170","1038","5190","50.999999999999694","52","170","1026","5130","50.999999999999694","59","170","1019","5095","50.999999999999694","70","170","1007","5035","50.999999999999694","75","170","995","4975","50.999999999999694","84","170","988","4940","50.999999999999694","98","170","979","4895","50.999999999999694","96","170","971","4855","50.999999999999694","110","170","964","4820","50.999999999999694","119","170","953","4765","50.999999999999694","128","170","955","4775","50.999999999999694","133","170","943","4715","50.999999999999694","146","170","935","4675","50.999999999999694","158","170","924","4620","50.999999999999694","161","170","924","4620","50.999999999999694","165","170","909","4545","50.999999999999694","178","170","892","4460","50.999999999999694","195","170","908","4540","50.999999999999694","184","170","898","4490","50.999999999999694","195","170","896","4480","50.999999999999694","207"
,,,,,,"171","1082","5410","51.29999999999969","7","171","1071","5355","51.29999999999969","18","171","1057","5285","51.29999999999969","28","171","1049","5245","51.29999999999969","37","171","1043","5215","51.29999999999969","44","171","1038","5190","51.29999999999969","52","171","1027","5135","51.29999999999969","58","171","1019","5095","51.29999999999969","70","171","1007","5035","51.29999999999969","75","171","996","4980","51.29999999999969","83","171","988","4940","51.29999999999969","98","171","979","4895","51.29999999999969","96","171","971","4855","51.29999999999969","110","171","964","4820","51.29999999999969","119","171","953","4765","51.29999999999969","128","171","956","4780","51.29999999999969","131","171","943","4715","51.29999999999969","146","171","936","4680","51.29999999999969","157","171","924","4620","51.29999999999969","161","171","925","4625","51.29999999999969","165","171","909","4545","51.29999999999969","178","171","894","4470","51.29999999999969","193","171","909","4545","51.29999999999969","184","171","899","4495","51.29999999999969","194","171","896","4480","51.29999999999969","207"
,,,,,,"172","1082","5410","51.59999999999969","7","172","1071","5355","51.59999999999969","18","172","1057","5285","51.59999999999969","28","172","1049","5245","51.59999999999969","37","172","1043","5215","51.59999999999969","44","172","1038","5190","51.59999999999969","52","172","1027","5135","51.59999999999969","58","172","1020","5100","51.59999999999969","69","172","1007","5035","51.59999999999969","75","172","997","4985","51.59999999999969","83","172","988","4940","51.59999999999969","98","172","980","4900","51.59999999999969","96","172","971","4855","51.59999999999969","110","172","965","4825","51.59999999999969","119","172","953","4765","51.59999999999969","128","172","956","4780","51.59999999999969","131","172","943","4715","51.59999999999969","146","172","937","4685","51.59999999999969","156","172","924","4620","51.59999999999969","161","172","926","4630","51.59999999999969","164","172","909","4545","51.59999999999969","178","172","895","4475","51.59999999999969","193","172","909","4545","51.59999999999969","184","172","899","4495","51.59999999999969","194","172","896","4480","51.59999999999969","207"
,,,,,,"173","1082","5410","51.899999999999686","7","173","1071","5355","51.899999999999686","18","173","1057","5285","51.899999999999686","28","173","1049","5245","51.899999999999686","37","173","1043","5215","51.899999999999686","44","173","1038","5190","51.899999999999686","52","173","1027","5135","51.899999999999686","58","173","1020","5100","51.899999999999686","69","173","1007","5035","51.899999999999686","75","173","997","4985","51.899999999999686","83","173","988","4940","51.899999999999686","98","173","980","4900","51.899999999999686","96","173","972","4860","51.899999999999686","110","173","965","4825","51.899999999999686","119","173","953","4765","51.899999999999686","128","173","957","4785","51.899999999999686","131","173","944","4720","51.899999999999686","145","173","939","4695","51.899999999999686","154","173","925","4625","51.899999999999686","161","173","927","4635","51.899999999999686","163","173","910","4550","51.899999999999686","177","173","897","4485","51.899999999999686","191","173","909","4545","51.899999999999686","184","173","899","4495","51.899999999999686","194","173","896","4480","51.899999999999686","207"
,,,,,,"174","1082","5410","52.19999999999968","7","174","1071","5355","52.19999999999968","18","174","1057","5285","52.19999999999968","28","174","1049","5245","52.19999999999968","37","174","1043","5215","52.19999999999968","44","174","1039","5195","52.19999999999968","51","174","1027","5135","52.19999999999968","58","174","1020","5100","52.19999999999968","69","174","1007","5035","52.19999999999968","75","174","997","4985","52.19999999999968","83","174","988","4940","52.19999999999968","98","174","980","4900","52.19999999999968","96","174","972","4860","52.19999999999968","110","174","967","4835","52.19999999999968","119","174","954","4770","52.19999999999968","128","174","957","4785","52.19999999999968","131","174","946","4730","52.19999999999968","144","174","940","4700","52.19999999999968","154","174","925","4625","52.19999999999968","161","174","928","4640","52.19999999999968","163","174","910","4550","52.19999999999968","177","174","897","4485","52.19999999999968","191","174","909","4545","52.19999999999968","184","174","900","4500","52.19999999999968","194","174","897","4485","52.19999999999968","206"
,,,,,,"175","1082","5410","52.49999999999968","7","175","1072","5360","52.49999999999968","17","175","1057","5285","52.49999999999968","28","175","1049","5245","52.49999999999968","37","175","1043","5215","52.49999999999968","44","175","1039","5195","52.49999999999968","51","175","1027","5135","52.49999999999968","58","175","1020","5100","52.49999999999968","69","175","1007","5035","52.49999999999968","75","175","997","4985","52.49999999999968","83","175","988","4940","52.49999999999968","98","175","980","4900","52.49999999999968","96","175","974","4870","52.49999999999968","109","175","967","4835","52.49999999999968","119","175","955","4775","52.49999999999968","128","175","958","4790","52.49999999999968","131","175","946","4730","52.49999999999968","144","175","940","4700","52.49999999999968","154","175","927","4635","52.49999999999968","159","175","929","4645","52.49999999999968","162","175","911","4555","52.49999999999968","176","175","899","4495","52.49999999999968","189","175","909","4545","52.49999999999968","184","175","904","4520","52.49999999999968","193","175","897","4485","52.49999999999968","206"
,,,,,,"176","1082","5410","52.79999999999968","7","176","1072","5360","52.79999999999968","17","176","1058","5290","52.79999999999968","28","176","1049","5245","52.79999999999968","37","176","1043","5215","52.79999999999968","44","176","1039","5195","52.79999999999968","51","176","1027","5135","52.79999999999968","58","176","1021","5105","52.79999999999968","68","176","1007","5035","52.79999999999968","75","176","997","4985","52.79999999999968","83","176","988","4940","52.79999999999968","98","176","980","4900","52.79999999999968","96","176","974","4870","52.79999999999968","109","176","967","4835","52.79999999999968","119","176","955","4775","52.79999999999968","128","176","958","4790","52.79999999999968","131","176","946","4730","52.79999999999968","144","176","940","4700","52.79999999999968","154","176","928","4640","52.79999999999968","158","176","930","4650","52.79999999999968","162","176","911","4555","52.79999999999968","176","176","903","4515","52.79999999999968","186","176","909","4545","52.79999999999968","184","176","904","4520","52.79999999999968","193","176","897","4485","52.79999999999968","206"
,,,,,,"177","1082","5410","53.099999999999675","7","177","1072","5360","53.099999999999675","17","177","1058","5290","53.099999999999675","28","177","1049","5245","53.099999999999675","37","177","1043","5215","53.099999999999675","44","177","1039","5195","53.099999999999675","51","177","1027","5135","53.099999999999675","58","177","1021","5105","53.099999999999675","68","177","1007","5035","53.099999999999675","75","177","997","4985","53.099999999999675","83","177","988","4940","53.099999999999675","98","177","980","4900","53.099999999999675","96","177","976","4880","53.099999999999675","107","177","967","4835","53.099999999999675","119","177","955","4775","53.099999999999675","128","177","959","4795","53.099999999999675","130","177","946","4730","53.099999999999675","144","177","941","4705","53.099999999999675","153","177","928","4640","53.099999999999675","158","177","930","4650","53.099999999999675","162","177","913","4565","53.099999999999675","176","177","903","4515","53.099999999999675","186","177","909","4545","53.099999999999675","184","177","906","4530","53.099999999999675","191","177","897","4485","53.099999999999675","206"
,,,,,,"178","1082","5410","53.39999999999967","7","178","1072","5360","53.39999999999967","17","178","1058","5290","53.39999999999967","28","178","1049","5245","53.39999999999967","37","178","1043","5215","53.39999999999967","44","178","1040","5200","53.39999999999967","50","178","1027","5135","53.39999999999967","58","178","1021","5105","53.39999999999967","68","178","1007","5035","53.39999999999967","75","178","998","4990","53.39999999999967","83","178","989","4945","53.39999999999967","98","178","980","4900","53.39999999999967","96","178","976","4880","53.39999999999967","107","178","967","4835","53.39999999999967","119","178","955","4775","53.39999999999967","128","178","959","4795","53.39999999999967","130","178","947","4735","53.39999999999967","143","178","943","4715","53.39999999999967","153","178","929","4645","53.39999999999967","158","178","930","4650","53.39999999999967","162","178","913","4565","53.39999999999967","176","178","905","4525","53.39999999999967","185","178","909","4545","53.39999999999967","184","178","906","4530","53.39999999999967","191","178","898","4490","53.39999999999967","206"
,,,,,,"179","1082","5410","53.69999999999967","7","179","1072","5360","53.69999999999967","17","179","1058","5290","53.69999999999967","28","179","1049","5245","53.69999999999967","37","179","1043","5215","53.69999999999967","44","179","1041","5205","53.69999999999967","49","179","1027","5135","53.69999999999967","58","179","1021","5105","53.69999999999967","68","179","1008","5040","53.69999999999967","74","179","999","4995","53.69999999999967","83","179","989","4945","53.69999999999967","98","179","980","4900","53.69999999999967","96","179","977","4885","53.69999999999967","107","179","967","4835","53.69999999999967","119","179","955","4775","53.69999999999967","128","179","959","4795","53.69999999999967","130","179","948","4740","53.69999999999967","142","179","943","4715","53.69999999999967","153","179","929","4645","53.69999999999967","158","179","931","4655","53.69999999999967","161","179","914","4570","53.69999999999967","176","179","907","4535","53.69999999999967","183","179","911","4555","53.69999999999967","183","179","906","4530","53.69999999999967","191","179","899","4495","53.69999999999967","205"
,,,,,,"180","1082","5410","53.999999999999666","7","180","1072","5360","53.999999999999666","17","180","1058","5290","53.999999999999666","28","180","1049","5245","53.999999999999666","37","180","1043","5215","53.999999999999666","44","180","1041","5205","53.999999999999666","49","180","1027","5135","53.999999999999666","58","180","1021","5105","53.999999999999666","68","180","1010","5050","53.999999999999666","74","180","999","4995","53.999999999999666","83","180","989","4945","53.999999999999666","98","180","980","4900","53.999999999999666","96","180","977","4885","53.999999999999666","107","180","968","4840","53.999999999999666","118","180","958","4790","53.999999999999666","126","180","960","4800","53.999999999999666","129","180","948","4740","53.999999999999666","142","180","943","4715","53.999999999999666","153","180","929","4645","53.999999999999666","158","180","932","4660","53.999999999999666","161","180","915","4575","53.999999999999666","175","180","907","4535","53.999999999999666","183","180","911","4555","53.999999999999666","183","180","906","4530","53.999999999999666","191","180","901","4505","53.999999999999666","204"
,,,,,,"181","1082","5410","54.29999999999966","7","181","1072","5360","54.29999999999966","17","181","1058","5290","54.29999999999966","28","181","1049","5245","54.29999999999966","37","181","1043","5215","54.29999999999966","44","181","1041","5205","54.29999999999966","49","181","1028","5140","54.29999999999966","58","181","1022","5110","54.29999999999966","67","181","1010","5050","54.29999999999966","74","181","999","4995","54.29999999999966","83","181","989","4945","54.29999999999966","98","181","980","4900","54.29999999999966","96","181","979","4895","54.29999999999966","105","181","968","4840","54.29999999999966","118","181","959","4795","54.29999999999966","126","181","961","4805","54.29999999999966","129","181","948","4740","54.29999999999966","142","181","943","4715","54.29999999999966","153","181","930","4650","54.29999999999966","157","181","933","4665","54.29999999999966","161","181","918","4590","54.29999999999966","174","181","908","4540","54.29999999999966","183","181","911","4555","54.29999999999966","183","181","906","4530","54.29999999999966","191","181","902","4510","54.29999999999966","204"
,,,,,,"182","1082","5410","54.59999999999966","7","182","1072","5360","54.59999999999966","17","182","1058","5290","54.59999999999966","28","182","1049","5245","54.59999999999966","37","182","1043","5215","54.59999999999966","44","182","1041","5205","54.59999999999966","49","182","1028","5140","54.59999999999966","58","182","1022","5110","54.59999999999966","67","182","1010","5050","54.59999999999966","74","182","999","4995","54.59999999999966","83","182","989","4945","54.59999999999966","98","182","981","4905","54.59999999999966","96","182","979","4895","54.59999999999966","105","182","969","4845","54.59999999999966","117","182","960","4800","54.59999999999966","124","182","961","4805","54.59999999999966","129","182","948","4740","54.59999999999966","142","182","944","4720","54.59999999999966","153","182","932","4660","54.59999999999966","156","182","933","4665","54.59999999999966","161","182","918","4590","54.59999999999966","174","182","908","4540","54.59999999999966","183","182","912","4560","54.59999999999966","182","182","906","4530","54.59999999999966","191","182","904","4520","54.59999999999966","202"
,,,,,,"183","1082","5410","54.89999999999966","7","183","1072","5360","54.89999999999966","17","183","1058","5290","54.89999999999966","28","183","1050","5250","54.89999999999966","37","183","1043","5215","54.89999999999966","44","183","1041","5205","54.89999999999966","49","183","1028","5140","54.89999999999966","58","183","1022","5110","54.89999999999966","67","183","1010","5050","54.89999999999966","74","183","1000","5000","54.89999999999966","82","183","989","4945","54.89999999999966","98","183","981","4905","54.89999999999966","96","183","980","4900","54.89999999999966","104","183","969","4845","54.89999999999966","117","183","961","4805","54.89999999999966","123","183","962","4810","54.89999999999966","128","183","948","4740","54.89999999999966","142","183","945","4725","54.89999999999966","152","183","933","4665","54.89999999999966","156","183","933","4665","54.89999999999966","161","183","918","4590","54.89999999999966","174","183","909","4545","54.89999999999966","182","183","913","4565","54.89999999999966","182","183","906","4530","54.89999999999966","191","183","904","4520","54.89999999999966","202"
,,,,,,"184","1082","5410","55.199999999999655","7","184","1072","5360","55.199999999999655","17","184","1058","5290","55.199999999999655","28","184","1050","5250","55.199999999999655","37","184","1043","5215","55.199999999999655","44","184","1041","5205","55.199999999999655","49","184","1028","5140","55.199999999999655","58","184","1022","5110","55.199999999999655","67","184","1011","5055","55.199999999999655","74","184","1001","5005","55.199999999999655","82","184","989","4945","55.199999999999655","98","184","981","4905","55.199999999999655","96","184","980","4900","55.199999999999655","104","184","970","4850","55.199999999999655","116","184","961","4805","55.199999999999655","123","184","962","4810","55.199999999999655","128","184","949","4745","55.199999999999655","141","184","946","4730","55.199999999999655","152","184","933","4665","55.199999999999655","156","184","934","4670","55.199999999999655","160","184","919","4595","55.199999999999655","173","184","910","4550","55.199999999999655","181","184","914","4570","55.199999999999655","181","184","906","4530","55.199999999999655","191","184","904","4520","55.199999999999655","202"
,,,,,,"185","1082","5410","55.49999999999965","7","185","1072","5360","55.49999999999965","17","185","1058","5290","55.49999999999965","28","185","1050","5250","55.49999999999965","37","185","1043","5215","55.49999999999965","44","185","1041","5205","55.49999999999965","49","185","1028","5140","55.49999999999965","58","185","1022","5110","55.49999999999965","67","185","1011","5055","55.49999999999965","74","185","1002","5010","55.49999999999965","82","185","989","4945","55.49999999999965","98","185","981","4905","55.49999999999965","96","185","980","4900","55.49999999999965","104","185","971","4855","55.49999999999965","116","185","961","4805","55.49999999999965","123","185","962","4810","55.49999999999965","128","185","950","4750","55.49999999999965","140","185","946","4730","55.49999999999965","152","185","934","4670","55.49999999999965","156","185","934","4670","55.49999999999965","160","185","919","4595","55.49999999999965","173","185","910","4550","55.49999999999965","181","185","914","4570","55.49999999999965","181","185","906","4530","55.49999999999965","191","185","904","4520","55.49999999999965","202"
,,,,,,"186","1082","5410","55.79999999999965","7","186","1072","5360","55.79999999999965","17","186","1058","5290","55.79999999999965","28","186","1050","5250","55.79999999999965","37","186","1044","5220","55.79999999999965","43","186","1041","5205","55.79999999999965","49","186","1030","5150","55.79999999999965","58","186","1022","5110","55.79999999999965","67","186","1011","5055","55.79999999999965","74","186","1003","5015","55.79999999999965","81","186","990","4950","55.79999999999965","98","186","981","4905","55.79999999999965","96","186","980","4900","55.79999999999965","104","186","971","4855","55.79999999999965","116","186","961","4805","55.79999999999965","123","186","964","4820","55.79999999999965","128","186","950","4750","55.79999999999965","140","186","946","4730","55.79999999999965","152","186","936","4680","55.79999999999965","154","186","934","4670","55.79999999999965","160","186","919","4595","55.79999999999965","173","186","910","4550","55.79999999999965","181","186","914","4570","55.79999999999965","181","186","906","4530","55.79999999999965","191","186","904","4520","55.79999999999965","202"
,,,,,,"187","1082","5410","56.099999999999646","7","187","1072","5360","56.099999999999646","17","187","1058","5290","56.099999999999646","28","187","1050","5250","56.099999999999646","37","187","1045","5225","56.099999999999646","43","187","1042","5210","56.099999999999646","48","187","1030","5150","56.099999999999646","58","187","1022","5110","56.099999999999646","67","187","1011","5055","56.099999999999646","74","187","1003","5015","56.099999999999646","81","187","990","4950","56.099999999999646","98","187","981","4905","56.099999999999646","96","187","981","4905","56.099999999999646","104","187","972","4860","56.099999999999646","115","187","961","4805","56.099999999999646","123","187","965","4825","56.099999999999646","127","187","950","4750","56.099999999999646","140","187","946","4730","56.099999999999646","152","187","936","4680","56.099999999999646","154","187","936","4680","56.099999999999646","159","187","919","4595","56.099999999999646","173","187","911","4555","56.099999999999646","180","187","915","4575","56.099999999999646","180","187","906","4530","56.099999999999646","191","187","905","4525","56.099999999999646","202"
,,,,,,"188","1082","5410","56.39999999999964","7","188","1072","5360","56.39999999999964","17","188","1058","5290","56.39999999999964","28","188","1050","5250","56.39999999999964","37","188","1045","5225","56.39999999999964","43","188","1042","5210","56.39999999999964","48","188","1030","5150","56.39999999999964","58","188","1023","5115","56.39999999999964","66","188","1011","5055","56.39999999999964","74","188","1004","5020","56.39999999999964","81","188","990","4950","56.39999999999964","98","188","981","4905","56.39999999999964","96","188","983","4915","56.39999999999964","104","188","972","4860","56.39999999999964","115","188","962","4810","56.39999999999964","122","188","966","4830","56.39999999999964","126","188","951","4755","56.39999999999964","139","188","946","4730","56.39999999999964","152","188","936","4680","56.39999999999964","154","188","937","4685","56.39999999999964","158","188","919","4595","56.39999999999964","173","188","912","4560","56.39999999999964","179","188","916","4580","56.39999999999964","179","188","907","4535","56.39999999999964","190","188","905","4525","56.39999999999964","202"
,,,,,,"189","1082","5410","56.69999999999964","7","189","1072","5360","56.69999999999964","17","189","1058","5290","56.69999999999964","28","189","1050","5250","56.69999999999964","37","189","1045","5225","56.69999999999964","43","189","1042","5210","56.69999999999964","48","189","1030","5150","56.69999999999964","58","189","1023","5115","56.69999999999964","66","189","1012","5060","56.69999999999964","73","189","1004","5020","56.69999999999964","81","189","990","4950","56.69999999999964","98","189","981","4905","56.69999999999964","96","189","983","4915","56.69999999999964","104","189","973","4865","56.69999999999964","114","189","962","4810","56.69999999999964","122","189","966","4830","56.69999999999964","126","189","952","4760","56.69999999999964","138","189","946","4730","56.69999999999964","152","189","936","4680","56.69999999999964","154","189","937","4685","56.69999999999964","158","189","919","4595","56.69999999999964","173","189","912","4560","56.69999999999964","179","189","917","4585","56.69999999999964","179","189","907","4535","56.69999999999964","190","189","906","4530","56.69999999999964","200"
,,,,,,"190","1082","5410","56.99999999999964","7","190","1072","5360","56.99999999999964","17","190","1058","5290","56.99999999999964","28","190","1050","5250","56.99999999999964","37","190","1045","5225","56.99999999999964","43","190","1043","5215","56.99999999999964","47","190","1031","5155","56.99999999999964","57","190","1023","5115","56.99999999999964","66","190","1013","5065","56.99999999999964","73","190","1004","5020","56.99999999999964","81","190","991","4955","56.99999999999964","97","190","982","4910","56.99999999999964","96","190","983","4915","56.99999999999964","104","190","973","4865","56.99999999999964","114","190","962","4810","56.99999999999964","122","190","966","4830","56.99999999999964","126","190","953","4765","56.99999999999964","136","190","946","4730","56.99999999999964","152","190","936","4680","56.99999999999964","154","190","937","4685","56.99999999999964","158","190","921","4605","56.99999999999964","171","190","912","4560","56.99999999999964","179","190","918","4590","56.99999999999964","177","190","908","4540","56.99999999999964","189","190","906","4530","56.99999999999964","200"
,,,,,,"191","1082","5410","57.299999999999635","7","191","1072","5360","57.299999999999635","17","191","1058","5290","57.299999999999635","28","191","1050","5250","57.299999999999635","37","191","1045","5225","57.299999999999635","43","191","1043","5215","57.299999999999635","47","191","1032","5160","57.299999999999635","56","191","1023","5115","57.299999999999635","66","191","1013","5065","57.299999999999635","73","191","1004","5020","57.299999999999635","81","191","991","4955","57.299999999999635","97","191","983","4915","57.299999999999635","96","191","984","4920","57.299999999999635","103","191","973","4865","57.299999999999635","114","191","963","4815","57.299999999999635","121","191","966","4830","57.299999999999635","126","191","954","4770","57.299999999999635","135","191","946","4730","57.299999999999635","152","191","937","4685","57.299999999999635","154","191","938","4690","57.299999999999635","157","191","921","4605","57.299999999999635","171","191","912","4560","57.299999999999635","179","191","920","4600","57.299999999999635","175","191","909","4545","57.299999999999635","188","191","906","4530","57.299999999999635","200"
,,,,,,"192","1082","5410","57.59999999999963","7","192","1072","5360","57.59999999999963","17","192","1058","5290","57.59999999999963","28","192","1050","5250","57.59999999999963","37","192","1046","5230","57.59999999999963","42","192","1043","5215","57.59999999999963","47","192","1032","5160","57.59999999999963","56","192","1024","5120","57.59999999999963","65","192","1013","5065","57.59999999999963","73","192","1004","5020","57.59999999999963","81","192","992","4960","57.59999999999963","96","192","983","4915","57.59999999999963","96","192","984","4920","57.59999999999963","103","192","973","4865","57.59999999999963","114","192","966","4830","57.59999999999963","120","192","966","4830","57.59999999999963","126","192","955","4775","57.59999999999963","135","192","946","4730","57.59999999999963","152","192","937","4685","57.59999999999963","154","192","939","4695","57.59999999999963","157","192","922","4610","57.59999999999963","171","192","912","4560","57.59999999999963","179","192","920","4600","57.59999999999963","175","192","910","4550","57.59999999999963","187","192","906","4530","57.59999999999963","200"
,,,,,,"193","1082","5410","57.89999999999963","7","193","1072","5360","57.89999999999963","17","193","1058","5290","57.89999999999963","28","193","1050","5250","57.89999999999963","37","193","1046","5230","57.89999999999963","42","193","1044","5220","57.89999999999963","46","193","1033","5165","57.89999999999963","56","193","1026","5130","57.89999999999963","64","193","1013","5065","57.89999999999963","73","193","1004","5020","57.89999999999963","81","193","993","4965","57.89999999999963","95","193","984","4920","57.89999999999963","95","193","984","4920","57.89999999999963","103","193","973","4865","57.89999999999963","114","193","966","4830","57.89999999999963","120","193","966","4830","57.89999999999963","126","193","955","4775","57.89999999999963","135","193","946","4730","57.89999999999963","152","193","939","4695","57.89999999999963","154","193","939","4695","57.89999999999963","157","193","924","4620","57.89999999999963","171","193","912","4560","57.89999999999963","179","193","921","4605","57.89999999999963","174","193","910","4550","57.89999999999963","187","193","906","4530","57.89999999999963","200"
,,,,,,"194","1082","5410","58.199999999999626","7","194","1072","5360","58.199999999999626","17","194","1058","5290","58.199999999999626","28","194","1050","5250","58.199999999999626","37","194","1046","5230","58.199999999999626","42","194","1044","5220","58.199999999999626","46","194","1033","5165","58.199999999999626","56","194","1026","5130","58.199999999999626","64","194","1014","5070","58.199999999999626","72","194","1004","5020","58.199999999999626","81","194","993","4965","58.199999999999626","95","194","984","4920","58.199999999999626","95","194","984","4920","58.199999999999626","103","194","974","4870","58.199999999999626","114","194","967","4835","58.199999999999626","119","194","968","4840","58.199999999999626","125","194","956","4780","58.199999999999626","134","194","946","4730","58.199999999999626","152","194","939","4695","58.199999999999626","154","194","940","4700","58.199999999999626","156","194","924","4620","58.199999999999626","171","194","913","4565","58.199999999999626","179","194","921","4605","58.199999999999626","174","194","910","4550","58.199999999999626","187","194","906","4530","58.199999999999626","200"
,,,,,,"195","1082","5410","58.49999999999962","7","195","1072","5360","58.49999999999962","17","195","1058","5290","58.49999999999962","28","195","1050","5250","58.49999999999962","37","195","1046","5230","58.49999999999962","42","195","1044","5220","58.49999999999962","46","195","1033","5165","58.49999999999962","56","195","1027","5135","58.49999999999962","64","195","1014","5070","58.49999999999962","72","195","1005","5025","58.49999999999962","80","195","993","4965","58.49999999999962","95","195","984","4920","58.49999999999962","95","195","985","4925","58.49999999999962","102","195","974","4870","58.49999999999962","114","195","968","4840","58.49999999999962","118","195","968","4840","58.49999999999962","125","195","956","4780","58.49999999999962","134","195","946","4730","58.49999999999962","152","195","940","4700","58.49999999999962","153","195","940","4700","58.49999999999962","156","195","924","4620","58.49999999999962","171","195","913","4565","58.49999999999962","179","195","921","4605","58.49999999999962","174","195","910","4550","58.49999999999962","187","195","906","4530","58.49999999999962","200"
,,,,,,"196","1082","5410","58.79999999999962","7","196","1072","5360","58.79999999999962","17","196","1058","5290","58.79999999999962","28","196","1050","5250","58.79999999999962","37","196","1046","5230","58.79999999999962","42","196","1044","5220","58.79999999999962","46","196","1033","5165","58.79999999999962","56","196","1027","5135","58.79999999999962","64","196","1014","5070","58.79999999999962","72","196","1005","5025","58.79999999999962","80","196","993","4965","58.79999999999962","95","196","984","4920","58.79999999999962","95","196","985","4925","58.79999999999962","102","196","977","4885","58.79999999999962","113","196","969","4845","58.79999999999962","117","196","968","4840","58.79999999999962","125","196","956","4780","58.79999999999962","134","196","946","4730","58.79999999999962","152","196","941","4705","58.79999999999962","153","196","940","4700","58.79999999999962","156","196","925","4625","58.79999999999962","171","196","913","4565","58.79999999999962","179","196","923","4615","58.79999999999962","174","196","910","4550","58.79999999999962","187","196","907","4535","58.79999999999962","199"
,,,,,,"197","1082","5410","59.09999999999962","7","197","1073","5365","59.09999999999962","16","197","1058","5290","59.09999999999962","28","197","1050","5250","59.09999999999962","37","197","1047","5235","59.09999999999962","41","197","1044","5220","59.09999999999962","46","197","1033","5165","59.09999999999962","56","197","1028","5140","59.09999999999962","64","197","1015","5075","59.09999999999962","72","197","1005","5025","59.09999999999962","80","197","993","4965","59.09999999999962","95","197","984","4920","59.09999999999962","95","197","985","4925","59.09999999999962","102","197","977","4885","59.09999999999962","113","197","970","4850","59.09999999999962","117","197","968","4840","59.09999999999962","125","197","956","4780","59.09999999999962","134","197","947","4735","59.09999999999962","151","197","941","4705","59.09999999999962","153","197","940","4700","59.09999999999962","156","197","925","4625","59.09999999999962","171","197","913","4565","59.09999999999962","179","197","924","4620","59.09999999999962","174","197","912","4560","59.09999999999962","186","197","907","4535","59.09999999999962","199"
,,,,,,"198","1082","5410","59.399999999999615","7","198","1073","5365","59.399999999999615","16","198","1058","5290","59.399999999999615","28","198","1050","5250","59.399999999999615","37","198","1048","5240","59.399999999999615","40","198","1044","5220","59.399999999999615","46","198","1033","5165","59.399999999999615","56","198","1028","5140","59.399999999999615","64","198","1016","5080","59.399999999999615","72","198","1006","5030","59.399999999999615","79","198","993","4965","59.399999999999615","95","198","985","4925","59.399999999999615","95","198","986","4930","59.399999999999615","100","198","978","4890","59.399999999999615","112","198","970","4850","59.399999999999615","117","198","968","4840","59.399999999999615","125","198","957","4785","59.399999999999615","133","198","948","4740","59.399999999999615","150","198","942","4710","59.399999999999615","152","198","940","4700","59.399999999999615","156","198","925","4625","59.399999999999615","171","198","915","4575","59.399999999999615","177","198","924","4620","59.399999999999615","174","198","914","4570","59.399999999999615","185","198","907","4535","59.399999999999615","199"
,,,,,,"199","1082","5410","59.69999999999961","7","199","1073","5365","59.69999999999961","16","199","1058","5290","59.69999999999961","28","199","1050","5250","59.69999999999961","37","199","1048","5240","59.69999999999961","40","199","1044","5220","59.69999999999961","46","199","1033","5165","59.69999999999961","56","199","1029","5145","59.69999999999961","64","199","1016","5080","59.69999999999961","72","199","1006","5030","59.69999999999961","79","199","993","4965","59.69999999999961","95","199","985","4925","59.69999999999961","95","199","988","4940","59.69999999999961","98","199","979","4895","59.69999999999961","112","199","970","4850","59.69999999999961","117","199","968","4840","59.69999999999961","125","199","957","4785","59.69999999999961","133","199","948","4740","59.69999999999961","150","199","942","4710","59.69999999999961","152","199","940","4700","59.69999999999961","156","199","925","4625","59.69999999999961","171","199","916","4580","59.69999999999961","176","199","924","4620","59.69999999999961","174","199","914","4570","59.69999999999961","185","199","907","4535","59.69999999999961","199"
,,,,,,"200","1082","5410","59.99999999999961","7","200","1073","5365","59.99999999999961","16","200","1058","5290","59.99999999999961","28","200","1050","5250","59.99999999999961","37","200","1048","5240","59.99999999999961","40","200","1044","5220","59.99999999999961","46","200","1033","5165","59.99999999999961","56","200","1029","5145","59.99999999999961","64","200","1016","5080","59.99999999999961","72","200","1006","5030","59.99999999999961","79","200","994","4970","59.99999999999961","94","200","985","4925","59.99999999999961","95","200","989","4945","59.99999999999961","98","200","979","4895","59.99999999999961","112","200","970","4850","59.99999999999961","117","200","968","4840","59.99999999999961","125","200","957","4785","59.99999999999961","133","200","950","4750","59.99999999999961","148","200","942","4710","59.99999999999961","152","200","940","4700","59.99999999999961","156","200","925","4625","59.99999999999961","171","200","917","4585","59.99999999999961","175","200","924","4620","59.99999999999961","174","200","915","4575","59.99999999999961","185","200","907","4535","59.99999999999961","199"
